key_mlbam,key_retro,key_bbref
430911,aardd001,aardsda01
110001,aaroh101,aaronha01
110002,aarot101,aaronto01
110003,aased001,aasedo01
407577,abada001,abadan01
472551,abadf001,abadfe01
110004,abadj101,abadijo01
110005,abbae101,abbated01
110006,abbeb101,abbeybe01
110007,abbec101,abbeych01
671096,abboa001,abbotan01
676265,abboc001,abbotco01
110013,abbod101,abbotda01
110008,abbof101,abbotfr01
110016,abbog001,abbotgl01
110009,abboj001,abbotji01
110010,abboj002,abbotje01
820780,abboj101,
110012,abbok001,abbotky01
110011,abbok002,abbotku01
110014,abboo101,abbotod01
110015,abbop001,abbotpa01
,abbos801,
690953,abelm001,abelmi01
110017,abera101,aberal01
150466,aberb001,abernbr01
110019,aberb101,abernbi01
110023,aberc101,aberscl01
110018,aberd101,abercda01
430631,aberr001,abercre01
820781,aberr101,abernja01
110021,abert101,abernte02
110020,abert102,abernte01
110022,aberw101,abernwo01
110024,ableh101,ablesha01
691769,abnep001,abnerph01
110025,abnes001,abnersh01
682928,abrac001,abramcj01
110026,abrac101,abramca01
110027,abrag101,abramge01
656061,abrea001,abreual01
110029,abreb001,abreubo01
650556,abreb002,abreubr01
820777,abree101,abreueu01
467728,abree801,
110028,abrej001,abregjo01
444874,abrej002,abreuju01
547989,abrej003,abreujo02
110030,abrej101,abreujo01
820775,abrej102,
473234,abret001,abreuto01
275700,abrew001,abreuwi01
677800,abrew002,abreuwi02
110031,abstb101,abstebi01
435618,accaj001,accarje01
820771,aceau101,
469686,aceva001,aceveal01
642758,acevd001,acevedo01
110032,acevj001,aceveju01
406895,acevj002,acevejo01
592091,achta001,achteaj01
110033,ackej001,ackerji01
110034,acket101,ackerto01
554429,ackld001,ackledu01
110035,acklf101,acklefr01
,acklt901,
110037,acosc101,acostcy01
110038,acose101,acosted01
110039,acosj101,acostjo01
407924,acosm001,acostma01
691185,acosm002,acostma02
110036,acosm101,acostme01
,acoso801,
110040,acrem001,acrema01
427000,actam801,actama99
670183,actog001,actonga01
682668,acunl001,acunajo01
660670,acunr001,acunaro01
492614,adaib801,adairbi99
110042,adaij101,adairje01
110041,adaij102,adairji01
547748,adair801,
542866,adama001,adamsau01
613534,adama002,adamsau02
110043,adama101,adamsac01
110048,adamb101,adamsbu01
110061,adamb102,adamsbo02
110063,adamb103,adamsbo03
110044,adamb104,adamsba01
110064,adamb105,adamsbo04
110055,adamb106,adamsbe01
110062,adamb107,adamsbo01
542436,adamc001,adamecr01
664856,adamc002,adamsch01
,adamc901,
458691,adamd001,adamsda02
110051,adamd101,adamsdo01
110059,adamd102,adamsdi01
110046,adamd103,adamsda01
820766,adame101,adamsem01
110050,adamg101,adamsgl01
110049,adamg102,adamsge01
110052,adamh101,adamshe01
110069,adamj001,adamsjo02
592094,adamj002,adamja01
677941,adamj003,adamsjo03
110054,adamj101,adamsji01
110056,adamj102,adamsjo01
,adamj901,
110057,adamk101,adamska01
572669,adaml001,adamsla01
430606,adamm001,adamsmi03
571431,adamm002,adamsma01
110070,adamm101,adamsmi01
110065,adamm102,adamsmi02
110060,adamr001,adamsri02
425859,adamr002,adamsru01
502031,adamr003,adamsry01
656180,adamr004,adamsri03
110045,adamr101,adamsre01
110058,adamr102,adamsri01
110047,adams101,adamssp01
110066,adams102,adamssp02
110067,adamt001,adamste01
701519,adamt002,adamstr01
820763,adamu101,adams05
110068,adamw001,adamswi02
642715,adamw002,adamewi01
110053,adamw101,adamswi01
110071,adcoj101,adcocjo01
502264,adcon001,adcocna01
686654,adcot001,adcocty01
110072,addib101,addisbo01
596809,addir901,
110073,adduj001,adducji01
451192,adduj002,adducji02
110074,addyb101,addybo01
666176,adelj001,adelljo01
444440,adenn001,adenhni01
110075,aderm101,aderhmo01
110079,adkid101,adkindi01
110078,adkid102,adkindo01
110077,adkid103,adkinde01
110076,adkig101,adkingr01
110081,adkih101,adkinhe01
424668,adkij001,adkinjo01
110080,adkis001,adkinst01
110082,adled101,adlesda01
534947,adlet001,adlemti01
,adleu901,
672851,adonj001,adonjo01
501303,adrie001,adriaeh01
110083,afent001,afenitr01
346793,affej001,affelje01
133742,agbab001,agbaybe01
110084,ageet101,ageeto01
110085,aggah101,agganha01
110086,aglej101,aglerjo01
110087,agnes101,agnewsa01
688642,agnoz001,agnosza01
110088,agosj001,agostju01
642607,agrad001,agrazda01
110089,agual001,aguaylu01
430894,aguic001,aguilch01
110091,aguih101,aguirha01
542583,aguij001,aguilje01
687924,aguij002,aguiaju01
620396,aguim001,aguilmi01
110090,aguir001,aguilri01
666922,aguir002,aguilry01
,aguir101,
110092,aheac101,ahearch01
110093,aheap001,ahearpa01
605113,ahmen001,ahmedni01
110094,aikew001,aikenwi01
110095,aingd101,aingeda01
110096,ainse101,ainsmed01
215128,ainsk001,ainswku01
110097,aitcr101,aitchra01
110098,aitog101,aitonge01
110099,ake-j101,akejo01
110103,akerb101,akersbi01
110101,akerd001,akerfda01
110102,akerj101,akersje01
110100,akerj102,akerja01
669211,akink001,akinke01
673451,akiys001,akiyash01
595798,alanr001,alanirj01
110104,albag001,albagi01
452293,albaj001,albaljo01
110105,albaj101,albanjo01
452027,albea001,alberan01
110108,albeb101,alberbu01
110109,albec101,albercy01
503360,albec801,albercr99
110107,albeg101,albergu01
593643,albeh001,alberha01
110106,albej001,alberjo01
820755,albej101,alberjo02
,albej102,
527982,albej801,
458006,albem001,alberma01
645277,albio001,albieoz01
110110,alboe101,albosed01
820757,albra101,albrial01
110111,albre101,albreed01
110112,albrj101,albrija01
820756,albrt101,albrith01
456379,albua001,albural01
110113,albuv101,alburvi01
570489,alcaa001,alcanar01
150161,alcai001,alcanis01
660896,alcaj001,alcaljo01
682634,alcak001,alcanke01
110115,alcal101,alcarlu01
593417,alcar001,alcanra01
645261,alcas001,alcansa01
642727,alcas002,alcanse01
110114,alcas101,alcalsa01
622505,alcav001,alcanvi01
110116,alcos101,alcocsc01
110117,alded101,alderda01
691951,aldes001,aldegsa01
400139,aldrc001,aldrico01
110120,aldrj001,aldrija01
110119,aldrm001,aldremi01
110118,aldrs001,aldresc01
110121,aldrv101,aldrivi01
,alejb801,
110122,alenc101,alenoch01
669935,alexa001,alexyaj01
677942,alexb001,alexabl01
110131,alexb101,alexabo01
820748,alexb102,alexabu01
680769,alexc001,alexacj01
820744,alexc101,alexach01
110124,alexd001,alexado01
110123,alexd101,alexada01
110126,alexg001,alexage01
110125,alexg101,alexaga01
110127,alexg102,alexape01
110128,alexh101,alexahu01
669920,alexj001,alexaja01
820746,alexk101,alexako01
110129,alexm001,alexama02
110130,alexm101,alexama01
110133,alexn101,alexani01
518397,alexs001,alexasc02
820745,alexs101,alexasp01
641302,alext001,alexaty01
820743,alext101,alexate01
110132,alexw101,alexawa01
430898,alfaj001,alfarja01
595751,alfaj002,alfarjo01
110134,alfoa001,alfonan01
546990,alfoa002,alforan01
820739,alfoa101,alfonan02
429661,alfoc801,
110135,alfoe001,alfoned01
425769,alfoe002,alfonel01
503062,alguj801,
110136,alicl001,alicelu01
110137,allaa001,allanan01
110138,allab101,allarbr01
,allab102,
663465,allak001,allarko01
682027,alldc001,alldrca01
664119,allea001,allenau01
820738,allea101,allenal01
450315,alleb001,allenbr01
110161,alleb101,allenbo04
110159,alleb102,allenbo03
110160,alleb103,allenbo01
110158,alleb104,allenbo02
110140,alleb105,allenbe01
820735,alleb106,allenbu01
150210,allec001,allench01
592102,allec002,allenco01
820737,allec101,allencl02
820736,allec102,allencl01
284569,alled001,allendu01
110157,alled101,allendi01
110142,allee101,allenet01
110144,allef101,allenfr01
110164,alleg001,allenga01
656185,alleg002,allengr01
110166,alleg101,alleyge01
110148,alleh101,allenho01
110147,alleh102,allenha01
110146,alleh103,allenhe01
110145,alleh104,allenha02
820734,alleh105,allenha03
820732,alleh106,allenho02
820733,alleh107,
110165,allej001,allenje01
110149,allej101,allenja02
110152,allej102,allenjo02
110141,allej103,allenja01
110151,allej104,allenjo01
110153,allek101,allenki01
282598,allel001,allenlu01
663531,allel002,allenlo01
671106,allel003,allenlo02
110154,allel101,allenll01
110155,allem101,allenmy01
820731,allem102,
110156,allen001,allenne01
669397,allen002,allenni02
110139,allen101,allenni01
820730,allen102,allenne02
110150,allep101,allenpe01
110162,aller001,allenro02
110163,aller101,allenro01
110143,alles101,allensl01
820727,allet101,allento02
820728,allet102,allento01
680430,allgn001,allgeni01
110170,allia101,allisar01
110169,allia102,allisan01
820726,allia901,allismo01
110168,allib101,alliebo01
110175,allib102,allisbi01
110176,allib103,allisbo01
,allib104,
110171,allid001,allisda01
110172,allid101,allisdo01
110167,allig101,alliega01
110174,allim101,allismi01
110173,allim102,allisma01
820724,alliu101,allis02
110177,allrb001,allrebe01
150355,almaa001,almanar01
110179,almac001,almanca01
,almal101,
110178,almam101,almadme01
110180,almer101,almeira01
501659,almoa001,almonab01
546991,almoa002,almoral01
110181,almob001,almonbi01
400095,almoe001,almoner01
407824,almoe002,almoned01
150356,almoh001,almonhe01
602083,almom001,almonmi01
622075,almoy001,almonye01
501660,almoz001,almonzo01
110182,aloml101,alomalu01
110183,alomr001,alomaro01
110184,aloms001,alomasa02
110185,aloms101,alomasa01
624413,alonp001,alonspe01
820722,alonr101,alonsro01
475174,alony001,alonsyo01
110186,alouf101,aloufe01
110187,alouj101,alouje01
110189,aloum001,aloumo01
110188,aloum101,alouma01
110190,alpew101,alperwh01
110194,alstd101,alstode01
,alstd901,
110191,alstg001,alstoga01
110192,alstt101,alstoto01
110193,alstw101,alstowa01
656186,altad001,altavda01
110195,altap001,altampo01
110196,altee101,altener01
110197,altej101,altenje01
571437,altha001,altheaa01
110198,altid101,altizda01
434138,altmb701,
110199,altmg101,altmage01
110200,altoj101,altobjo01
110201,altrn101,altroni01
514888,altuj001,altuvjo01
666906,alu-j001,aluja01
110202,alusg101,alusige01
433877,alvaa001,alvarab01
669137,alvaa002,alvarar01
674841,alvaa003,alvaran01
345593,alvac001,alvarcl01
516714,alvad001,alvarda01
645848,alvad002,alvarda02
657193,alvae001,alvared01
665660,alvae002,alvarel01
682626,alvaf001,alvarfr01
134080,alvag001,alvarga01
506693,alvah001,alvarhe01
110206,alvaj001,alvarjo01
235094,alvaj002,alvarju01
501625,alvaj003,alvarjo02
621237,alvaj004,alvarjo03
110203,alval101,alvarlu01
805373,alvan001,alvarna01
110207,alvao101,alvaros01
110205,alvao102,alvaror01
476883,alvap001,alvarpe01
571439,alvar001,alvarrj01
110208,alvar101,alvarro01
820721,alvar102,alvarra01
110204,alvat001,alvarta01
407887,alvat002,alvarto01
407874,alvav001,alvarvi01
110209,alvaw001,alvarwi01
670541,alvay001,alvaryo01
493737,alvej701,
110210,alvim101,alvisma01
110211,alvob101,alvorbi01
110212,alyeb101,alyeabr01
640470,alzoa001,alzolad01
691182,amada001,amadoad01
110213,amalj101,amalfjo01
506560,amara001,amarial01
110214,amarr001,amarari01
110215,amarr002,amaroru02
110216,amarr101,amaroru01
676070,amayj001,amayaja01
665804,amaym001,amayami01
110217,amblw101,amblewa01
407876,ambrc001,ambrech01
459932,ambrh001,ambrihe01
664011,ambut001,amburtr01
110218,amele001,amelued01
110219,amesr101,amesre01
571441,amess001,amesst01
407792,ameza001,amezaal01
,amict801,
110220,amold101,amoledo01
110222,amors101,amorosa01
110221,amorv101,amorvi01
110223,anckw101,anckewa01
110226,andea001,anderal02
110227,andea101,anderan01
110225,andea102,anderal01
,andea901,
110229,andeb001,anderbr01
110230,andeb002,anderbr02
435042,andeb003,anderbr03
474463,andeb004,anderbr04
457762,andeb005,anderbr05
605119,andeb006,anderbr06
110245,andeb101,anderbu01
110253,andeb102,anderbo01
110257,andeb103,anderbi01
820710,andeb104,anderbo02
820711,andeb105,anderbu02
820716,andeb106,anderbi03
820717,andeb107,anderbi02
502624,andec001,anderch01
594736,andec002,anderco01
110250,andec101,andercr01
820712,andec102,anderc02
110231,anded001,anderda02
449776,anded002,anderdr01
623454,anded003,anderdr02
110233,anded101,anderdw01
110232,anded102,anderda01
110243,andef101,anderfr01
110235,andef102,anderfe01
820709,andef103,anderfa01
110236,andeg001,anderga01
681982,andeg002,andergr01
110234,andeg101,andergo01
110237,andeg102,anderge01
110240,andeh101,anderha02
110239,andeh102,anderha01
666120,andei001,anderia01
110241,andej001,anderji01
150247,andej002,anderji02
425427,andej003,anderja01
461811,andej004,anderjo03
605121,andej005,anderju01
110244,andej101,anderjo01
110242,andej102,anderjo02
110246,andek001,anderke01
110224,andel001,anderla02
502249,andel002,anderla03
110247,andel101,anderla01
820708,andel102,anderle01
110249,andem001,andermi02
150183,andem002,anderma01
136724,andem003,anderma02
110248,andem101,andermi01
623433,anden001,anderni01
820703,andeo101,anderor01
,andeo901,
110251,ander001,anderri02
110252,ander101,anderri01
110228,ander102,anderre01
820707,ander103,anderro01
110254,andes001,andersc01
641312,andes002,andersh01
110238,andes101,andersp01
641313,andet001,anderti01
542881,andet002,anderty01
664196,andet003,anderta01
110255,andev101,anderva01
110258,andew101,anderwi01
110256,andew102,anderwa01
435180,andir001,andinro01
110276,andrb101,andrubi01
427004,andrb801,
,andrb901,
150467,andrc001,andrecl01
677076,andrc002,andrecl02
820699,andrc101,andrecu01
462101,andre001,andruel01
110265,andre101,andreed01
110263,andre102,andreel01
110260,andre103,andreer01
110264,andrf101,andrefr01
110275,andrf102,andrufr01
110266,andrh101,andrehu01
110267,andri101,andreiv01
607430,andrj001,andrejo03
110269,andrj101,andrejo02
110259,andrj102,andrejo01
110268,andrj103,andreji01
820700,andrj104,andreja01
429725,andrj801,
110261,andrk101,andreki01
542882,andrm001,andrima01
110270,andrm101,andremi01
110271,andrn101,andrena01
820702,andrp101,
110272,andrr101,andrero01
110262,andrs001,andresh01
430644,andrs002,andrast01
110273,andrs101,andrest01
110277,andrw101,andruwi01
110274,andrw102,andrewa01
110278,anduj001,andujjo01
110279,andul001,andujlu01
609280,andum001,andujmi01
110280,angen101,angelno01
,anglj101,
518408,anglm001,anglema01
110281,anglt101,angleto01
110282,ankep101,ankenpa01
150449,ankir001,ankieri01
542883,annad001,annade01
,annaw901,
110283,annib101,annisbi01
110284,ansoc101,ansonca01
110285,anthe001,anthoer01
,anthm901,
701350,anthr001,anthoro01
110289,antob101,antonbi01
542884,antod001,antoldu01
110288,antoj101,antonjo01
110286,antoj102,antoljo01
110287,antoj103,antonjo02
453327,antom001,antonma01
622088,antot001,antonte01
493114,aokin001,aokino01
110290,aparl101,aparilu01
110291,apodb101,apodabo01
110292,aponl001,apontlu01
506608,aponr801,
665947,aposs001,apostsh01
571446,appem001,appelma01
110293,appik001,appieke01
110295,apple101,appleed01
110294,applf101,applefr01
110297,appll101,applilu01
110296,applp101,applepe01
820695,applr101,applere01
606157,aquia001,aquinar01
425628,aquig001,aquingr01
593969,aquij001,aquinja01
110298,aquil001,aquinlu01
110299,araga101,aragoan01
110300,aragj101,aragoja01
666018,aranj001,arandjo01
820693,aranp101,arangpe01
644364,aranv001,aranovi01
,aratm901,
542587,araue001,araujel01
660620,arauj001,arauzjo01
606478,araup001,araujpe01
502042,archc001,archech01
110302,archf101,archefr01
110305,archg101,archige01
110304,archj101,archeji02
110303,archj102,archeji01
820691,archl101,
110301,archm101,archdma01
516472,arcif001,arciafr01
110306,arcij101,arciajo01
542455,arcio001,arciaos01
606115,arcio002,arciaor01
110307,arded101,ardelda01
110308,ardir101,ardizru01
110309,ardnj101,ardnejo01
150416,ardod001,ardoida01
110310,arelf101,arellfr01
820684,arenh101,arenahi01
450317,arenj001,arencjp01
820687,arenm101,arencma01
571448,arenn001,arenano01
110311,arfth101,arftha01
110312,ariaa001,ariasal01
464244,ariaa002,ariasal02
110313,ariag001,ariasge01
672356,ariag002,ariasga01
435078,ariaj001,ariasjo01
678215,arial001,ariaslu01
110314,ariar101,ariasru01
685503,arihk001,arihako01
820683,ariom101,ariosma01
110315,arleb101,arletbu01
110316,arlid101,arlicdo01
110317,arlis101,arlinst01
820676,armaf101,armasfe01
,armaj101,
110319,armam001,armasma01
110318,armat001,armasto01
150393,armat002,armasto02
110322,armbc101,armbrch01
110320,armbe101,armbred01
110323,armbh101,armbrha01
110321,armbo101,armbror01
820678,armep101,
660494,armer001,armenro01
431230,armer901,
820672,armob101,armoubu01
492615,armob801,armoubi99
820670,armou101,armou01
110327,armsg101,armstge01
110324,armsh101,armstho01
110325,armsj001,armstja01
820673,armsj101,armstji01
110326,armsm001,armstmi01
820669,armsm101,
203697,armsr101,armstsa01
542888,armss001,armstsh01
110329,arndh101,arndtha01
110330,arndl001,arndtla01
455743,arnet801,
110334,arnob101,arnolbi01
110331,arnoc101,arnolch01
,arnof901,
150374,arnoj001,arnolja01
110335,arnom101,arnovmo01
820671,arnop101,arnolpa01
110332,arnos001,arnolsc01
110333,arnot001,arnolto01
110336,arnsb001,arnsbbr01
110337,arnto101,arntzor01
608167,aro-j001,arojo01
110338,arocr001,arochre01
668227,arozr001,arozara01
650333,arral001,arraelu01
461766,arrej001,arredjo01
486200,arrid901,
110339,arrig101,arrigge01
453562,arrij001,arrieja01
681293,arris001,arrigsp01
276520,arrob001,arroybr01
624414,arroc001,arroych01
110340,arrof001,arroyfe01
110341,arrol101,arroylu01
134361,arror001,arrojro01
110342,arror101,arroyru01
628326,arrue001,arrueba01
427007,arsep801,
600858,arteh001,arteahu01
820659,arteu101,artez01
,artib101,
820663,arumj101,arumijo01
110343,arunh101,arundha01
110344,arunt101,arundtu01
110345,asadr001,asadora01
110346,asbej101,asbelji01
110347,asbjc101,asbjoca01
820654,asbuo101,asburor01
820655,ascac101,ascanca01
448857,ascaj001,ascanjo01
605125,aschc001,ascheco01
428441,aschd901,
407900,asenm001,asencmi01
110348,ash-k101,ashke01
820656,ash-r101,ashru01
110350,ashba001,ashbyal01
110351,ashba002,ashbyan01
676879,ashba003,ashbyaa01
820649,ashbe101,ashbyea01
110349,ashbr101,ashburi01
677952,ashcb001,ashcrbr01
668933,ashcg001,ashcrgr01
594742,ashea001,asheral01
,ashfe901,
110352,ashft001,ashfotu01
110353,ashlb001,ashlebi01
502213,ashln001,ashlene01
110354,asmut101,asmusto01
110356,asprb101,asprobo01
110355,asprk101,asproke01
665871,assaj001,assadja01
110357,asseb101,asselbr01
110358,assep001,assenpa01
430586,astae001,astacez01
110359,astap001,astacpe01
592120,astib001,astinba01
110360,astrj101,astrojo01
553902,astuw001,astudwi01
641319,asuac001,asuajca01
280057,atchj001,atchlju01
425786,atchs001,atchisc01
110361,athec101,atherch01
110362,athek001,atherke01
457447,atill001,atilalu01
110365,atkia101,atkinal01
820652,atkia102,atkinab01
110368,atkib101,atkinbi01
110366,atkie101,atkined01
425548,atkig001,atkinga01
110364,atkij101,atkinja01
820653,atkij102,atkinjo01
110367,atkil101,atkinle01
444444,atkim001,atkinmi01
110363,atkit101,atkinto01
110369,attrd101,attredi01
110370,atwet101,atwelto01
110371,atwob101,atwoobi01
110372,atz-j101,atzja01
110373,aubrc101,aubreha01
430956,aubrm001,aubremi01
110374,aucod001,aucoide01
110375,auder001,auderi01
110376,auerr101,auerbri01
,auerr102,
,aufet801,
446248,augeb001,augenbr01
,auguc101,augusco01
110377,augud001,augusdo01
110378,augud101,augusda01
110379,auguj001,augusje01
110380,aukee101,aukerel01
110381,auldt101,auldsle01
110382,aultd101,aultdo01
518418,aumop001,aumonph01
110383,aurir001,aurilri01
110384,ausaj001,ausanjo01
110385,ausmb001,ausmubr01
110386,austd101,austde01
,auste901,
820646,austf101,austifr01
110387,austh101,austihe01
110388,austj001,austiji02
406953,austj002,austije01
110389,austj101,austiji01
110390,austr101,austiri01
820647,austr102,austira01
592122,austt001,austity01
110391,autra101,autryal01
110393,autrc101,autrych01
110392,autrc102,autrych02
682183,avand001,avansdr01
,avann901,
623214,avela001,aveliab01
110394,avenb001,avenbr01
110396,avere101,averiea01
110395,avere102,averiea02
,averh901,
110397,avers001,averyst01
820643,avers101,averysk01
542897,averx001,averyxa01
488671,avila001,avilaal01
110398,avilb101,avilabo01
501593,avill001,avilalu01
679883,avill002,avilalu02
449107,avilm001,avilemi01
687014,aviln001,avilani01
658648,avilp001,avilape01
110399,avilr101,avilera01
110400,avrej101,avreaja01
820642,awkar101,awkarru01
518420,axeld001,axelrdy01
446099,axfoj001,axforjo01
110401,ayalb001,ayalabe01
110402,ayalb002,ayalabo01
425646,ayall001,ayalalu01
430947,aybae001,aybarer01
110403,aybam001,aybarma01
430632,aybaw001,aybarwi01
110404,aydej101,aydelja01
110405,ayerb101,ayersbi01
110406,ayerd101,ayersdo01
,ayeru901,
110407,aylwd101,aylwadi01
110409,ayrab001,ayraubo01
110408,ayraj001,ayraujo01
110410,azcuj101,azcuejo01
640492,azocj001,azocajo01
110411,azoco001,azocaos01
110412,babbc101,babbch01
110413,babcb101,babcobo01
110414,babel101,babelo01
110416,babic101,babinch01
110415,babij101,babicjo01
110417,babis101,babitsh01
623938,bacce901,
669199,bachl001,bachala01
696147,bachs001,bachmsa01
407840,backb001,backebr01
679775,backk001,backhky01
110418,backl101,backmle01
110419,backw001,backmwa01
110420,bacoe101,baconed01
545402,bacoj901,
407194,bacsm001,bacsimi02
110421,bacsm101,bacsimi01
621290,bacud001,bacusda01
110422,baczf101,baczefr01
668731,badda001,baddoak01
110423,badea101,baderar01
488674,badeb001,badenbu01
664056,badeh001,baderha01
110424,badek101,baderlo01
110425,badgr101,badgrre01
678225,bae-j001,baeji01
110426,baece101,baeched01
430657,baekc001,baekch01
110427,baerc001,baergca01
407299,baezb001,baezbe01
276056,baezd001,baezda01
595879,baezj001,baezja01
110428,baezj101,baezjo01
110429,baezk001,baezke01
673258,baezm001,baezmi01
520980,baezp001,baezpe01
622783,baezs001,baezsa01
820623,bagbb101,bagbyba01
110431,bagbj101,bagbyji01
110430,bagbj102,bagbyji02
110433,bagwb101,bagwebi01
110432,bagwj001,bagweje01
110434,bahns101,bahnsst01
110435,bahre101,bahred01
110436,bahrf101,bahrefr01
110437,baicg101,baichgr01
457732,baila001,bailean01
820626,baila101,baileal01
110454,bailb001,bailobo01
669064,bailb002,bailebr01
110453,bailb101,bailebi01
110443,bailb102,bailebi02
110451,bailb103,bailebo01
492910,bailb801,
110450,bailc001,baileco01
820622,baild101,
110449,baile101,baileed01
110442,bailf101,bailefr01
110440,bailg101,bailege01
456701,bailh001,baileho02
110445,bailh101,baileho01
110444,bailh102,baileha01
431158,bailj001,baileje01
110446,bailj101,baileji01
110448,bailk101,baileki01
110447,bailm001,bailema01
672275,bailp001,bailepa01
820618,bailp101,bailepe01
110441,bailr001,bailero01
110438,bails001,bailesc01
110439,bails101,bailesw01
110452,bails102,bailest01
820625,bailu101,baile03
110456,bainh001,baineha01
110455,bainl101,bainlo01
110458,baira101,bairdal01
110460,bairb101,bairdbo01
110457,baird001,bairdo01
110459,baird101,bairddo01
,bairj901,
820619,bairu101,baird02
488676,baisj001,baislje01
434117,bajej001,bajenje01
110463,bakea101,bakeral01
641329,bakeb001,bakerbr01
110491,bakeb101,bakerbi01
110464,bakeb102,bakerbo01
110466,bakec101,bakerch02
110465,bakec102,bakerch01
,bakec901,
110469,baked001,bakerdo01
110481,baked002,bakerdu01
671117,baked003,bakerda02
110467,baked101,bakerda01
110468,baked102,bakerde01
110462,baked103,bakenda01
827155,baked104,
110470,bakee101,bakerer01
820620,bakee102,bakered01
110474,bakef101,bakerfr03
110480,bakef102,bakerfr01
110472,bakef103,bakerfl01
110473,bakef104,bakerfr02
110471,bakeg101,bakerge02
110475,bakeg102,bakerge01
110476,bakeh101,bakerho01
820615,bakeh102,bakerhe01
425557,bakej001,bakerje03
434633,bakej002,bakerjo01
110479,bakej101,bakerje01
110461,bakej102,bakelje01
110477,bakej103,bakerja01
110478,bakej104,bakerje02
490319,bakej902,
110482,bakek101,bakerki01
663609,bakel001,bakerlu01
,bakel101,
110484,baken101,bakerno01
110483,baken102,bakerne01
110485,bakep101,bakerph01
820617,baker101,bakerru01
110486,bakes001,bakersc01
435044,bakes002,bakersc02
110487,bakes101,bakerst01
110490,baket101,bakertr01
110489,baket102,bakerto02
110488,baket103,bakerto01
132720,bakop001,bakopa01
666364,balaj001,balazjo02
110493,balaj101,balazjo01
110492,balam101,balasmi01
110494,balbs001,balbost01
110495,balcb101,balcebo01
593604,balda001,baldoal01
681460,baldb001,baldwbr01
110509,baldb101,baldwbi01
686948,baldd001,baldwdr01
110499,baldd101,baldwda01
110500,baldf101,baldwfr01
110502,baldh101,baldwha01
110501,baldh102,baldwhe01
110504,baldj001,baldwje01
110503,baldj002,baldwja01
110496,baldj101,baldsja01
110498,baldk101,baldwki01
110497,baldl101,baldwla01
110505,baldm101,baldwma01
110506,baldo101,baldwo.01
408306,baldr001,baldero01
110508,baldr101,baldwri01
110507,baldr102,baldwre01
820614,baldt101,baldwti01
820613,baldu101,baldw02
444446,balec001,balesco01
150469,balej001,balejo01
110511,balel101,balesle01
110510,balem101,balenmi01
434605,balew001,balenwl01
346797,balfg001,balfogr01
110512,balla101,ballar01
665576,ballb901,
,balld101,
,ballf901,
110517,ballj001,balleja01
110515,ballj002,ballaje01
133440,ballj003,ballje01
110514,ballj101,ballji01
,balll901,
694208,ballm001,ballemo01
110518,ballm101,ballima01
110513,balln101,ballne01
110516,ballp101,ballepe01
820610,ballp102,sanmape01
110519,ballw101,ballowi01
820609,ballw102,ballwa01
429382,balsd801,
110520,balst101,balsato01
110521,bambg101,bambege01
110522,bambh101,bambeha01
110524,bancd101,bancrda01
492616,bancf801,bancrfr99
110523,bancs101,banckst01
607455,banda001,bandaan01
110525,bandc001,bandoch01
542908,bandj001,bandyje01
110526,bands101,bandosa01
110528,baned101,baneydi01
110527,banee101,baneed01
677943,banfw001,banfiwi01
110529,banij001,banisje01
110532,bankb001,banksbr01
110537,bankb101,banksev01
110535,bankb102,banksbi01
110530,bankd101,bankhda01
110533,banke101,bankser01
820606,bankf101,bankhfr01
820603,bankf102,
110534,bankg101,banksge01
820604,bankg102,
457468,bankj001,banksjo01
820605,bankn101,banksno01
110531,banks001,bankhsc01
820607,banks101,bankhsa01
621383,bankt001,banksta01
820600,banku101,banks02
110536,bankw001,bankswi01
457821,bankw002,bankswe01
110539,banna001,bannial01
446454,bannb001,bannibr01
110540,bannf001,bannifl01
110541,bannj101,bannoji01
110538,bannj102,banniji01
676625,bannr001,bannory01
110542,bannt101,bannoto01
572702,bantb001,bantzbr01
110543,bantj101,bantaja01
675915,banud001,banueda01
544365,banum001,banuema01
136270,baptt001,baptitr01
670056,barac001,baragca01
820602,baram101,
150148,barar001,barajro01
110554,barbb001,barbebr01
110548,barbb002,barbebr02
820597,barbb101,barbobu01
820601,barbb102,barbebu01
110549,barbc101,barbech01
110547,barbd101,barbeda01
110553,barbf101,barbefr01
592127,barbj001,barbajo01
110546,barbj101,barbeja01
110555,barbj102,barbiji01
820599,barbj103,barbeje01
820598,barbl101,barbela01
110545,barbr101,barbare01
110551,barbs101,barbest02
110550,barbs102,barbest01
820595,barbs103,barbesa01
503493,barbs901,
110552,barbt101,barbetu01
110544,barbw101,barbawa01
110556,barcc101,barclcu01
110557,barcg101,barclge01
682995,barch001,barcohu01
150311,barcl001,barcelo01
449471,bardb001,bardebr01
453268,bardd001,bardda01
408036,bardj001,bardjo01
572703,bardl001,bardlu01
110558,barer101,barera01
110561,barfc101,barfocl01
110559,barfj001,barfije01
110560,barfj002,barfijo01
429662,barfj003,barfijo02
680718,barga001,bargead01
110563,bargc101,bargecy01
110562,bargg001,bargagr01
406723,barka001,barkean01
110565,barka101,barkeal01
110564,barkb001,barkbr01
133200,barkb002,barklbr01
150058,barkg001,barkegl01
110568,barkj001,barklje01
150070,barkk001,barkeke01
110566,barkl001,barkele01
673316,barkl002,barkelu01
427013,barkl901,
820592,barkm101,barkema01
150030,barkr001,barkeri01
110569,barkr101,barklre01
110567,barkr102,barkera01
446436,barks001,barkese01
110570,barks101,barklsa01
,barla901,barlial99
669618,barlj001,barlojo01
110571,barlm101,barlomi01
605130,barls001,barlosc01
110572,barlt101,barloto01
110573,barmb101,barmebr01
425549,barmc001,barmecl01
605131,barna001,barneau01
110576,barnb001,barnebr01
488681,barnb002,barnebr02
110599,barnb101,barnibi01
110574,barnb102,barnaba01
110590,barnb103,barnebi01
110586,barnb104,barnebo01
820594,barnb105,barnebi02
448833,barnc001,barnwch01
656212,barnc002,barnech01
110575,barnc101,barnach01
110594,barnc102,barnhcl01
446381,barnd001,barneda01
592130,barnd002,barneda02
820582,barnd101,barnhda01
110578,barne101,barneep01
110600,barne102,barnoed01
110595,barne103,barnhed01
110592,barne104,barneed01
110580,barnf101,barnefr01
110579,barnf102,barnefr02
820591,barnf103,barnefr03
110598,barng101,barnige01
,barng901,
110582,barnh101,barneho01
820585,barnh102,barnhhe01
820587,barnh103,barneha01
348561,barnj001,barnejo01
606930,barnj002,barneja01
110583,barnj101,barneju01
110581,barnj102,barneje01
820588,barnj103,barnejo02
571465,barnj801,
610911,barnk701,
277397,barnl001,barnela01
110596,barnl101,barnhle01
110584,barnl102,barnelu01
,barnl901,
598264,barnm001,barnema01
686930,barnm002,barnema02
427017,barnm801,
110585,barnr101,barneri01
110587,barnr102,barnero01
110593,barnr103,barnere02
110577,barnr104,barnere01
820589,barnr105,
,barnr901,
110591,barns001,barnesk01
488683,barns002,barnesc01
110588,barns101,barnesa01
571466,barnt001,barnhtu01
501817,barnt002,barneto01
110589,barnv101,barnevi01
110597,barnv102,barnhvi01
820584,barnv103,barneve01
820583,barnv104,barnevi02
820581,barob101,barobe01
458524,barod001,baronda01
110602,barod101,barondi01
110601,baros001,barojsa01
571467,baros002,baronst01
502578,barra001,barreaa01
110606,barrb101,barrbo01
110621,barrb102,barrebi01
110605,barrb103,barrbo02
110617,barrb104,barrebo01
110622,barrb105,barrebi02
110608,barrc101,barracu01
110630,barrc102,barrocu01
110620,barrd101,barredi01
,barrd901,
110631,barre101,barryed01
,barre801,barroed99
620439,barrf001,barrefr02
110623,barrf101,barrifr01
110629,barrf102,barrofr01
110628,barrf103,barrofr02
110612,barrf104,barrefr01
110609,barrg101,barrage01
,barrg901,
110632,barrh101,barryha01
110633,barrj001,barryje01
545332,barrj002,barreja01
642545,barrj003,barrija01
678489,barrj004,barrojo01
110604,barrj101,barrji01
110624,barrj102,barrijo01
110613,barrj103,barreji01
110635,barrj104,barryja01
110614,barrj106,barrejo01
,barrj901,
435258,barrk001,barryke01
607457,barrk002,barraky01
642456,barrl001,barrelu01
483561,barrl901,
110616,barrm001,barrema02
110625,barrm002,barrima01
136664,barrm003,barremi01
518435,barrm004,barrema03
110615,barrm101,barrema01
,barrm901,
110611,barrr101,barrere01
110636,barrr102,barryri01
110627,barrr103,barrore01
110634,barrs101,barrysh01
110603,barrs102,barrsc01
110607,barrs103,barrst01
482608,barrs901,
110619,barrt001,barreti01
110618,barrt002,barreto01
110626,barrt003,barroto01
668663,barrt004,barretr01
110637,barrt101,barryto01
427019,barrt901,
110610,barru101,barre01
553872,barry001,barriyh01
,barsm901,
446382,bartb001,bartobr01
110648,bartb101,bartobo01
110645,bartb102,bartlbi01
110640,bartb103,barthbo01
110644,bartb104,bartlbo01
407802,bartc001,bartocl01
110652,bartc101,bartsch01
435558,bartd001,bartoda02
110639,bartd101,bartedi01
110651,bartd102,bartoda01
110647,barth101,bartoha01
820572,barth102,bartlho01
110646,barti101,bartlir01
430583,bartj001,bartlja01
444864,bartj002,barthji01
663698,bartj003,bartjo01
110641,bartj101,barthjo01
110638,bartk001,barteki01
110642,bartl101,barthle01
,bartl102,
110649,barts001,bartosh01
820575,barts101,
820574,barts102,
110643,bartt101,bartito01
110650,bartv101,bartovi01
447808,barzp001,barziph01
431150,basac001,basakch01
642772,basal001,basablu01
678545,basao001,basabos01
694212,basas001,basalsa01
110653,basgm101,basgamo01
110654,basha101,bashaal01
820568,bashr101,bashara01
641341,basht001,bashlty01
110655,bashw101,bashowa01
110656,basie101,basined01
,basis901,
110657,baskj101,baskeji01
489942,basnt901,
542914,bassa001,bassan01
430654,bassb001,bassbr01
669620,bassb002,bassobr01
605135,bassc001,bassich01
110664,bassc101,bassech01
110663,bassd101,bassdo01
110662,bassd102,bassdi01
110658,bassj101,bassjo01
110665,bassj102,bassljo01
110659,bassk001,basske01
820567,bassl101,bassre01
110660,bassn101,bassno01
820570,bassp101,bassepe01
110661,bassr101,bassra01
455374,basta001,bastaan01
110666,bastc101,bastich01
,baswj901,
110667,batce101,batchem01
110668,batcj101,batchjo01
110669,batcr001,batchri01
488686,batea001,batesaa01
110680,bateb001,batesbi01
110675,bateb101,batesbu01
110672,batec101,batesch01
110674,bated101,batesde01
110671,bated102,batesdi01
110673,batef101,batesfr01
110676,batej001,batesja01
110678,batej101,batesjo02
110670,batej102,batemjo01
110677,batej103,batesjo01
110679,bater101,batesra01
110681,bathb001,bathebi01
110685,batik001,batiske01
110686,batik002,batiski01
110683,batim001,batismi01
110684,batir101,batisra01
110682,batit001,batisto01
110687,batsb101,batscbi01
110692,batta001,battlal01
110695,battc101,battoch01
110690,batte101,batteea01
110689,battg101,battege01
110693,batth001,battlho01
110694,battj101,battlji01
110691,battj102,battijo01
110688,battl101,battala01
676946,battm001,battema01
110696,battm101,battsma01
685410,battp001,battepe01
820563,battr101,battlru01
820566,battr102,battlra01
683146,batyb001,batybr01
820564,bauch101,bauchha01
110699,bauea101,baueral01
110697,baueh101,bauerha01
641343,bauej001,bauerja01
110698,bauel101,bauerlo01
407400,bauer001,bauerri01
110700,bauer101,bauerru01
545333,bauet001,bauertr01
132200,baugj001,baughju01
571473,baumb001,baumabu01
110709,baumf101,baumhfr01
110702,baumf102,baumafr01
110704,baumg101,baumgge01
110706,baumh101,baumgha01
110707,baumj101,baumgjo01
110703,baumj102,baumeji01
657508,baumm001,baumami01
110701,baump101,baumapa01
110705,baumr101,baumgro01
110708,baums101,baumgst01
110710,bausg101,bausege01
110712,bautd001,bautida01
429714,bautd002,bautide01
110711,baute101,bautaed01
642585,bautf001,bautife01
639373,bautg001,bautige01
110713,bautj001,bautijo01
430832,bautj002,bautijo02
622441,bautr001,bautira01
820562,bauzm101,bauzama01
110714,baxej101,baxesji01
110715,baxem101,baxesmi01
110716,baxtj101,baxtemo01
488689,baxtm001,baxtemi01
110717,bay-h101,bayha01
424726,bay-j001,bayja01
110719,bayld001,baylodo01
110718,bayld101,bayledi01
820558,baylh101,bayliha01
435058,baylj001,baylijo01
820560,baylu101,baylo02
110720,baynb101,baynebi01
820561,baynw101,baynawi01
669358,baz-s001,bazsh01
660825,bazae001,bazared01
434590,bazay001,bazaryo01
820559,bea-d101,beada01
545404,beacb001,beachbr01
110721,beacj101,beachja01
110723,bealb101,beallbo01
482483,beald901,
820554,bealg101,bealegi01
110722,bealj101,bealljo01
110725,bealt101,bealsto01
110724,bealw101,beallwa01
110726,beama101,beamal01
110728,beamc101,beamoch02
110729,beamc102,beamoch01
110727,beame101,beamer01
110730,beamt001,beamotr01
446884,beamt002,beamtj01
110734,beanb001,beanebi01
110733,beanb002,beanbi01
110731,beanb101,beanbe01
430841,beanc001,beanco01
,beane901,
110732,beanj101,beanjo01
110735,beard001,beardda01
110741,bearg101,bearega01
110740,bearg102,beardge01
,bearj901,
110743,beark001,bearske01
110742,bearl101,bearnla01
110737,bearm101,beardmi01
110738,bearo101,beardol01
110739,bearr101,beardra01
110736,beart101,beardte01
110744,beasc001,beaslch01
676886,beasj001,beaslje01
110745,beasl101,beaslle01
433639,beast801,beaslto99
110750,beatb001,beattbl01
110749,beatd101,beattde01
110747,beatd102,beatlda01
110746,beate101,beatied01
110748,beatj001,beattji01
607461,beatm001,beatyma01
474039,beatp001,beatope01
110752,beaug101,beaumgi01
110751,beauj101,beaucji01
499527,beauk801,
518444,beavb001,beavabl01
687637,beavd001,beavedy01
110753,beave101,beavee.01
110754,beazj101,beazljo01
110755,becab101,becanbu01
,becaw901,
110756,bechg101,bechtge01
553388,bechj701,
407852,bechs001,bechlst01
644760,becka901,
110768,beckb101,beckebe01
110773,beckb102,beckebo01
110778,beckb103,beckmbi01
110764,beckb104,beckbo01
,beckb901,
444447,beckc001,beckch01
571476,beckc002,beckch02
110757,beckc101,beckcl01
110767,beckc102,beckech01
110759,becke101,becker01
110761,beckf101,beckfr02
110760,beckf102,beckfr01
493596,beckg001,beckhgo01
110774,beckg101,beckegl01
110758,beckg102,beckge01
110766,beckh101,beckehe01
110769,beckh102,beckehe02
110779,beckj001,beckwjo01
277417,beckj002,beckejo02
687597,beckj003,beckjo01
110777,beckj101,beckmji01
110770,beckj102,beckejo01
110776,beckj103,becklja01
820557,beckj104,beckwjo02
110771,beckm101,beckema01
110763,beckr001,beckro01
110772,beckr002,beckeri01
110775,beckr003,beckero01
110762,beckr101,beckri01
,becks101,
542921,beckt001,beckhti01
663941,beckt002,becktr01
110765,beckz101,beckzi01
110780,becqj101,becquju01
407853,bedae001,bedarer01
110781,bedeh101,bedelho01
110782,bedfg101,bedfoge01
110783,bedgp101,bedgoph01
110784,bedih101,bediehu01
110785,bedna101,bednaan01
670280,bednd001,bednada01
592135,bedrc001,bedroca01
110786,bedrs001,bedrost01
110787,beebf101,beebefr01
,beebw901,
110790,beece101,beeched01
110789,beece102,beeched02
110788,beecm001,beechma01
110791,beecr101,beechro01
595881,beedt001,beedety01
656222,beekj001,beeksja02
542923,beeld001,beeleda01
110792,beelj101,beelejo01
110794,beena001,beenean01
110793,beenf101,beenefr01
110795,beerc101,beerscl01
666179,beers001,beerse01
690925,beetc001,beetecl01
110796,beggj101,beggsjo01
110797,begle101,begleed01
110798,beglg101,beglege01
110799,beglj101,begleji01
110800,behap101,behanpe01
110802,beher001,behenri01
110801,behes101,behelst01
,behlf901,
110803,behnm101,behneme01
110804,behrh101,behrmha01
346847,beimj001,beimejo01
150312,beirk001,beirnke01
820555,bejea101,bejerag01
110805,bejmo101,bejmaol01
110806,belam101,belanma01
110807,belaw101,belarwa01
110808,belck001,belchke01
110809,belct001,belchti01
110810,beldi101,beldeir01
506988,belfm001,belfimi01
820550,belfs101,belfisk01
110812,belib101,belinbo01
542924,belij001,belivje01
279571,belim001,belisma01
430613,belir001,belisro01
110811,belis001,belinst01
277411,belit001,belitto01
110813,belkt001,belkti01
571479,bella001,bellaan01
820549,bella101,bellab01
110815,bellb001,bellbu01
678394,bellb002,bellobr01
110836,bellb101,bellbi01
110834,bellb102,bellbe01
150083,bellc001,bellicl01
641355,bellc002,bellico01
518445,bellc003,bellch02
110814,bellc101,bellch01
820547,bellc102,bellcl01
110818,belld001,bellde01
110816,belld002,bellda01
483564,belld901,
110819,belle001,beller01
431143,belle002,belloed01
820540,belle101,bellel01
110821,bellf101,bellfr01
110820,bellf102,bellfe01
820543,bellf103,bellfr02
,bellf104,
110823,bellg001,bellge02
110824,bellg101,bellge01
110822,bellg102,bellga01
110817,bellg103,bellgu01
425514,bellh001,bellhe01
110825,bellh101,bellhi01
820546,bellh102,bellhe02
110826,bellj001,bellja01
110839,bellj002,belleal01
110829,bellj003,bellju01
458679,bellj004,belljo01
605137,bellj005,belljo02
110827,bellj101,bellje01
110842,bellj102,bellmja01
,bellj103,bellco99
820538,bellj104,bellju02
820542,bellj105,belljo03
110830,bellk101,bellke01
110831,belll101,bellle01
820537,belll102,bellle02
110832,bellm001,bellmi01
110840,bellm002,bellhma01
280062,bellm003,bellmi02
110841,bellr001,bellira01
150071,bellr002,belliro01
150174,bellr003,bellro01
110833,bellr101,bellra01
110843,bellr102,belloro01
110828,bellr103,bellru01
110838,bells101,bellast01
110835,bellt001,bellte01
457707,bellt002,belltr01
678368,bellv001,bellova01
820541,bellw101,bellwi01
820539,bellw102,bellw01
427026,bellw901,
110837,bellz101,bellaze01
572714,belnv001,belnovi01
502102,belod001,belowdu01
134181,belta001,beltrad01
474832,beltb001,beltbr01
136860,beltc001,beltrca01
110845,belte001,beltres01
520976,belte002,beltren01
407779,beltf001,beltrfr01
449110,belto001,beltrom01
110844,beltr001,beltrri01
621532,bemba001,bemboan01
110846,bemih101,bemisha01
110848,benaf001,benavfr01
110847,benam001,benarma01
110849,bencj101,benchjo01
669622,benda001,bendean01
110850,bendc101,bendech01
,bendj901,
110854,benea001,benesan01
110853,benea002,benesal01
110851,benea101,benedar01
110852,beneb001,benedbr01
475340,beneg801,
110855,benej101,benesjo01
110857,bengb101,bengobe01
110856,bengr101,bengera01
110859,benia001,benitar01
643217,benia002,beninan01
110858,benij001,beniqju01
110860,beniy001,benitya01
820530,benjj101,benjaje01
110862,benjm001,benjami01
110861,benjs101,benjast01
605138,benjw001,benjawe01
820531,bennb101,bennebr01
110865,bennc101,bennech01
110867,bennd101,bennede01
110866,bennd102,benneda01
820528,bennd103,bennedo01
110868,benne001,benneer01
110872,bennf101,bennefr02
110869,bennf102,bennefr01
110870,benng001,bennega01
820525,benng101,bennege01
110863,bennh101,bennhe01
110871,bennh102,bennehe01
110864,benni101,benneik01
150098,bennj001,bennejo02
430831,bennj002,benneje01
110873,bennj101,bennejo01
820524,bennj102,benneji01
,bennj901,
110874,bennp101,bennepu01
110875,benns001,bennesh01
820523,benns101,bennesa01
820529,bennu101,benne03
276542,benoj001,benoijo01
110876,bensa101,bensoal01
820527,bensc101,bensocl01
820526,bensg101,bensoge01
501994,bensj001,bensojo01
150249,bensk001,bensokr01
110877,bensv101,bensove01
666181,bensw001,bensowi01
110881,benta101,bentoal01
110880,bentb001,bentobu01
430566,bentc001,bentzch01
110878,bentc101,bentlcy01
110879,bentj101,bentlja01
110883,bentl101,bentola01
110885,bentr101,bentora01
110882,bentr102,bentoru01
110884,bents101,bentosi01
110886,benzj101,benzjo01
110887,benzt001,benzito01
,berad801,
110888,beraj101,berarjo01
110890,berbj001,berblje01
110889,berbl101,berbelo01
110893,bereb001,berenbr01
110892,berej001,berenju01
110891,berej002,bereja01
503437,berej003,beresja01
110907,berga101,bergmal01
110895,berga102,bergaau01
407356,bergb001,bergebr01
448269,bergb002,bergebr02
110903,bergb101,bergebo01
110897,bergb102,bergebi01
482136,bergb701,
548357,bergc001,bergmch01
110899,bergc101,bergecl01
110908,bergd001,bergmda01
132787,bergd002,bergda01
425776,bergd003,bergmdu01
,bergf101,
,bergf901,
110898,bergh101,bergehe01
456589,bergj001,bergmja01
448753,bergj002,bergju01
110905,bergj101,berghjo01
110900,bergj102,bergejo02
110902,bergj103,bergejo01
110906,bergm101,berghma01
110896,bergm102,bergema01
110894,bergm103,bergmo01
150395,bergp001,bergepe01
686701,bergr001,bergery01
110909,bergs001,bergmse01
664157,bergt001,bergetr01
110901,bergt101,bergetu01
430596,bergw001,bergowi01
110904,bergw101,bergewa01
,beric801,
110910,berkf101,berkefr01
460072,berkj001,berkeja01
,berkj101,
204020,berkl001,berkmla01
110911,berkn101,berkena01
110912,berlj101,berlyja01
110913,bermb101,bermabo01
642834,bermj001,bermujo01
333293,berna001,bernead01
657514,bernb001,bernabr01
110919,bernb101,bernhbi01
110915,bernc101,bernacu01
110922,bernc102,bernica01
,bernc801,
448674,bernd001,bernido01
110916,bernd101,bernadw01
110920,bernj101,bernhju01
110917,bernj102,bernajo01
471082,berno801,
820522,bernp101,bernapl01
465668,bernr001,bernaro01
110918,bernt001,bernato01
110914,bernv101,bernavi01
592144,bernw001,bernawy01
682653,bernw002,bernawa01
110921,bernw101,bernhwa01
110923,beroj101,berojo01
407556,berra001,berroan01
110932,berrc101,berrycl01
110931,berrc102,berrych01
110930,berrc103,berrych02
820521,berrc104,berryca01
110924,berrd001,berrada01
110939,berrd002,berryda01
110926,berrd101,berrade01
,berre101,berryed02
110928,berrg001,berroge01
621244,berrj001,berrijo01
110936,berrj101,berryjo01
110934,berrj102,berryjo03
110935,berrj103,berryjo02
110929,berrk101,berryke01
427028,berrm801,
110933,berrn101,berryne01
672860,berrp001,berropr01
450641,berrq001,berryqu01
110927,berrr101,berrera01
110937,berrs001,berryse01
672642,berrs002,berrost01
110938,berrt101,berryto01
110925,berry101,berrayo01
110942,bertd101,bertedi01
110940,bertf101,bertafr01
110943,berth101,berthha01
110941,berth102,berteha01
542932,bertj001,bertijo01
110946,bertl101,bertrle01
110945,bertm001,bertomi01
110944,bertr101,bertore01
110947,berua001,beruman01
110948,besaf101,besanfr01
110949,bescb101,beschbo01
110951,bessd101,bessedo01
110950,bessh101,bessehe01
110952,bestk001,bestka01
820514,bestr101,
110953,bestu101,besti01
110954,beswj101,beswiji01
476454,betad001,betande01
445870,betaj801,
429783,betar001,betanra01
435358,betay001,betanyu01
110955,betcf101,betchfr01
,betcr901,
400140,betew001,betemwi01
110956,bethb101,bethebi01
542194,bethc001,bethach01
110957,bethj101,bethkji01
676424,betta001,bettial01
518452,bettc001,bettich01
110961,betth101,bettshu01
110960,betth102,bettsha01
110959,bettj001,betteje01
110958,bettl101,bettela01
605141,bettm001,bettsmo01
,bettw901,
110962,betzb101,betzebr01
110964,bevah101,bevanha01
110963,bevak001,bevacku01
110965,beveb101,bevenbi01
820517,bevec101,beverch01
407857,bevej001,beverja01
110966,bevib001,bevilbr01
110968,bevib101,bevilbe01
110967,bevil101,bevillo01
110969,bevim101,bevilmo01
492618,bevit801,bevinte99
492469,beyea801,
492619,bezdh801,bezdehu99
,biagg801,
607352,biagj001,biagijo01
528349,biald801,
,biall901,
110970,bianb001,biancbu01
488703,bianj001,biancje01
110971,biant101,biancto01
110972,biash101,biasaha01
110973,bibbj001,bibbyji01
820509,bibbr101,bibbsra01
502212,bibea001,bibenau01
676440,bibet001,bibeeta01
,biblj901,
666182,bichb001,bichebo01
110974,bichd001,bicheda01
110977,bickc101,bicknch01
110976,bickd101,bickhda01
641360,bickp001,bickfph01
,bicku801,bickejo99
110975,bickv101,bickfve01
592145,biddj001,biddlje01
335092,biddr001,biddlro01
674370,bidoo001,bidoos01
669456,biebs001,biebesh01
656232,bielb001,bielabr01
110979,bielm001,bielemi01
110978,bielo101,bielaos01
110980,biemh101,biemiha01
,bierb901,
110982,bierc101,biermch01
110981,bierl101,bierblo01
150149,biern001,bierbni01
457452,bierr001,bierdra01
110983,biess001,biesest01
110984,bigbc101,bigbeca01
406933,bigbl001,bigbila01
110985,bigbl101,bigbely01
110986,bigee101,bigelel01
,bigew901,
110987,biggc001,biggicr01
624415,biggc002,biggica01
110988,biggc101,biggsch01
685801,biggh001,biggehu01
110989,bigli101,biglepe01
110990,bigng101,bignege01
110991,biitl101,biittla01
110992,bilad001,bilarda01
110993,bilbj101,bilbrji01
110994,bilde101,bildiem01
110995,bilks101,bilkost01
150358,billb001,billibr01
501852,billb002,billibr02
451532,billc001,billich01
111000,billd101,billidi01
110996,billh101,billiha01
110997,billj101,billija01
110998,billj102,billijo02
110999,billj103,billijo01
434738,billm801,
820512,bindj101,bindeji01
820508,bingb101,binghbi01
820511,bingw102,
111001,binkg101,binksge01
820507,binsu101,binso01
820504,biotc101,biotca01
820506,biraj101,
111002,biras101,birasst01
111003,bircj101,birchju01
111006,birdd101,birddo01
111008,birdd102,birdsda01
111004,birdf101,birdfr01
595885,birdg001,birdgr01
111005,birdg101,birdge01
806185,birdh001,birdsha01
656234,birdj001,birdja01
,birdj101,
613317,birdk001,birdky01
820502,birdl101,birdile01
111007,birdr101,birdre01
451256,birkk001,birkiku01
111009,birkm001,birkbmi01
111010,birkr101,birkora01
111011,birmj101,birmijo01
111012,birrb101,birreba01
111013,birtt001,birtsti01
111014,biscf101,biscafr01
111015,biscj101,bischjo01
445202,bisej001,bisenjo01
623323,bishb001,bishobr01
111023,bishb101,bishobi01
111022,bishb102,bishobi02
111016,bishc101,bishoch01
820503,bishc102,
111017,bishf101,bishofr01
,bishh901,
111018,bishj101,bishoji01
111019,bishl101,bisholl01
111021,bishm101,bishomi01
111020,bishm102,bishoma01
111024,bislr101,bislari01
111025,bissd101,bissode01
820505,bissj101,bissajo01
111026,bithh101,bithohi01
111027,bitkj001,bitkejo01
111028,bittj001,bittije01
,bittj101,
111029,bittr101,bittmre01
702352,bives001,bivensp01
111030,bivij101,bivinji01
444448,bixlb001,bixlebr01
820501,bizzj101,bizzlja01
,bjorc801,
111031,bjorg101,bjorkge01
111034,blacb001,blackbu02
111039,blacb101,blackbu01
111038,blacb102,blackbo01
111036,blacb103,blackbi01
453568,blacc001,blackch02
111042,blacc101,blackch01
820484,blacc102,blackch03
820491,blacc103,blackcl01
111033,blacd101,blackdo01
111032,blacd102,blackda01
431015,blacd701,
111041,blace101,blackea01
111048,blace102,blackew01
111040,blace103,blacket01
111049,blacf101,blackfr01
111047,blacg101,blackge02
111043,blacg102,blackge01
820489,blach101,blackhu01
820490,blach102,blackhe01
820495,blach103,blackho01
111035,blacj101,blackjo01
111044,blacj102,blackji01
111037,blacj103,blackjo02
650888,black701,
111046,blacl101,blackle01
696131,blacm001,blackma01
448147,blacn001,blackni01
621112,blacp001,blackpa01
605143,blacr001,blackra01
111045,blacr101,blackro01
429715,blact001,blacktr01
621389,blact002,blachty01
672012,blact003,blackty01
111050,blact101,blackti01
820493,blacu102,black05
502195,blacv001,blackvi01
,blacv101,blackve01
,blacw801,
111052,bladr101,bladtri01
111051,bladr102,bladera01
111053,blaeg101,blaehge01
111054,blaer101,blaemra01
594760,blaia001,blairaa01
111061,blaib101,blairbi01
111057,blaib102,blairbu01
820488,blaib103,blairbi02
542942,blaic001,blairca01
111056,blaid101,blairde01
111062,blaid102,blaisdi01
111055,blaif101,blairfo01
820487,blaig101,blairga01
820486,blail101,blairlo01
111058,blaip101,blairpa01
111060,blaiw001,blairwi01
111059,blaiw101,blairwa01
,blaiw901,
111067,blakb101,blakibo01
232694,blakc001,blakeca01
,blakd801,
111063,blake101,blakeed01
820485,blakf101,blakefr01
111064,blakh101,blakeha01
111066,blakl101,blakeli01
,blakm801,
820481,blako101,
503502,blakr901,
111065,blaks101,blakesh01
687134,blalb001,blalobr01
408213,blalh001,blaloha01
433217,blana001,blancan01
607468,blana002,blandal01
111069,blana101,blancal01
111083,blanc101,blantcy01
111075,blanc102,blankco01
111077,blanc103,blankcl01
820482,blanc104,blancch01
820483,blanc105,blancca01
680118,bland001,blancda02
111070,bland101,blancda01
111076,blanf101,blankfr01
111074,blanf102,blandfr01
,blanf901,
453923,blang001,blancgr01
111071,blang101,blancgi01
111072,blanh001,blanche01
111078,blanh101,blankho01
820479,blanh102,blanche02
430599,blanj001,blantjo01
111068,blanj101,blancjo01
111079,blank001,blankke01
452035,blank002,blankky01
111080,blanl001,blankla02
111082,blanl101,blankla01
150397,blanm001,blankma01
429280,blann001,blandna01
111073,blano101,blancos01
669854,blanr001,blancro01
433592,blant001,blancto01
663905,blant002,blanktr01
111081,blant101,blankte01
548305,blant801,
484183,blasc901,
111084,blasd101,blasido01
518466,blasj001,blashja01
111086,blass101,blassst01
111085,blasw101,blasiwa01
111089,blatb101,blattbu01
820475,blatf101,blattfr01
111088,blatj101,blatnjo01
111087,blats101,blatest01
111091,blauh101,blauvhe01
111090,blauj001,blausje01
111094,blayb101,blaylbo01
820477,blayf101,blaylfr01
111092,blayg101,blaylga01
111093,blaym101,blaylma01
518468,blazm001,blazemi01
111095,blazr001,blaziro01
820474,bleal101,bleacla01
668709,bledj001,bledajj01
820468,bledu101,bleds01
111096,blefc101,blefacu01
542946,bleij001,bleicje01
542947,bleir001,bleieri01
111097,blemr101,blemkra01
111098,blesi101,blessik01
111099,bletc101,blethcl01
820469,blevf101,blevifo01
460283,blevj001,blevije01
111100,blewb101,blewebo01
656240,blews001,blewesc01
111101,blign101,blighne01
111102,blise101,blissel01
111103,blisf101,blissfr01
111104,blisj101,blissja01
669208,blisr001,blissry01
111105,blocb101,blockbr01
111106,blocc101,blockcy01
111107,bloct001,blockte01
820470,blocu101,block02
,blodc901,
111108,blogw101,bloggwe01
111110,blomb001,blomdbe01
111109,blomr101,blombro01
111111,blonj101,blongjo01
111113,bloob101,bloombu01
111112,blooj101,bloodji01
,blooj801,
,bloou901,
217100,bloow001,bloomwi01
111114,blosg001,blossgr01
814005,blosj001,blossja01
111115,blotj101,blottja01
431016,blour701,
111116,blowm001,blowemi01
805123,bluba001,blubaaj01
111117,blueb101,bluebe01
111122,bluej101,bluejji01
111118,bluel101,bluelu01
111121,blueo101,bluegot01
111120,blueo102,bluegos01
111119,bluev001,bluevi01
820465,bluev901,
111123,bluhr101,bluhmre01
111125,blumc101,blumecl01
150398,blumg001,blumge01
111124,blumj001,blumaja01
111126,blylb001,blylebe01
111127,blyzm101,blyzkmi01
820464,boadl101,boadalu01
111128,boakc101,boakch01
,boakj901,
111129,boarc101,boardch01
111130,boarf101,boardfr01
820466,boarg101,
111131,bobbr101,bobbra01
820463,bobow101,bobowi01
150375,bocah001,bocachi01
111132,boccj101,boccajo01
111133,bocem101,bocekmi01
111134,bochb001,bochtbr01
111136,bochb002,bochybr01
594762,bochb003,bochybr02
111135,bochd001,bochtdo01
111137,bocke101,bockmed01
,bockm101,
111138,bockr001,bockura01
501814,bocob001,bococbr01
111139,boddm001,boddimi01
111140,bodip101,bodiepi01
111141,boect101,boeckto01
111145,boehb001,boehrbr01
111142,boehg101,boehlge01
111143,boehj101,boehljo01
111144,boehl101,boehmle01
111146,boerl101,boernla01
453269,boesb001,boescbr01
111147,boevj001,boevejo01
111149,bogaj101,bogarjo01
111148,bogat001,bogarti01
593428,bogax001,bogaexa01
111150,boget101,bogente01
460267,boggb001,boggsbr01
,boggd901,
820467,boggg101,boggsge01
459939,boggm001,boggsmi01
111151,boggr101,boggsra01
111152,boggt001,boggsto01
111153,boggw001,boggswa01
111154,boglw101,boglewa01
460131,bogub001,bogusbr01
111155,bohab001,bohanbr01
111156,bohep101,bohenpa01
664761,bohma001,bohmal01
111157,bohnc101,bohnch01
111159,bohnj101,bohnejo01
,bohnm901,
111158,bohns101,bohnesa01
454533,bohnt001,bohntj01
111160,boisb101,boiscbr01
111161,boitd101,boitada01
111163,bokeb101,bokenbo01
111162,boked101,bokeldi01
111164,bokij101,bokinjo01
111166,bolab101,bolanbe01
111167,bolae101,bolaned01
671790,bolar001,bolanro01
111165,bolau101,bolan01
111169,boldb101,boldebi01
111168,boldc101,boldch01
111171,bolec101,bolesca01
,bolec901,
111172,bolej101,boleyjo01
492621,bolej801,bolesjo99
555673,bolek801,
111170,boles101,bolenst01
111173,bolgj101,bolgeji01
111175,bolib101,bolinbo01
111174,bolif001,bolicfr01
111180,bolld101,bollwdo01
111176,bollf101,bollifr01
111179,bollg101,bollogr01
111177,bollj101,bollija01
111178,bollm101,bollimi01
502211,bolsm001,bolsimi01
675989,boltc001,boltoco01
111184,boltc101,boltocl01
111181,boltc102,boltoce01
111182,boltr001,boltoro01
621450,bolts001,boltsk01
111183,boltt001,boltoto01
111185,bombm101,bombama01
433640,bombm801,
,bomet901,
111188,bondb001,bondsba01
111189,bondb101,bondsbo01
425827,bondj001,bondeje01
111186,bondt101,bondto01
820454,bondt102,bondte01
111187,bondw101,bondwa01
111190,boneg101,bonege01
111193,boneh101,boneyha01
111192,bonej101,bonetju01
111191,boner001,bonesri01
407794,bongj001,bongju01
111194,bongn101,bongini01
111196,bonhb101,bonhabi01
111195,bonht101,bonhati01
111199,bonib001,bonilbo01
466988,bonie001,bonifem01
444382,bonie002,bonined01
,bonig901,
111198,bonij001,bonilju01
593528,bonij002,bonifjo01
111197,bonij101,bonikjo01
570810,bonil001,bonilli01
111200,bonil101,boninlu01
111201,bonnb001,bonneba01
111203,bonnb101,bonnebo01
111204,bonnb102,bonnebi01
111202,bonnf101,bonnefr01
,bonnr101,bonnero01
111205,bonog101,bonogu01
425818,bonsb001,bonsebo01
,bonsn901,
111206,bonuz101,bonurze01
111207,booee101,booeev01
111209,bookb101,bookebu01
407094,bookc001,bookech01
111208,bookg001,bookegr01
820457,bookp101,
111210,bookr001,bookero01
820453,booku101,
111211,boola101,boolal01
111212,boolr101,boolere01
111213,boona001,booneaa01
820455,boona101,booneal01
111221,boonb001,boonebo01
111214,boonb002,boonebr01
111215,boond101,booneda02
111218,boond102,booneda01
111216,boong101,boonege01
111217,booni101,booneik01
111219,boonl101,boonelu01
820451,boonl102,boonele01
820449,boono101,booneos01
111220,boonr101,boonera01
592155,boosc001,booseca01
111223,boota101,bootham01
408052,bootc001,bootcch01
111224,boote101,boothed01
111225,bootj001,bootyjo01
820448,bootk101,
111222,bootu101,booth01
111226,boozj101,boozejo01
474865,borbj001,borboju01
111228,borbp001,borbope02
111227,borbp101,borbope01
111229,borcg101,borchge01
400021,borcj001,borchjo01
111235,bordb101,bordlbi01
111230,bordf101,bordafr01
111231,bordj101,bordejo01
111234,bordm001,bordimi01
111232,bordp001,bordepa01
111233,bordr001,bordiri01
111236,borgg101,borgmgl01
820447,borgj101,
677990,borgm801,
,borgs901,
111237,borip101,borispa01
111239,borkb101,borkobo01
150185,borkd001,borkoda01
111238,borkf101,borkfr01
111241,borlt001,borlato02
111240,borlt101,borlato01
657524,bormj001,bormajo01
111245,boroh101,borowha01
111244,boroj001,borowjo01
111242,boror101,boromre01
111243,boros101,borosst01
494748,boros801,
820445,borrm101,
,borrr801,
111246,bortb101,bortoba01
621366,borur001,borucry01
459635,borzm801,
111247,boscd101,boschdo01
400268,boscj001,boscajc01
517448,boscw001,boscawi01
111248,boser101,bosetri01
542953,boshb001,boshebu01
111249,bosic001,bosioch01
111250,bosks001,boskish01
111251,boslt001,bosleth01
111252,bosmd101,bosmadi01
111253,bossh101,bossha01
111254,bossm101,bosseme01
641384,bosta001,bostiak01
820438,bostb101,bostobo01
607471,bostc001,bostich01
111257,bostd001,bostoda01
820439,bostf101,bostifr01
111255,bosth101,bostihe01
111256,bostl101,bostoly01
820440,bostl102,bostoly02
820442,bostu101,bosti02
111258,boswa101,boswean01
111259,boswd101,bosweda01
111260,boswk101,bosweke01
111261,boted001,botelde01
623520,boted002,boteda01
434664,bottj001,bottsja01
111266,bottj101,bottoji01
111263,bottj102,bottajo01
111264,bottk001,botteke01
111262,bottr001,bottari01
111265,bottr101,bottira01
111267,botzb101,botzbo01
111269,bouca101,bouchal01
111270,boucd001,bouchde01
111268,bouce101,bouched01
111271,boucm101,bouchme01
656248,boucs001,bouchse01
111272,boudl101,boudrlo01
111273,boulc101,bouldca01
111274,boulj101,boultja01
111276,bourc101,bourjch01
430652,bourj001,bourgja01
571506,bourj002,bourju01
630263,bourj003,bourqja01
456422,bourm001,bournmi01
488721,bourp001,bourjpe01
111278,bourp101,bourqpa01
111277,bourr001,bournra01
111275,bours001,bourgst01
676961,bousc001,boushca01
111279,boutj101,boutoji01
111280,bovem001,boveemi01
,bovet901,
,bovez801,
111281,bowal001,bowala01
111282,bowcb101,bowcobe01
641386,bowdb001,bowdebe01
476601,bowdm001,bowdemi01
,bowdr101,
111283,bowdt101,bowdeti01
111290,boweb001,bowerbr01
111291,boweb101,bowerbi01
276914,bowec001,bowerce01
111287,bowec101,bowency01
111284,bowec102,bowench01
820437,bowec103,bowench02
111294,bowef101,bowesfr01
111289,bowef102,bowerfr01
820435,bowej101,bowerju01
820433,bowel101,bowerle01
820441,bowel102,bowele01
111285,bower001,bowenry01
425468,bower002,bowenro01
111292,bowes001,bowersh01
111286,bowes101,bowensa02
111293,bowes102,bowerst01
111288,bowes103,bowensa01
111295,bowij001,bowieji01
150295,bowim001,bowiemi01
435624,bowkj001,bowkejo01
406954,bowlb001,bowlebr01
111297,bowlc101,bowlech01
111298,bowle101,bowleem01
111296,bowlg101,bowlegr01
680742,bowlj001,bowlajo01
111300,bowls101,bowlist01
111299,bowlw101,bowliwe01
111301,bowma101,bowmaab01
111309,bowmb101,bowmabi01
111306,bowmb102,bowmabo02
111305,bowmb103,bowmabo01
111303,bowme101,bowmaer01
111302,bowme102,bowmael01
820429,bowme103,
111304,bowmj101,bowmajo01
621199,bowmm001,bowmama01
111307,bowmr101,bowmaro01
111308,bowms101,bowmasu01
820436,bowmu101,
111310,bowsr101,bowsere01
111311,bowst101,bowsfte01
434539,bowyt001,bowyetr01
502202,boxbb001,boxbebr01
591721,boycd701,
111318,boydb101,boydbi01
111317,boydb102,boydbo01
820819,boyde101,boyded01
111313,boydf101,boydfr01
820428,boydf102,boydfr02
111314,boydg101,boydga01
150150,boydj001,boydja02
111315,boydj101,boydja01
820424,boydj102,boydji01
571510,boydm001,boydma01
111312,boydo001,boydoi01
820426,boydo101,
111316,boydr101,boydra01
430641,boyeb001,boyerbl01
111320,boyec101,boyercl01
111319,boyec102,boyercl02
,boyej901,
111321,boyek101,boyerke01
111328,boylb101,boylebu01
111322,boyld101,boylado01
111323,boyle101,boyleed01
111329,boylh101,boyleha01
111324,boylh102,boylehe01
671212,boylj001,boylejo01
111327,boylj101,boyleja02
111326,boylj102,boyleja01
111325,boylj103,boyleji01
111330,bozem001,bozema01
111331,brabg101,brabege01
457581,braca001,brackan01
542960,bracb001,brachbr01
820422,bracd101,brackdo01
111332,bracg101,brackgi01
111334,bracj101,brackjo01
111333,bracj102,brackja01
611093,bracs001,brachsi01
605151,brada001,bradlar01
111340,brada101,bradlal01
111359,bradb001,bradybr01
656252,bradb002,bradlbo01
111351,bradb101,bradlbe01
111353,bradb102,bradlbi01
111364,bradb103,bradybo01
111367,bradb104,bradybi01
111336,bradb105,bradfbu01
111339,bradb106,bradfbi01
820418,bradb107,bradfbi02
136268,bradc001,bradfch01
607473,bradc002,bradfch02
674003,bradc003,bradfco01
111360,bradc101,bradycl01
820416,bradc102,bradfch03
111366,bradd001,bradydo01
460284,bradd002,bradeda01
111354,bradd101,bradsda01
111335,bradd102,bradedo01
111342,bradf101,bradlfo01
111341,bradf102,bradlfr01
820414,bradf103,bradyfa01
820417,bradf104,bradlfr02
111344,bradg101,bradlge02
111355,bradg102,bradsge01
111343,bradg103,bradlge01
111346,bradh101,bradlhu01
111345,bradh102,bradlhe01
598265,bradj001,bradlja02
605152,bradj002,bradlje01
111356,bradj101,bradsjo01
111362,bradj102,bradyji01
111347,bradj103,bradlja01
,bradj901,
680694,bradk001,bradiky01
111363,bradk101,bradyki01
111338,bradl101,bradfla01
150396,bradm001,bradlmi01
572728,bradm002,bradymi01
111348,bradm101,bradlma01
111361,bradn101,bradyne01
111349,bradp001,bradlph01
820412,bradp101,bradlpr01
820421,bradp102,
136420,bradr001,bradlry01
820413,bradr101,bradl03
111350,brads001,bradlsc01
111365,brads101,bradyst01
111357,bradt001,bradste01
671737,bradt002,bradlta01
111352,bradt102,bradlto01
111358,bradu102,brady01
820420,bradu104,bradl04
,bradu901,
111337,bradv101,bradfvi01
488722,bradz001,braddza01
111368,bragb101,bragabo01
111369,bragd001,braggda01
111370,bragd101,braggdi01
111371,bragg001,bragggl01
820405,bragj101,
,bragj801,
820406,bragr101,bragara01
111375,braia101,braital01
111373,braia102,brainas01
111372,braid101,brainda01
111374,braif101,brainfr01
111377,brama101,bramhar01
111376,brame101,brameer01
820410,bramu101,bramm01
111379,brana101,brancal01
111389,branb101,brandbi01
111386,branb102,brandbu01
111396,branc001,brantcl01
111385,branc101,brandch01
111392,brand101,branodu01
111387,brane101,branded01
820400,brang101,branige01
111380,branh101,brancha01
111397,branj001,brantje01
111394,branj002,bransje01
111388,branj101,brandja01
111393,brank101,branski01
111398,branm001,brantmi01
111384,branm002,brandma01
488726,branm003,brantmi02
111395,branm101,brantma01
111391,branm102,brannmi01
111381,brann101,brancno01
111390,brano101,brannot01
137140,branr001,branyru01
542963,branr002,brantro01
111383,branr101,brandro01
111382,branr102,brancro01
111378,branr103,brancra01
820402,brans101,branhsl01
111399,brask101,brashki01
666374,brasm001,brashma01
518489,brasr001,brasiry01
111400,brasr101,brashro01
820404,brata101,brathar01
111402,bratf101,bratsfr01
111401,bratj101,bratcjo01
111403,brauj101,braunjo01
461334,braur001,braunry01
460075,braur002,braunry02
111404,braus001,braunst01
643230,braus002,braulst01
111405,brava101,bravoan01
111406,braxg101,braxtga01
435538,brayb001,braybi01
664069,brayb002,braymbe01
111407,brayb101,braybu01
820395,brayj101,brayja01
,brayj102,
111409,braza101,brazlal01
425513,brazc001,brazecr01
820398,brazc101,
407376,brazd001,brazede01
111408,brazf101,brazifr01
623211,brazh001,brazohu01
430674,brazy001,brazoyh01
674053,brdam801,
111411,breaj101,breazji01
276506,breal001,breale01
111410,breas001,breamsi01
605154,brebj001,brebbjo01
111413,brecb101,breckbi01
111412,brech101,brechha01
111414,bredb001,bredebr01
,bredg901,
111415,breed101,breedda01
111416,breeh101,breedha01
430916,breej801,
111417,breem101,breedma01
,brees801,
820399,breeu101,brees01
608324,brega001,bregmal01
111419,breia101,breital01
111418,breif001,breinfr01
111420,breit101,breitte01
820397,breme101,bremeeu01
111421,bremh101,bremehe01
,bremn901,
111424,brena101,brennad01
111423,brenb001,brenlbo01
518490,brenb002,brentbr01
592165,brenb003,brennbr01
111432,brenb101,brenzbi01
111430,brenb102,brennbe01
,brenb901,
111426,brend101,brenndo01
641394,brenj001,brentja01
111429,brenj101,brennji02
111425,brenj102,brennji01
,brenj901,
111431,brenl101,brently01
111422,brens101,brenesa01
111427,brent001,brennto01
111428,brenw001,brennwi01
686823,brenw002,brennwi02
444520,bresc001,breslcr01
111435,brese101,bressed01
111434,bresr101,bressru01
111433,bresr102,bresnro01
111438,bretd101,bretthe01
111437,bretg001,brettge01
111436,bretj101,bretoji01
111439,bretk101,brettke01
592166,bretr001,brettry01
111440,breum101,breuema01
111447,brewb001,brewebi01
502033,brewc001,brewech01
605155,brewc002,breweco01
111449,brewc101,brewsch01
820392,brewc102,brewech02
111448,brewj001,brewija01
111443,brewj101,breweja01
111442,brewj102,breweji01
111444,brewm001,brewemi01
,brewm101,brewemc01
111445,brewr001,brewero01
820390,brews101,brewesh01
111441,brewt001,breweto02
111446,brewt101,breweto01
820391,brewu101,brews02
592169,brica001,briceau01
111450,brica101,briceal01
111452,bricf101,brickfr01
111451,bricf102,brickfr02
111453,bricg101,brickge01
593993,bricj001,bricejo01
111454,bricr101,brickra01
111459,brida101,bridwal01
681146,bridj001,bridejo01
111455,bridj101,brideji01
111457,bridm101,bridgma01
592170,bridp001,bridwpa01
111456,bridr101,bridgro01
111458,bridt101,bridgto01
689225,brieb001,briesbe01
111460,brieb101,briefbu01
111464,brigb101,briggbu01
820389,brigb102,briggbo01
111461,brigc101,briggch01
111462,brigd101,briggda01
111463,brigg101,brigggr01
111467,brigh101,brighha01
502010,brigj001,brighja01
656257,brigj002,brighje01
111466,brigj101,briggjo01
111465,brigj102,briggjo02
820387,brigo101,briggot01
458582,brigr001,brignre01
,brigw901,
111470,brilf101,brillfr01
111469,brilg001,brilegr01
111471,brilj101,brillji01
111468,briln101,brilene01
111472,brinb001,brinkbr01
111473,brinb101,brinkbi01
111474,brinc101,brinkch01
111475,brine101,brinked01
427041,brinj901,
621446,brinl001,brinsle01
111476,brinl101,brinkle01
820384,brinu101,brins02
111477,briof101,briodfa01
668754,brisb001,bristbr01
492622,brisd801,bristda99
111480,brisg101,bristge01
111478,brisj001,briscjo01
820381,brisj101,
111479,brisl101,brisslo01
,brism901,
111481,britb001,britobe01
542970,britb801,
461904,britc001,brittch01
518493,britd001,brittdr01
434560,brite001,britoeu01
111488,britg101,brittgi01
111485,britg102,brittgu01
820383,britg103,brittge01
111482,britj001,britojo01
408226,britj002,britoju01
666745,britj003,britojh01
111487,britj101,brittji02
111486,britj102,brittja01
111484,britj103,brittji01
820382,britj104,brittjo01
593647,brits001,britoso01
111483,britt001,britoti01
502154,britz001,brittza01
111489,brizt001,brizzto01
111490,broaj101,broacjo01
473560,broal001,broadla01
458678,broam001,broadmi01
,broau101,broad02
111491,brobp101,brobepe01
111496,brocc001,brockch01
111492,brocd001,brocado01
,brocf901,
111493,brocg001,brockgr01
111494,brocj101,brockjo01
,brocj901,
111497,brocl101,brockle01
111495,brocl102,brocklo01
150031,broct001,brockta01
518495,brodb001,brodebr01
111500,brodd101,brododi01
111498,brodm101,brodema01
111499,brods101,brodist01
641401,brogc001,brogdco01
111501,broge101,brogler01
111502,brogr001,brognri01
111503,brohj101,brohaja01
150151,broht001,brohatr01
820377,brokf101,
820376,brolu101,
111506,bronh101,bronkhe01
111505,bronj001,bronkje01
111507,bronj101,bronsji01
111504,bronk101,brondke01
820378,bronu101,brons02
605156,brooa001,brookaa01
820375,brooa101,brookam01
820364,brooa102,broomal01
111514,broob101,brookbo01
425905,broof001,brookfr01
499385,broog701,
111511,brooh001,brookhu01
111510,brooh101,brookha01
111508,brooi101,brookik01
820372,brooi102,brookir01
111512,brooj001,brookje01
820369,brooj101,brookje02
820367,brooj102,broomjb01
820368,brooj103,brookjo01
111513,broom101,brookma01
820366,broos101,brooksi01
111509,broot001,brookto01
670092,broot002,brooktr01
433218,brosc701,
111519,brosf101,brossfr01
111517,brosj101,brosnji01
670712,brosm001,brossmi01
111515,bross001,brosisc01
111516,bross101,brosksi01
111518,brost001,brosste01
571521,brotr001,brothre01
111520,brott101,brottto01
111523,broua101,broutar01
407777,broub001,brousbe01
111521,brouc101,brougca01
111524,broud101,broutda01
111522,broum001,brouhma01
111525,brovj101,brovijo01
111531,browa001,brownad01
408046,browa002,brownan01
518500,browa003,brownan02
111532,browa101,brownal01
111589,browb001,brownbo04
111529,browb002,browebo01
111533,browb003,brownbr01
446135,browb004,brownba01
453156,browb005,brownbr02
676962,browb006,brownbe02
111603,browb101,brownby01
111536,browb102,brownbu01
111534,browb103,brownbo01
111602,browb104,brownbi01
111588,browb105,brownbo03
111587,browb106,brownbo02
820349,browb107,brownba02
820350,browb108,brownbe01
820345,browb110,
,browb901,
111540,browc001,browncu03
111559,browc002,brownch02
446395,browc003,brownco01
111535,browc101,brownch01
111539,browc102,browncu02
111538,browc103,browncl01
111537,browc104,browncu01
111608,browc105,brownca01
820456,browc106,brownco02
820344,browc107,browncu04
820343,browc108,browncl02
111541,browd001,brownda01
150202,browd002,brownde02
451259,browd003,browndu01
502126,browd004,browndo01
111543,browd101,browndr01
111585,browd102,browndi01
111542,browd103,brownde01
820337,browd104,brownda02
492474,browd801,brownda99
,browd901,
111548,browe001,brownem01
111547,browe101,brownel01
111545,browe102,browned02
111544,browe103,browned01
111604,browe104,brownea01
820340,browe106,brownea02
111549,browf101,brownfr01
111527,browf102,browefr01
111609,browf103,brownfr02
492623,browf801,brownfr99
518502,browg001,brownga02
111601,browg101,brownga01
111605,browg102,brownge01
820335,browg103,brownge02
467788,browg801,
686613,browh001,brownhu01
111550,browh101,brownha01
820331,browh102,
111551,browi101,brownik01
111606,browj001,brownje01
111557,browj002,brownja03
150342,browj003,broweji01
150343,browj004,brownja04
425851,browj005,brownje02
488740,browj006,brownjo05
111560,browj101,brownjo02
111564,browj102,brownjo03
111563,browj103,brownjo01
111562,browj104,brownjo04
111558,browj105,brownja02
111556,browj106,brownji01
111555,browj107,brownji03
111553,browj108,brownji02
111552,browj109,brownja01
111597,browj110,brownju01
820325,browj111,brownji04
820330,browj112,brownje03
820323,browj113,brownjo06
820324,browj114,brownjo07
820329,browj115,brownja05
,browj901,
,browj902,
111554,browk001,brownke01
111565,browk002,brownke02
111566,browk003,brownke03
111567,browk004,brownke04
111571,browl101,brownll01
111570,browl102,brownle01
111569,browl103,brownle02
111568,browl104,brownla01
111561,browl105,brownli01
111528,browl106,browelo01
820322,browl107,brownla02
111573,browm001,brownma02
111575,browm002,brownmi02
111576,browm003,brownmi01
111574,browm004,brownma03
136301,browm005,brownma04
456762,browm006,brownma05
685326,browm007,brownmc01
111578,browm101,brownmy01
111577,browm102,brownmo01
111572,browm103,brownma01
820321,browm104,brownma06
820320,browm105,
111579,brown101,brownno01
111582,browo101,brownos01
111581,browo102,brownol02
111580,browo103,brownol01
820318,browo104,brownos02
111583,browp101,brownpa01
111610,browp102,brownpe01
111607,browp103,brownpi01
150032,browr001,brownro02
111584,browr101,brownra01
111546,browr102,brownra02
506627,browr103,brownra99
820312,browr104,brownro03
111592,brows001,brownst02
111526,brows002,browsc01
664913,brows003,brownse01
111591,brows101,brownsc01
111586,brows102,brownst01
111590,brows103,brownsa01
820314,brows104,brownsc02
111611,browt001,brownto05
623143,browt002,browntr01
111596,browt101,brownto03
111595,browt102,brownto01
111594,browt103,brownto02
111593,browt104,brownto04
820310,browt105,browntj01
820309,browt106,brownte01
111530,browu101,brown01
111600,broww101,brownwi02
111599,broww102,brownwi01
111598,broww103,brownwa01
,broww104,
,broww901,
455009,broxj001,broxtjo01
542979,broxk001,broxtke01
,broyu101,broyl01
111613,brubb101,brubabi01
111612,brubb102,brubabr01
664141,brubj001,brubajt01
111619,bruca101,bruckan01
111615,brucb101,brucebo01
820306,brucc101,brucecl01
,brucd901,
111618,bruce101,bruckea01
111617,bruce102,bruckea02
111616,brucf101,bruckfr01
457803,brucj001,bruceja01
111614,brucl101,brucelo01
820305,brucl102,brucell01
111620,bruej001,bruetj.01
111621,brugf101,bruggfr01
595144,brugj001,brugmja01
111622,bruhm101,bruhemi01
677865,bruij001,bruihju01
660644,brujv001,brujavi01
406733,brumc001,brumbcl01
111625,brumd001,brumldu01
111627,brumg001,brummgl01
111628,brumg002,brummgr01
111623,brumj001,brumfja01
111624,brumm001,brumlmi02
111626,brumm101,brumlmi01
445204,brumt001,brummty01
111634,bruna101,brunsar01
430663,brunb001,brunebr01
429731,brune001,brunter01
,brunf101,
111632,brung101,brunege01
276535,brunj001,bruneju01
111630,brunj101,bruneja01
111631,brunr101,brunero01
,brunr901,
111629,brunt001,brunato01
111633,brunt101,brunoto01
133981,brunw001,brunswi01
111635,brusb101,brushbo01
111636,brusj001,bruskji01
111637,brusw001,brusswa01
111638,brutb101,brutobi01
820301,brutj101,brutoja01
111639,bruye101,bruyeed01
820299,bryaa101,bryanal01
111640,bryab101,bryanbi01
111641,bryac101,bryancl01
111643,bryad101,bryando01
111642,bryad102,bryande01
111644,bryag101,bryange01
592178,bryak001,bryankr01
111645,bryar001,bryanra01
111646,bryar101,bryanro01
820300,bryar102,bryanrb01
111647,brydt001,brydet.01
111648,bryes101,bryest01
111649,brynt101,brynato01
694350,brzyz001,brzykza01
460647,bubej001,bubelja01
663460,bubik001,bubickr01
111650,bubsh101,bubseha01
111653,buchb001,buchabo01
150211,buchb002,buchabr01
453329,buchc001,buchhcl01
820296,buchc101,buchach01
571527,buchd001,buchada01
,buchg101,
594772,buchj001,buchaja01
111655,buchj101,bucheji01
111654,buchj102,bucheje01
111652,buchj103,buchaji01
111651,buchj104,buchajo01
488748,buchr001,buchtry01
430587,bucht001,buchhta01
,buchw901,
492625,bucka801,buckeal99
111663,buckb001,bucknbi01
434438,buckb002,bucknbi02
427044,buckc901,
111662,buckd101,buckldi01
111658,bucke101,buckied01
111656,buckg001,buckega02
111657,buckg101,buckega01
820288,buckh101,
407833,buckj001,buckjo01
111660,buckj101,buckljo01
111659,buckj102,bucklje01
111661,buckk001,bucklke01
503503,bucks901,
459941,buckt001,bucktr01
820295,bucku101,
820294,bucku102,
,buckw901,
111664,budam101,budasma01
111666,buddd101,buddido01
133322,buddm001,buddimi01
452150,buddr001,buddery01
111665,buddu101,budd01
111667,budnm101,budnimi01
400119,budzm001,budzima01
111668,buecs001,buechst01
279824,buehm001,buehrma01
621111,buehw001,buehlwa01
111669,buelc101,bueloch01
111670,buelf101,buelofr01
499107,buenf001,buenofr01
502055,buenj001,buentja01
111671,buesa101,buesar01
111672,buffc101,buffich01
820291,bufob101,buforbl01
111673,bufod001,buforda01
111674,bufod101,bufordo01
820286,bufoo101,
111675,buhlb101,buhlbo01
111676,buhnj001,buhneja01
111677,buicd001,buicede01
656266,bukaj001,bukaujb01
111678,bukec101,bukercy01
111679,bukeh101,bukerha01
424426,bukvr001,bukviry01
408072,bulgj001,bulgeja01
425860,bullb001,bullibr01
111683,bullb101,bullibu01
,bullc901,
111685,bulle001,bulloer01
111680,bullg101,bullage01
111684,bullj001,bulliji01
136580,bullk001,bulliki01
111686,bullr101,bullore01
111682,bulls001,bullesc01
111681,bulls101,bullasi01
111687,bumba001,bumbral01
518516,bumgm001,bumgama01
607481,bumma001,bummeaa01
820287,bumpe101,bumpuea01
482140,bumpl701,
425546,bumpn001,bumpna01
,buncf901,
,bunch901,
111688,buncj101,buncejo01
111689,buncm001,bunchme01
605164,bundd001,bundydy01
494171,bundl801,
111690,bunkw101,bunkewa01
111691,bunnj101,bunniji01
820283,bunnw101,bunnwi01
592181,burad001,burawda01
111693,burbb101,burbabi01
820285,burbb102,burbabu01
111692,burbd001,burbada01
111694,burbn101,burbrne01
820279,burbu101,burba02
111695,burca101,burchal01
111696,burce101,burcher01
820281,burce102,
111698,burcf101,burchfr01
111697,burcl101,burchla01
820280,burcw101,burchwa01
111702,burdb101,burdibi01
111699,burdb102,burdabo01
111700,burdf101,burdefr01
111703,burdj101,burdoja01
111701,burdl101,burdele01
595897,burdn001,burdini01
680814,burdp001,burdipe01
641420,burdz001,burdiza01
434586,burga001,burgoam01
111708,burgb101,burgobi01
111709,burge001,burgoen01
542609,burge002,burgoen02
572744,burgh001,burgohi01
669394,burgj001,burgeja01
686228,burgj002,burgoju01
820282,burgl101,
111704,burgp101,burgjo01
820275,burgp102,burgep02
820274,burgp103,burgep01
670103,burgr001,burgora01
820278,burgr101,burgira01
111705,burgs101,burgesm01
111707,burgt001,burgmto01
111706,burgt101,burgeto01
111710,burib101,buricbi01
656271,burkb001,burkebr01
111731,burkb101,burkebi02
111728,burkb102,burkebo01
429663,burkc001,burkech01
111713,burkc101,burkach01
111715,burkd101,burkeda01
111736,burke001,burksel01
111716,burke101,burkeed01
111714,burke102,burkael01
820277,burke103,burkeer01
820270,burke104,
111717,burkf101,burkefr01
457566,burkg001,burkegr01
111718,burkg101,burkegl01
,burki901,
111734,burkj001,burkejo03
111721,burkj002,burkejo04
406550,burkj003,burkeja02
111733,burkj101,burkeje01
111723,burkj102,burkejo01
111722,burkj103,burkejo02
111720,burkj104,burkeji01
111719,burkj105,burkeja01
820271,burkj106,burkejo05
111735,burkk101,burkhke01
111725,burkl101,burkele01
111724,burkl102,burkele02
328692,burkm001,burkhmo01
111712,burkm101,burkma01
111726,burkm102,burkemi01
111727,burkp101,burkepa01
680732,burks001,burkese01
111711,burks101,burksa01
111729,burks102,burkest01
111730,burkt001,burketi01
111732,burkw101,burkebi01
676475,burla001,burleal01
,burlf901,
111737,burlr001,burleri01
150359,burna001,burnea.01
488751,burna002,burneal01
542992,burna003,burnsan01
111757,burnb001,burnsbr01
542993,burnb002,burnsbi02
111761,burnb101,burnsbi01
451132,burnc001,burnsco01
669203,burnc002,burneco01
695505,burnc003,burnsch01
111743,burnc101,burnsc.01
111744,burnd101,burnsde01
111756,burnd102,burnsdi01
111745,burne101,burnsed01
111748,burnf101,burnsfa01
111747,burng101,burnsge01
111746,burng102,burnsge02
111738,burnh101,burnehe01
111742,burnj001,burnije01
111754,burnj101,burnsjo03
111753,burnj102,burnsjo02
111752,burnj103,burnsjo01
111751,burnj104,burnsja01
111750,burnj105,burnsja02
111749,burnj106,burnsji01
111740,burnj107,burneja01
111739,burnj108,burnejo01
,burnj901,
446916,burnm001,burnsmi01
111759,burno101,burnsoy01
111755,burnp101,burnspa01
111762,burnp102,burnspe01
430634,burns001,burnese01
111763,burns101,burnssh01
111760,burnt001,burnsto02
111758,burnt101,burnsto01
820265,burnt102,burnete01
,burnu901,
111741,burnw101,burnewa01
820264,burnw102,burnswi01
820266,burnw103,burnhwi01
492626,burnw801,burnhwa99
111764,burpg101,burpoge01
111769,burra101,burrial01
111765,burra102,burral01
434638,burrb001,burrebr01
663366,burrb002,burrobe01
111766,burrb101,burrebu01
111776,burrd101,burrudi01
502034,burre001,burriem01
111772,burrh101,burrohe01
111767,burrh102,burreha01
111773,burrj001,burroje01
111774,burrj101,burrojo01
111768,burrl101,burrila01
681347,burrm001,burromi01
150100,burrp001,burrepa01
111771,burrp101,burripa01
111770,burrr001,burrira01
621114,burrr002,burrry01
284568,burrs001,burrose01
820267,burrs101,burrisa01
111775,burrt001,burrote01
820263,burtb101,
111781,burtd001,burttde01
820261,burtd101,burtodi01
111778,burte101,burtoel01
111777,burtf101,burtfr01
454537,burtj001,burtoja01
111779,burtj101,burtoji01
,burtl901,
111780,burtm101,burtsmo01
820258,burts101,burtosa01
111783,burwb101,burwebi01
111782,burwd101,burwedi01
111784,busbj101,busbyji01
820260,busbj102,busbyji02
111785,busbm001,busbymi01
820255,busbm101,
111786,busbp101,busbypa01
111787,busbs101,busbyst01
430927,buscb001,buschbr01
111790,buscd101,buschdo01
111788,busce101,busched01
111789,buscm001,buschmi01
501936,buscm002,buschma01
683737,buscm003,buschmi02
641427,busea001,busenal01
,busha901,
111798,bushc001,bushich01
433657,bushd001,bushda01
111799,bushd101,bushodo01
111794,bushd102,bushdo01
501064,bushd701,
470252,bushd801,
111797,bushf101,bushefr01
111791,bushg101,bushgu01
,bushg901,
111792,bushh001,bushho01
111796,bushj101,busheja01
111793,bushj102,bushjo01
681066,bushk001,bushky01
456713,bushm001,bushma01
111795,bushr001,bushra01
482141,busij701,
111800,buskj101,buskejo01
111801,buskm101,buskemi01
111802,buskt101,busketo01
502544,bussn001,bussni01
111803,bussr101,bussera01
820253,busth101,bustehe01
820254,bustl101,
111805,butch101,butchha01
111806,butcj001,butchjo01
111807,butcm001,butchmi01
111804,butcm101,butchma01
535257,butcp701,
460077,buted001,buterdr01
111808,butes001,butersa01
111809,butke101,butkaed01
134264,butla001,butlead01
111811,butla101,butlear01
111812,butlb001,butlebr01
150450,butlb002,butlebr02
456714,butlb003,butlebi03
111823,butlb101,butlebi02
111824,butlb102,butlebi01
111810,butlb103,butlabi01
111814,butlc101,butlech01
111813,butlc102,butlece01
,butlc901,
576788,butld001,butleda01
111821,butld101,butledi01
572750,butle001,butleed01
820250,butle101,butleed02
111815,butlf101,butlefr01
111817,butli101,butleik01
453332,butlj001,butlejo03
542994,butlj002,butlejo04
111819,butlj101,butlejo02
111818,butlj102,butlejo01
572751,butlk001,butleke01
111816,butlk101,butleki01
111825,butlk102,butleki02
671732,butll001,butlela01
492627,butlo801,butleor99
111822,butlr001,butlero01
111820,butlr002,butleri01
,buttb801,
111827,buttf101,buttefr01
676130,buttj001,buttojo01
621142,buttt001,buttrty01
111826,buttt101,butteto01
820249,buttt102,buttsto01
621439,buxtb001,buxtoby01
111828,buxtr101,buxtora01
111829,buzaj101,buzasjo01
111830,buzhj101,buzhajo01
820248,byass101,byassu01
111833,byerb101,byersbi01
111832,byerb102,byersbu01
111831,byerb103,byerlbu01
111834,byerr001,byersra01
425503,bynuf001,bynumfr01
407803,bynum001,bynummi01
820247,byrdb101,byrdbi01
111835,byrdh101,byrdha01
111836,byrdj001,byrdji01
111837,byrdj101,byrdje01
407781,byrdm001,byrdma01
820244,byrdo101,byrdol01
111838,byrdp001,byrdpa01
111839,byrds101,byrdsa01
136263,byrdt001,byrdati01
111841,byrnb101,byrnebo01
,byrnc801,byrnech99
291565,byrne001,byrneer01
111843,byrnj101,byrneji01
111840,byrnj102,byrneje01
490997,byrnj902,
111844,byrnm101,byrnemi01
111842,byrnt101,byrneto01
,byrol901,
111845,bystm001,bystrma01
676609,cabaj001,cabaljo01
111846,cabap101,cabalpu01
663550,cabbt001,cabbatr01
111847,cabee001,cabelen01
,cabeg901,
,cabel901,
294697,cabra001,cabreal02
452678,cabra002,cabreas01
501227,cabra003,cabreal03
111848,cabra101,cabreal01
501627,cabrc001,cabrace01
425555,cabrd001,cabreda01
465784,cabre001,cabreev01
542369,cabre002,cabreed01
665795,cabre003,cabreed02
111849,cabrf001,cabrefr01
425507,cabrf002,cabrefe01
650893,cabrg001,cabrege01
111850,cabrj001,cabrejo01
132660,cabrj002,cabrejo02
517411,cabrj801,
820233,cabrl101,cabrelu01
820236,cabrl102,cabrelo01
408234,cabrm001,cabremi01
466320,cabrm002,cabreme01
606291,cabrm003,cabrema01
,cabrn801,
111851,cabro001,cabreor01
665828,cabro002,cabreos01
541608,cabrr001,cabrera01
820234,cabrr101,cabrera02
111852,cacec101,cacekcr01
111853,cacee001,cacered01
680983,cacek001,cacerke01
475106,cadac801,
111854,cadag001,cadargr01
820228,cadej101,cadejo01
111855,cadol101,cadorle01
111856,cadyc101,cadych01
111857,cadyh101,cadyhi01
111858,cafet101,cafegto01
111860,caffb101,caffybe01
111859,caffj101,caffijo01
,caffu101,carfred01
111861,cagew101,cagewa01
695506,caglj001,caglija01
111862,cahij101,cahiljo01
502239,cahit001,cahiltr01
111863,cahit101,cahilto01
111866,cainb101,cainbo01
456715,cainl001,cainlo01
111864,cainl101,cainle01
430912,cainm001,cainma01
820227,cainm101,cainma02
111865,cains101,cainsu01
331792,cairc001,cairnca01
111867,cairm001,cairomi01
683357,caiso001,caissow01
111868,caitg101,caithge01
111871,caldb101,caldwbr01
820225,caldb102,caldebe01
111872,caldc101,caldwch01
111873,calde101,caldwea01
820224,calde102,caldeev01
111869,caldi001,caldeiv01
111875,caldm001,caldwmi01
111876,caldr101,caldwra02
111874,caldr102,caldwra01
111870,calds101,caldesa01
425606,calek001,calerki01
111879,calhb101,calhobi01
111877,calhj001,calhoje01
111878,calhj101,calhoja01
594777,calhk001,calhoko01
820226,calhl101,calhole01
820220,calhr101,calhoro01
641432,calhw001,calhowi01
434118,calic001,calica01
111880,calif101,caligfr01
466252,calim801,
593525,calio001,calixor01
111881,caliw101,calihwi01
430948,calla001,callaal01
669743,calla002,callal02
111883,callb101,callabe01
111884,calld101,callada01
111885,calle101,callaed01
111894,callf101,callafr01
621094,callj001,callaja01
111895,callj101,callijo01
111889,callj102,callajo01
111888,callj103,callaji01
111887,callj104,callaji02
,callj105,
111890,calll101,callale01
209068,callm001,callami01
111882,callm101,callama01
111886,calln101,callani01
111891,callp101,callapa01
407827,callr001,calloro01
111892,callr101,callara01
682997,callt001,callity01
111893,callw101,callawe01
111896,calmd101,calmudi01
663971,calvb001,calvobl01
111899,calvj101,calvoja01
,calvj102,
111897,calvm001,calvema01
111898,calvp101,calvepa01
430899,calzn001,calzana01
547176,camad001,camarda01
111900,camae001,camacer01
622666,camaj001,camarjo01
665856,camaj002,camarja01
,camaj801,
111901,cambf101,cambrfr01
,camec101,
663662,camed001,camerda01
111902,cameh101,camelha01
111903,camej101,camerja01
452298,camek001,camerke01
111904,camem001,camermi01
552829,camem701,
702070,camen001,camerno01
491708,camia001,caminar01
111906,camid101,camildo02
111905,camid102,camildo01
691406,camij001,caminju01
475288,camij801,
111908,camik001,caminke01
111907,camil101,camillo01
276507,camme001,cammaer01
111910,camnh101,camniho01
111909,camnh102,camniha01
111917,campa101,campaal01
111920,campa102,campbar01
482613,campa902,
111941,campb001,campbbi02
457902,campb002,campbbr02
111916,campb101,campabe01
111922,campb102,campbbr01
111940,campb103,campbbi01
820208,campb104,campbbu01
820206,campb105,campbbo01
,campb901,
,campb902,
111919,campc101,campaco01
111942,campc102,campeca01
111925,campd101,campbda01
111924,campd102,campbda02
820207,campd103,campbda03
,campd901,
493472,campe001,campber01
820203,campe101,campbem01
111945,campf101,campofr01
,campf901,
672569,campg001,campegu01
111939,campg101,campbgi01
820196,campg102,
111926,camph101,campbhu01
111911,camph102,campho01
663462,campi001,campbis01
111927,campj001,campbji03
435658,campj002,campijo01
111931,campj101,campbjo02
111930,campj102,campbjo01
111929,campj103,campbji02
111928,campj104,campbji01
111918,campj105,campaji01
820201,campj106,campijo02
111932,campk001,campbke01
692225,campk002,campbkr01
111914,campk101,campki01
599998,campl001,campole01
669134,campl002,campulu01
111912,campl101,cample01
111935,campm001,campbmi01
111934,campm101,campbma01
111933,campm102,campbma02
669294,campp001,campbpa02
111936,campp101,campbpa01
111913,campr001,campri01
111937,campr101,campbro01
111915,campr102,camparo01
820204,campr103,camporo01
111946,camps001,campusi01
425861,camps002,campsh01
111938,camps101,campbsa01
111944,camps102,campisa01
111943,camps103,campfsa01
111923,camps104,campbso01
542999,campt001,campato01
820195,campt101,
553883,campv001,campovi01
111921,campv101,campbvi01
672744,canaa001,canaral01
111947,canag001,canalge01
111949,canah101,canavhu01
111950,canaj101,canavji01
820199,canaj102,canadji01
111948,canaw001,canatwi01
236155,cancr001,cancero01
111951,candc001,candaca01
111952,candj001,candejo01
600869,candj002,candeje01
111953,candm101,candimi01
111954,candt001,candito01
111955,canej101,caneijo01
111956,cangj001,cangejo01
592192,canhm001,canhama01
820190,cania101,canizav01
498568,canib001,canizba01
111957,canij001,canizja01
462375,canna001,cannian01
111959,cannc101,cannich01
656288,canng001,cannigr01
686563,cannj001,cannojo02
111960,cannj101,cannojo01
111958,cannr101,canneri01
820194,cannr102,cannori01
820192,cannw101,cannawa01
111961,canoj001,canojo01
429664,canor001,canoro01
666974,canoy001,canoye01
111962,cansj001,cansejo01
111963,canso001,canseoz01
111968,cantb101,cantzba01
111965,cantb102,cantwbe01
820188,cantd101,cantode01
111964,cantg101,cantrgu01
408305,cantj001,cantujo01
676282,cantj002,cantijo01
492630,cantj801,cantijo99
111966,cantm101,cantwmi01
111967,cantt101,cantwto01
686527,canzd001,canzodo01
444453,canzr001,canzlru01
668843,capec001,capelco01
430642,capej001,capeljo01
820186,capel101,caperle01
111969,capem001,capelmi01
111970,capid101,capildo01
,caplb101,
605169,cappc001,cappsca01
111971,cappg101,cappuge01
448165,cappm001,cappsma01
111972,caprb101,caprabu01
111973,caprn001,caprani01
111974,caprp101,capripa01
111975,caprr101,caprora01
681962,caprv001,capravi01
425626,capuc001,capuach01
820187,carae101,carabes01
491543,caraj901,
571539,caram001,carasma01
111977,carap101,carawpa01
111976,carar001,carabra01
605170,carav001,caratvi01
483569,carav901,
111979,carbb101,carbobe01
111978,carbj101,carbijo01
502133,carda001,cardead01
111984,cardb101,cardobe01
111983,cardc101,cardico01
111985,cardd101,cardwdo01
820179,cardf101,cardefr01
276345,cardj001,cardoja01
111981,cardj101,cardejo02
111980,cardj102,cardejo01
111982,cardl101,cardele01
506924,cards001,cardust01
111987,carea101,careyan01
111989,carem101,careyma01
111990,carep001,careypa01
,carep801,
111986,carer001,carewro01
111991,carer101,careyro01
111988,cares101,careysc01
111993,caret101,careyto01
111992,caret102,careyto02
111994,cargb101,cargobo01
446398,caria001,carigan01
534428,carie001,carides01
111995,carif101,carisfr01
234194,carlb001,carlybu01
,carlb901,
112009,carlc101,carlycl01
112002,carlc102,carloci01
112004,carld001,carlsda01
666185,carld002,carlsdy01
656290,carld003,carltdr01
112003,carld101,carlsdo01
556513,carld801,
111996,carlf101,carlfr01
112005,carlh101,carlsha01
434482,carlj001,carlsje01
112000,carlj101,carliji01
111998,carlj102,carleji01
450192,carll001,carlilu01
112006,carll101,carlsle01
111997,carll102,carlle01
820180,carlm101,carlima01
427053,carlm901,
112010,carlr101,carlyro01
112008,carls001,carltst01
641438,carls002,carlesh01
112007,carls101,carlssw01
820182,carls102,carlisy01
111999,carlt101,carlete01
112001,carlw101,carliwa01
112014,carmc101,carmich01
112011,carmd001,carmado01
112013,carmd101,carmedu01
433584,carmf001,carmofa01
112012,carmg101,carmage01
112015,carmr001,carmora01
112019,carnb101,carnebi01
,carnd801,
112016,carne101,carneed01
112017,carnj101,carnejo01
,carno101,
112018,carnp101,carnepa01
,carnr901,
502165,carpa001,carpean01
150084,carpb001,carpebu01
112024,carpb101,carpebo01
,carpb901,
112021,carpc001,carpecr01
112020,carpc002,carpech01
452764,carpc003,carpech02
502304,carpd001,carpeda01
518526,carpd002,carpeda02
434198,carpe701,
112026,carpf101,carpifr01
112025,carph101,carpehi01
,carpj901,
681481,carpk001,carpeke01
112022,carpl101,carpele01
455077,carpm001,carpmi01
572761,carpm002,carpema01
112023,carpp101,carpepa01
543001,carpr001,carpery01
820175,carpu101,carpe03
112034,carra001,carream01
692024,carra002,carrial01
112032,carra101,carraal01
448276,carrb001,carrobr01
112038,carrb101,carribi02
112037,carrb102,carribi01
820164,carrb103,
112028,carrc001,carrch02
460044,carrc002,carrice01
471911,carrc003,carraca01
606944,carrc004,carroco01
682998,carrc005,carroco02
112044,carrc101,carroch01
112051,carrc102,carrocl01
112041,carrc103,carrocl02
112035,carrc104,carreca01
112033,carrc105,carrach01
112027,carrc106,carrch01
820165,carrc107,carrecl01
820173,carrc108,carrcl01
425647,carrd001,carradj01
112050,carrd101,carrodi01
112049,carrd102,carrodo01
112042,carrd103,carrodi02
112040,carrd104,carrido01
485567,carre001,carreez01
112043,carre101,carroed01
112045,carrf101,carrofr01
112030,carrg001,carragi01
820169,carrg101,carrge01
112031,carrh001,carrahe01
,carrh901,
425206,carrj001,carroja01
468528,carrj002,carrejo01
820171,carrj101,carrjo01
112029,carrl101,carrle01
,carrl801,
112036,carrm001,carrema01
112039,carrm002,carrima01
112047,carro101,carroow01
112048,carrp101,carropa01
453222,carrs001,carrosc02
112046,carrs101,carrosc01
112053,carrt101,carroto02
112052,carrt102,carroto01
820170,carrw101,carrwa01
112055,carsa101,carsoal01
112057,carsf101,carswfr01
820159,carsf102,carswfr02
112056,carsk101,carsoki01
112054,carsk102,carseki01
454998,carsm001,carsoma01
518533,carsr001,carsoro01
112058,carta001,cartean01
112059,carta101,cartear01
820157,carta102,carteal01
,carta103,
112066,cartb101,cartebl01
820154,cartb102,cartebi01
452080,cartc001,cartech01
474892,cartc002,cartech02
820155,cartc101,cartecl01
,cartd801,
694497,carte001,carteev01
112070,carte101,cartwed01
112061,cartg001,cartega01
112063,carth101,carteho01
112064,cartj001,cartejo01
112062,cartj002,carteje01
820151,cartj101,carteji01
820147,cartk101,
112065,cartl001,cartela01
238796,cartl002,cartela02
820150,cartl101,cartele01
820148,cartm101,cartema01
,cartm102,
112060,cartn101,carteni01
112067,cartp101,cartepa01
820152,cartp102,cartepa02
112071,cartr101,cartyri01
112069,carts001,cartest01
112068,carts101,carteso01
820145,carts102,cartesp01
820142,cartw101,cartewi01
112072,carub101,carutbo01
134267,carum001,carusmi01
820144,caruu101,
434881,carvm001,carvama01
112073,caryc001,carych01
820146,caryk101,
112074,carys101,carysc01
592200,casac001,casalcu01
112075,casaj101,casalje01
112076,casap101,casanpa01
112077,casar001,casanra01
671213,casat001,casastr01
112078,cascj101,cascajo01
112088,caseb101,caseybi01
112086,caseb102,caseybo01
112079,casec101,casech01
112084,cased101,caseydo01
112082,cased102,caseyde01
112081,cased103,caseyda01
112080,caseg101,casege01
112083,caseh101,caseyhu01
112085,casej101,caseyjo01
820140,casej102,caseyjo02
820133,casem101,caseymi01
112087,cases001,caseyse01
820137,caseu101,case02
488768,casha001,cashnan01
820136,cashb101,cashbi01
112092,cashc101,cashica01
112089,cashd101,cashda01
408211,cashk001,cashke01
112090,cashn101,cashno01
112091,cashr101,cashro01
458210,casia001,casilal01
150015,casic001,casimca01
112093,casil001,casiala01
112094,caskc101,caskecr01
112095,caske101,caskied01
820134,casoj101,casonjo01
676508,caspb001,caspabe01
445001,cassb001,cassebo01
112097,casse101,cassied01
112096,cassh101,cassaha01
445222,cassj001,casseja01
112101,cassj101,cassija01
112099,cassj102,cassijo02
112098,cassj103,cassijo01
112100,cassp101,cassipe01
407859,casss001,cassisc01
112107,casta001,castial01
441368,casta002,castial02
543008,casta003,casteal01
502162,casta004,castran01
621593,casta005,castran02
112110,castb001,castibr01
408244,castb002,castrbe01
680604,castb003,castabl01
112130,castb101,castrbi01
112118,castc001,castica01
112111,castc002,castica02
593495,castd001,castrda01
650895,castd002,castidi01
641447,castd003,castada01
660636,castd004,castidi02
112122,castd101,castldo01
602080,caste001,castier01
112113,castf001,castifr01
466983,castf002,castrfa01
503566,castf003,castifa01
112125,castf101,castlfo01
112103,castg101,castege01
605612,casth001,castrha01
528748,casth002,castehu01
622668,casti001,castiiv01
,casti101,
112120,castj001,castijo01
112114,castj002,castiju01
112115,castj003,castiju02
112128,castj004,castrju01
425489,castj005,castijo02
488771,castj006,castrja01
620454,castj007,castijo03
112123,castj101,castljo01
112104,castj102,castiji01
820129,castj103,
494165,castj801,
457850,castk001,castoko01
665645,castk002,castrke01
112116,castl001,castilu01
516684,castl002,castile01
622491,castl003,castilu02
622379,castl004,castilu03
112129,castl101,castrlu01
820123,castl102,castrlu02
112117,castm001,castima02
612434,castm002,castrmi01
666721,castm003,castima03
112112,castm101,castima01
592206,castn001,casteni01
112102,castp001,castepe01
112127,castp101,castnpa01
112105,castp102,castipe01
112119,castr001,castibo01
135783,castr002,castrra01
425792,castr003,castrra02
628329,castr004,castiru02
624418,castr005,castery01
666801,castr006,castrro01
112126,castr101,castlro01
516770,casts001,castrst01
501563,casts002,castrsi01
112124,casts101,castlsl01
112109,castt001,castito02
112108,castt101,castito01
112106,castv001,castivi02
112121,castv101,castivi01
446868,castw001,castiwi01
456078,castw002,castiwe01
650489,castw003,castrwi01
112131,cataf001,catalfr01
112132,cated101,caterda01
112133,catee101,catesel01
820125,catej101,catesjo01
446452,catet001,catetr01
112136,cathh101,catheha01
112134,cathm001,cathemi01
112135,catht101,cathete01
820118,cathw101,cathewi01
112138,catoh101,catonho01
112137,catok001,catoke01
112139,cattj101,cattajo01
112140,cattt101,catteto01
112141,caudb001,caudibi01
112142,caulj101,caulfja01
,causk901,
112143,causr101,causere01
112144,causw101,causewa01
431017,cauzl701,
458187,cavaa001,cavazan01
676917,cavac001,cavalca01
,cavah901,
112145,cavaj101,cavanjo01
112146,cavap101,cavarph01
,caved901,
112147,cavei101,cavenik01
595909,cavej001,caveja01
112148,cavep101,cavetpu01
492631,caylo801,cayloop99
656302,ceasd001,ceasedy01
112149,cecca101,ceccaar01
594555,ceccg001,cecchga01
608325,ceccg002,cecchga02
677944,ceccs001,ceccosl01
112150,cecej001,cecenjo01
446399,cecib001,cecilbr01
571553,cecid001,cecilda01
112151,cecir101,cecilre01
469167,cedaj001,cedajo01
112152,cedea001,cedenan01
664977,cedeb001,cederbl01
112153,cedec001,cedence01
112154,ceded001,cedendo01
427058,cedeg901,
112155,ceder001,cedenro01
430592,ceder002,cedenro02
458584,cedex001,cedenxa01
598411,cejan901,
820117,celaa101,celadar01
665482,celeg001,celesgi01
518542,centj001,centeju01
112156,centp101,centepe01
112157,cepeo101,cepedor01
494880,cepew801,
820115,cephg101,cephugo01
407828,cepim001,cepicma01
407881,cerdj001,cerdaja01
112158,cerme101,cermaed01
112159,ceror001,ceronri01
430304,cerrj001,cerroju01
112160,ceruj001,cerutjo01
112161,cervb101,cervbo01
465041,cervf001,cervefr01
543017,cervh001,cervehu01
453941,cervm001,cervemi01
493316,cespy001,cespeyo01
570666,cessl001,cessalu01
112162,cey-r001,ceyro01
591701,chaca001,chacial01
112163,chace101,chacoel01
407860,chacg001,chacigu01
468504,chacj001,chacijh01
820111,chacp101,chacope01
276336,chacs001,chacosh01
112164,chadc101,chadbch01
112165,chadr001,chadwra01
605177,chafa001,chafian01
112166,chagl101,chagnle01
112167,chakb101,chakabo01
112168,chald101,chalkda01
112169,chalg101,chalmge01
,chalm101,
112175,chama001,chambal01
518545,chama002,chambad01
112181,chamb101,champbi01
112179,chamb102,chambbi01
112174,chamb103,chambbi02
112180,chamc001,chambch01
112170,chamc101,chambcr01
112176,chamc102,chambcl01
112171,chame101,chambel01
430081,chamj001,chambji01
501955,chamj002,chambjo03
112177,chamj101,chambjo02
112172,chamj102,chambjo01
112182,chamm101,champmi01
112178,chamr101,chambro01
820110,chamr102,chambru01
112173,chamw001,chambwe01
696149,chanb001,chandbu01
112184,chanb101,chancbo01
112191,chanc101,chantch01
112188,chand101,chaneda01
112185,chand102,chancde01
112189,chane101,chanees01
112186,chane102,chanded01
112183,chanf101,chancfr01
112190,chanl101,channle01
,chanm901,
112187,chans101,chandsp01
644374,chany001,changyu01
547973,chapa001,chapmar01
665953,chapa002,chapaan01
112209,chapb101,chappbi01
112205,chapb102,chapmbe01
112195,chapc101,chapmca01
112192,chapd001,chapida01
112196,chape101,chapmed01
112193,chape102,chapled01
820106,chape103,chapmed02
112197,chapf101,chapmfr01
112206,chapf102,chapmfr02
112198,chapg101,chapmgl01
112207,chaph101,chappha01
112199,chaph102,chapmha01
488776,chapj001,chapmja02
112201,chapj101,chapmjo01
112200,chapj102,chapmja01
112202,chapk001,chapmke01
502087,chapk002,chapmke02
112208,chapl101,chappla01
820107,chapl102,chapmle01
656305,chapm001,chapmma01
112203,chapr101,chapmra01
112204,chaps101,chapmsa01
425648,chapt001,chapmtr01
112194,chapt101,chaplti01
820104,chapu101,chape01
820105,chapu102,chapl02
820099,charb101,charlbe01
820103,charb102,chartbi01
112212,charc101,charlch01
112211,chare101,charled01
342492,charf001,charlfr01
608638,charj001,chargjt01
112210,charj101,charbjo01
112214,charm101,chartmi01
112213,charn001,charlno01
,charo101,charlos99
112215,charp101,chartpe01
820100,charp102,charlpo01
820101,charr101,charlre01
112216,chash101,chaseha01
112217,chask101,chaseke01
820093,chasu101,chase02
112218,chatb101,chathbu01
820094,chate101,chatmed01
112219,chatj101,chattji01
543022,chatt001,chatwty01
820097,chatu101,chatm01
112221,chava001,chavean01
425824,chava002,chavean02
136767,chave001,chaveer01
346795,chave002,chaveen01
445926,chavj001,chaveje01
656308,chavm001,chavimi01
112222,chavn101,chavene01
112220,chavo101,chavaos01
112223,chavr001,chavera01
429727,chavr801,
112224,chead101,cheadda01
820095,cheag101,
112225,checc101,chechch01
112226,checr001,checoro01
112227,cheeh101,cheekha01
112228,cheev101,cheevvi01
112229,cheli101,cheliit01
136600,chenb001,chenbr01
282600,chenc001,chench01
112230,chenl101,chenela01
691907,chent001,chengts01
112231,chent101,cheneto01
612672,chenw001,chenwe02
,chepj901,
112232,cherp101,chervpa01
457122,cherr001,cherrro01
112234,chesb101,chesnbo01
820087,chesd101,chestda01
112233,chesj101,chesbja01
112235,chetm101,chetkmi01
112236,chevt101,cheveto01
112237,chias001,chiamsc01
400130,chias002,chiassc01
453889,chicm001,chicoma01
435458,chict001,chicktr01
112238,chiff001,chifffl01
820089,chila101,childan01
112240,chilb101,childbi01
112242,chilc101,childcu01
112239,chilh101,childha01
431146,chilj001,childja01
400002,chilm001,childma01
,chilo901,
112244,chilp101,chilepe01
112243,chilp102,childpe01
112241,chilr001,childro01
112245,chilr101,chileri01
,chilu101,childsa01
112246,chiod101,chiozdi01
112247,chiol101,chiozlo01
112248,chipb101,chipmbo01
,chiph901,
112249,chipw101,chippwa01
455139,chirr001,chiriro01
630023,chiry001,chiriyo01
820086,chise101,chismel01
665862,chisj001,chishja01
820084,chisj101,chisujo01
502082,chisl001,chiselo01
112250,chist101,chismto01
492826,chitd801,
112251,chith101,chitiha01
112253,chitn101,chittne01
112252,chits001,chitrst01
683409,chiva001,chivian01
112254,chlub101,chlupbo01
135380,cho-j001,choji01
112255,choad101,choatdo01
329092,choar001,choatra01
400292,choih001,choihe01
596847,choij001,choiji01
574831,choim001,choicmi01
425783,choos001,choosh01
112257,choub001,chouibo01
112258,chouc101,chounch01
112256,chouf101,chouife01
694192,chouj001,chourja01
112259,chozh101,chozeha01
112268,chrib101,chrisbo01
112263,chrib102,chrisbr01
112269,chric001,chriscl01
112265,chric101,chriscu01
112266,chrig101,chrisga01
112264,chrij001,chrisjo02
112270,chrij002,chrisja01
451629,chrij003,chrisju01
112273,chrij101,chrisjo01
112267,chril101,chrisla01
112274,chril102,chrislo01
112262,chril103,chrisll01
112275,chrim001,chrismi02
150316,chrim002,chrismc01
112260,chrim101,chrismi01
112271,chrim102,chrisma01
543023,chrin001,chrisni01
112261,chrin101,chrisne01
134342,chrir001,chrisry01
112276,chrir101,chrisru01
112272,chris001,chrisst01
276337,chrit001,christi01
820083,chrit101,christh01
425562,chulv001,chulkvi01
112277,churb101,churcbu01
112280,churc101,churnch01
112278,churh101,churchi01
112281,churj101,churrjo01
112279,churl101,churcle01
687847,churm001,churcma01
701675,churn001,churcna01
425508,churr001,churcry01
,chyln901,chylane99
112282,ciafl101,ciaffla01
112283,ciana001,cianfar01
112284,ciarm001,ciardma01
112285,ciasd101,ciasda01
112286,cicej101,cicerjo01
112287,cicoa101,cicotal01
112288,cicoe101,cicoted01
112289,ciest101,cieslte01
112290,cihoa101,cihocal01
112291,cihoe101,cihoced01
643256,cimba001,cimbead01
112292,cimip101,ciminpe01
112294,cimof001,cimorfr01
112293,cimog101,cimolgi01
571561,cingt001,cingrto01
400090,cinta001,cintral01
112295,cioll101,ciolalo01
112296,ciprf101,ciprifr01
112297,cirij001,cirilje01
465674,cirip001,ciriape01
112298,cisag101,cisarge01
112299,ciscg101,ciscoga01
518553,cishs001,cishest01
542585,cisnj001,cisnejo01
112300,cissb101,cissebi01
112301,citar001,citarra01
624419,ciufn001,ciuffni01
650644,civaa001,civalaa01
112302,clabm101,clabamo01
112303,clacb101,clackbo01
488782,claga001,claggan01
112304,claid101,clairda01
502011,claip001,claibpr01
112305,clana101,clancal01
112307,clanb101,clancbu01
112308,clanb102,clancbi01
112306,clanj001,clancji01
112309,clanu101,clantuk01
112310,clapa101,clappaa01
150361,clapc001,clapich01
112311,clapj101,clappjo01
406893,claps001,clappst01
112351,clara101,clarkar01
112314,clara102,clarkal01
820072,clara104,clarkal03
,clara901,
112318,clarb001,clarkbr01
112339,clarb002,clarkbo04
276054,clarb003,clarkbr02
112368,clarb101,clarkbu01
112371,clarb102,clarkbi02
112365,clarb103,clarkbo02
112349,clarb104,clarkbi01
112341,clarb105,clarkbo03
112340,clarb106,clarkbo01
820062,clarb107,clarkbo05
,clarb901,
460612,clarc001,clarkco01
112331,clarc101,clarkca01
820065,clarc102,clarkca02
820076,clarc103,clarkcl01
112320,clard001,clarkda05
285070,clard002,clarkdo01
457489,clard003,clarkda06
672016,clard004,clarkde02
112319,clard101,clarkda04
112367,clard102,clarkda02
112364,clard103,clarkda01
112315,clard104,clarkda03
112313,clard105,claredo01
112312,clard106,clarede01
820070,clard107,clarkde01
112321,clare101,clarked01
112372,clare102,claryel01
112317,clare103,clarkea01
112352,clarf101,clarkfr01
112322,clarg101,clarkge01
112358,clarg102,clarkgr01
112325,clarg103,clarkgi01
112323,clarg104,clarkgl01
408201,clarh001,clarkho02
112355,clarh101,clarkho01
112354,clarh102,clarkhe01
112353,clarh103,clarkha01
112326,clarj001,clarkja01
112330,clarj002,clarkje01
400075,clarj003,clarkje02
112329,clarj101,clarkji01
112369,clarj102,clarkjo01
112357,clarj103,clarkjo02
112328,clarj104,clarkji03
112327,clarj105,clarkji02
112350,clarl101,clarkle01
112373,clarm001,claryma01
112332,clarm002,clarkma01
518558,clarm003,clarkma02
112334,clarm101,clarkmi01
112333,clarm102,clarkme01
820060,clarm103,clarkmo01
820068,clarm104,clarkma03
112356,clarn101,clarkni01
112347,claro101,clarkot01
112337,clarp001,clarkph02
112336,clarp101,clarkph01
112324,clarp102,clarkpe01
112359,clarr101,clarkru01
112343,clarr102,clarkro01
112342,clarr103,clarkro02
112338,clarr104,clarkri01
820064,clarr105,clarkra01
112360,clars001,clarkst02
112366,clars101,clarkst01
112361,clars102,clarksu01
112335,clars103,clarksp01
820061,clars104,clarkse01
112344,clart001,clarkte01
112316,clart002,clarkto02
664199,clart003,clarkta01
112362,clart101,clarkto01
112345,clarw001,clarkwi02
112348,clarw101,clarkwa02
112370,clarw102,clarkwa01
112363,clarw103,clarkwe01
112346,clarw104,clarkwi01
503483,clarz001,clarkza01
661403,clase001,claseem01
112374,clasg101,clasego01
682729,clasj001,clasejo01
592222,claua001,claudal01
112376,claua101,clausal01
407799,claub001,clausbr01
112375,clauf101,clausfr01
820057,claxj101,claxtji01
112379,clayb101,claybi01
112378,clayd001,clayda02
112377,clayd101,clayda01
112380,clayk101,clayke01
820059,clayl101,
112381,clayr001,claytro01
621348,clays001,claysa01
820054,clayz101,claytza01
,cleab801,
664076,cleag001,cleavga01
112383,cleaj101,clearjo01
112382,cleam001,clearma01
820050,clear101,cleagra01
,clegd901,
112389,clemb101,clemebi01
112387,clemb102,clemebo01
,clemb901,
112395,clemc001,clemoch01
112385,clemc101,clemecl01
112384,clemc102,clemech01
112386,clemd101,clemedo01
136762,cleme001,clemeed02
676391,cleme002,clemeer01
112392,cleme101,clemeed01
459943,clemj001,clemeje01
112393,clemj101,clemeja01
665019,clemk001,clemeko01
112396,cleml101,clemola01
136725,clemm001,clemema01
112394,clemp001,clemepa01
518560,clemp002,clemepa02
607884,clemp901,
112388,clemr001,clemero02
112391,clemr101,clemero01
112397,clemv101,clemove01
112390,clemw101,clemewa01
112398,clend101,clenddo01
521055,cletm001,cletoma01
459334,clevb001,clevlbr01
820053,clevd101,clevedu01
112399,cleve101,cleveel01
605182,clevm001,clevimi01
112400,clevr101,clevere01
502182,clevs001,clevest01
112401,clevt101,clevete01
112403,clibs001,clibust02
112402,clibs101,clibust01
112405,cliff101,cliftfl01
112404,clifh101,cliftha01
820052,clifl101,clifflu01
,clifs101,
112409,clinb101,clingbi01
112408,cling101,clinege01
112410,clinj101,clintji01
112411,clinl101,clintlo01
112406,clinm101,clinemo01
112407,clint101,clinety01
820045,clinw101,
461325,clipt001,clippty01
636643,clodt701,
112413,clonb001,clontbr01
112412,clont101,clonito01
112414,closa101,clostal01
408038,closj001,clossjd01
112416,cloue101,clouged01
112415,clouk001,cloudke01
112417,clowb101,clowebi01
543031,cloyt001,cloydty01
427066,clucb801,
546092,clumd701,
112418,clutb001,cluttbr01
112419,clybd001,clybuda01
112420,clydd101,clydeda01
112421,clydt101,clydeto01
112423,clymb101,clymebi01
112422,clymo101,clymeot01
820044,coacj110,coachja01
112424,coacp001,coachpe01
112425,coaka101,coaklan01
112426,coang101,coangi01
459714,coatb001,coatsbu01
605183,coatj001,coatsja01
112427,coatj101,coateji01
502171,cobba001,cobbal01
112428,cobbg101,cobbge01
112429,cobbh101,cobbhe01
112430,cobbj101,cobbjo01
820046,cobbl101,cobblo01
112431,cobbt101,cobbty01
820047,cobbw101,cobbw01
112432,cobld101,cobleda01
,cobld901,
112433,cocaj001,cocanja01
112436,cochd001,cochrda01
112435,cochg101,cochrge01
112434,cochg102,cochrgo01
112437,cochm101,cochrmi01
112439,cocka001,cockral01
,cockg901,
112438,cockj101,cockmji01
820042,cockj102,cockeji01
820038,cockp101,cockrph01
277412,cocop001,cocopa01
112440,cocrg101,cocrege01
112441,codic001,codirch01
621129,codyk001,codyky01
445193,coelr001,coellro01
112445,coffd101,coffmdi01
150016,coffi001,coffiiv01
112442,coffj101,coffeja01
112444,coffk001,coffmke01
112443,coffs101,coffmsl01
434298,cofft001,coffeto01
112446,cogad101,cogandi01
400309,cogat001,coganto01
150102,coggd001,coggida01
112447,coggf101,coggifr01
112448,coggr101,coggiri01
458085,coghc001,coghlch01
112449,cogse101,cogswed01
112451,cohea101,cohenan01
112450,cohea102,cohenal01
,cohea901,
,coheg901,
112452,coheh101,cohenhy01
820041,cohej101,cohenji01
112453,cohes101,cohensy01
820040,coimp101,coimbpa01
112454,cokej101,cokerji01
457435,cokep001,cokeph01
499624,colac001,colabch01
820035,colac101,colasca01
820033,colaj101,colasjo01
218694,colam001,colanmi01
693049,colao001,colasos01
112455,colar101,colavro01
112457,colbc001,colbecr01
112461,colbg001,colbrgr01
112460,colbj101,colboji01
112456,colbm101,colbemi01
112458,colbn101,colbena01
,colbu901,
112459,colbv101,colbevi01
112462,colct101,colcoto01
112464,colea001,coleal01
595918,colea002,coleaj01
,colea101,colemar01
820037,colea102,colear01
112463,coleb101,colebe01
112486,coleb102,colembo01
488787,colec001,colemca01
112473,colec101,colemcu01
112492,colec102,coletch01
112490,colec103,colesch01
112489,colec104,colesca01
112472,colec105,colemch01
820034,colec106,colece01
820028,colec107,
112491,coled001,colesda01
543038,coled002,colemdu01
669395,coled003,colemdy01
112468,coled101,coledi01
112474,coled102,colemda01
112465,coled103,coleda01
112466,colee101,coleed01
112483,colee102,colemed01
,colee103,
543037,coleg001,colege01
112476,coleg101,colemgo01
820032,coleg102,colemgi01
112481,colej101,colemjo04
112480,colej102,colemjo05
112479,colej103,colemjo01
112478,colej104,colemjo03
112477,colej105,colemjo02
112475,colej106,colemje01
112467,colek101,coleki01
488786,colel001,colemlo01
112482,colem001,colemmi01
820029,colem101,colemme01
112484,colep101,colempe01
112488,coler101,colemri01
112485,coler102,colemra01
820030,coler103,colesra01
112469,coles001,colest01
518566,colet001,coleta01
112487,colev001,colemvi01
112470,colev002,colevi01
112471,colew101,colewi01
805904,colez001,coleza01
112493,colge101,colgaed01
,colgh901,
468915,colia001,colinal01
666674,colie001,colined01
112494,colla101,collaal01
820018,colla102,colliat01
112522,collb101,collibi02
112521,collb102,collibi01
112524,collb103,collvbi01
112500,collc101,collich01
112503,colld001,collida02
112504,colld101,collido01
112502,colld102,collida01
112506,colle101,collied01
112505,colle102,collied02
820017,colle103,
820019,collg101,collige02
820020,collg102,collige01
112498,collh101,colliha01
112508,collh103,collihu01
112495,collh104,collaha01
686555,colli001,colliis01
518567,collj001,collmjo01
112514,collj101,collijo01
112523,collj102,colluja01
112511,collj103,colliji01
112515,collk101,collike01
112496,colll001,collilo01
452015,collm801,
112516,collo101,collior01
112497,collo102,collior02
112520,collp101,collipa01
112517,collp102,colliph01
112510,collr101,colliri02
112519,collr102,colliri03
112518,collr103,collira01
112507,collr104,colliri01
112513,colls101,collish01
820014,colls102,colliso01
525768,collt001,colliti01
607385,collt002,collity01
492632,collt801,collite99
458974,collw001,collawi01
112501,collw101,colliwi01
641470,collz001,colliza01
112512,collz101,collizi01
112525,colmf101,colmafr01
517008,coloa001,colomal01
112526,colob001,colonba01
112527,coloc001,coloncr01
518568,coloc002,colonch01
482619,colod901,
400125,coloj001,colomje01
571572,coloj002,colonjo01
,colon901,
430638,color001,colonro01
112528,colpd101,colpadi01
112529,colsl101,colsolo01
820016,colta101,colthal01
112530,coltl101,coltola01
112531,colub101,colucbo01
502125,colvt001,colvity01
407873,colys001,colyest01
820012,colzj101,colziji01
112533,combe101,combsea01
112532,combg101,combege01
820015,combj101,combsja01
112534,combm101,combsme01
112535,combp001,combspa01
112536,comej101,comeljo01
112538,comes001,comerst01
112537,comew101,comerwa01
112539,comic101,comisch01
112540,commj101,commaji01
112541,comoa101,comorad01
112545,compc101,comptcl01
,compc901,
112543,compj101,comptja01
112544,compm101,comptmi01
112542,compp101,comptpe01
112546,comsk001,comstke01
112547,comsr101,comstra01
112548,conac101,conatcl01
,conau901,
112549,concd001,conceda01
615868,concg001,concege01
820010,concm101,concemo01
112550,conco001,conceon01
820005,concr101,
424925,condc001,condrcl01
112551,condr101,condera01
112554,coneb101,conebo01
112552,coned001,coneda01
112553,conef101,conefr01
624424,confm001,confomi01
112555,congb101,congabu01
112556,congd101,congedi01
474233,congh001,congeha01
112558,conib101,conigbi01
665052,conig001,coningr01
112559,conij001,coninje01
112557,conit101,conigto01
112560,conka101,conkwal01
543045,conla001,conlead01
112565,conlb101,conlebo01
112563,conle101,conleed01
112562,conlg101,conlege01
112566,conlj101,conlojo01
112561,conlj102,conlajo01
664869,conlp001,conlopj01
112564,conls101,conlesn01
112594,connb101,connobi01
112583,connb102,connobu01
112577,connb103,connebi01
112570,connb104,connabr01
112567,connb105,connbe01
112592,connc101,connoch01
820007,connc102,
112579,conne101,connoed01
112578,conne102,connoed02
112568,connf001,connafr02
112571,connf101,connafr01
112572,conng101,connege01
112582,connj101,connojo05
112591,connj102,connojo01
112590,connj103,connoje01
112588,connj104,connojo03
112587,connj105,connojo02
112586,connj106,connoji01
112581,connj107,connojo04
112573,connj108,connejo01
,connj902,
112593,connm101,connome01
427075,connm801,
112585,connn101,connone01
112574,connp101,connepe01
,connp901,
112580,connr101,connore01
112589,connr102,connoro01
150265,conns001,connest01
112569,conns101,connasa01
595164,conns801,
112584,connt101,connoto01
112576,connt102,conneto01
112575,connt103,connete01
524928,connt901,connoto99
,connt902,
,connu901,
,connu902,
112595,conot101,conovte01
462405,conrb001,conrabr01
112600,conrb101,conrobi02
112599,conrb102,conrobi01
112596,conrb103,conrobe01
482620,conrc901,
112597,conrt001,conroti01
112598,conrw101,conrowi01
112601,consb101,consobi01
468429,consj001,constjo01
112602,consj101,constji01
112603,conss101,consusa01
,conta901,
542266,contc001,contrca01
434699,contg801,
150152,contj001,contija01
425747,contj002,contrjo01
664351,contl001,contrlu01
676628,contm001,contrma01
112604,contn101,contrna01
672710,contr001,contrro01
575929,contw001,contrwi01
661388,contw002,contrwi02
112605,convj001,conveji01
112614,conwb101,conwabi01
112606,conwc101,conwach01
112612,conwd101,conwadi01
112615,conwe101,conweed01
112609,conwj101,conwaje01
112608,conwj102,conwaji01
112607,conwj103,conwaja01
,conwj901,
112610,conwo101,conwaow01
112611,conwp101,conwape01
112613,conwr101,conwari01
112616,conyh101,conyehe01
112617,conzj101,conzejo01
112619,coogd101,coogada01
112618,coogd102,coogada02
112620,cooka001,cookan01
346871,cooka002,cookaa01
112634,cookb001,cooksbr01
695257,cookb002,cookbi01
112628,cookc101,cookcl01
820002,cookc102,cookco01
112621,cookd001,cookde01
112625,cookd101,cookdo01
112631,cookd102,cookedu01
112622,cooke101,cookea01
112632,cookf101,cookefr01
112623,cookg001,cookgl01
112624,cookj101,cookji01
,cookl101,
112626,cookm001,cookmi01
112627,cookp101,cookpa01
475857,cookr001,cookry01
112630,cookr101,cookro02
112629,cookr102,cookro01
,cookr901,
112633,cooks001,cookest01
,cookw901,
112636,coold101,cooledu01
150086,coolm001,coolbmi01
112635,cools001,coolbsc01
112640,coomb101,coombbo01
112637,coomc101,coombce01
112638,coomd101,coombda01
112639,coomj101,coombja01
112641,coomr001,coomero01
112648,coonb101,coonebi01
112647,coonb102,coonebo01
112645,coonj101,coonejo01
112644,coonj102,cooneji01
112643,coonj103,cooneji02
112646,coonp101,cooneph01
656322,coons001,coonrsa01
608641,coont001,cooneti01
,coont901,
112642,coonw101,coonwi01
819990,coopa101,coopean99
819993,coopa102,coopear01
819992,coopa103,coopean01
150001,coopb001,coopebr01
819991,coopb101,coopebi01
112651,coopc001,coopece01
112652,coopc101,coopecl01
112650,coopc102,coopeca01
819986,coopc103,
112653,coopd001,coopedo01
476036,coopd002,coopeda01
819985,coopd101,coopeda02
427081,coope901,
112654,coopg001,coopega02
643265,coopg002,coopega03
112655,coopg101,coopega01
112656,coopg102,coopegu01
819984,coopj101,coopeja01
112657,coopm101,coopemo01
112658,coopp101,coopepa01
112659,coops001,coopesc01
819988,coops101,coopesa01
819987,coopt101,coopeto01
112649,coopw101,coopewi01
112660,coopw102,coopewa01
,copee901,
112661,copem101,copelma01
571577,copes001,copelsc01
112663,copph101,coppohe01
112662,coppr001,coppiro01
150399,coqut001,coquitr01
133321,coraa001,coraal01
112664,coraj001,corajo01
112670,corba001,corbiar01
112671,corbc101,corbicl01
819979,corbc102,corbech01
112665,corbd001,corbedo01
112666,corbg101,corbege01
112667,corbj101,corbejo01
571578,corbp001,corbipa01
112669,corbr101,corbira01
112668,corbs001,corbesh01
112672,corca101,corcoar01
542289,corcd001,corcida01
112674,corcj101,corcoja01
112673,corcj102,corcojo01
112675,corcl101,corcola01
112677,corcm101,corcomi02
112676,corcm102,corcomi01
429981,corcr001,corcoro01
112679,corct001,corcoti01
434898,corct002,corcoti02
112678,corct101,corcoto01
642707,corda001,cordoal01
430101,cordc001,cordech01
449170,corde001,cordier01
112681,cordf001,cordofr01
150188,cordf002,cordefr01
614173,cordf003,cordefr02
622772,cordj001,cordeji01
112682,cordm001,cordoma01
819983,cordp101,cordope01
641477,cordr001,cordery01
112680,cordw001,cordewi01
132241,coreb001,coreybr01
112683,coree101,coreyed01
112684,coref101,coreyfr01
407579,corem001,coreyma02
112685,corem101,coreyma01
112686,corgc101,corgach01
112687,corhr101,corharo01
112689,corkm101,corkimi01
112688,corkp101,corkhpo01
433578,corml001,cormila01
112690,cormr001,cormirh01
112694,cornb001,cornebr01
819975,cornh101,
112693,cornj001,corneje01
607405,cornj002,cornejo01
692030,cornj003,cornijo01
112691,cornm101,cornema01
407074,cornn001,cornena01
112692,cornr001,cornere01
112695,cornt101,cornute01
819978,cornw101,cornewi01
685744,corok001,coronke01
449786,corpc001,corpoca01
466918,corpm001,corpama01
621043,corrc001,correca01
112697,corre001,correed01
112703,corrf101,corrifr01
819977,corrf102,correfr01
112701,corrj101,corrijo01
429781,corrk001,correke01
678989,corrk801,correka99
454973,corrn801,
112700,corrp101,corriph01
112696,corrp102,corrapa01
112698,corrr001,correro01
112702,corrr101,corrire01
112699,corrv101,correvi01
112704,corsj001,corsiji01
819973,corta101,corteau01
112705,cortb101,cortba01
666126,cortc001,corteca01
233694,cortd001,corteda01
451135,cortd002,corteda02
448327,cortf001,cortefe01
112706,cortj101,cortaje01
641482,cortn001,cortene01
819971,cortu101,corte03
112707,corwa101,corwial01
543054,cosaj001,cosarja01
112708,coscj101,coscajo01
112709,coscp101,coscape01
112710,coser101,coseyra01
112711,cosgm101,cosgrmi01
676680,cosgt001,cosgrto01
112712,cosmj101,cosmaji01
,cossd901,
492479,cosst801,
400120,costc001,costech01
112713,costd101,costeda01
112714,costj001,costejo01
453068,costm001,costami01
580578,costp901,
430573,costs001,costash01
112715,costt001,costoti01
276521,cotah001,cotahu01
,cotee901,
112716,coteh101,cotehe01
112717,cotep101,cotepe01
571584,cothc001,cothaca01
112723,cottc101,cottich01
112721,cottd101,cottedi01
112718,cottd102,cotteda01
112725,cotte101,cottren01
112719,cotte102,cotteed01
112724,cotth001,cottohe01
112720,cotth101,cotteho01
605194,cottj001,cottojh01
425840,cottn001,cottsne01
112722,cottt101,cotteto01
112726,coucj101,couchjo01
112727,coucm101,couchmi01
112731,cougb101,coughbi01
112728,cougd101,coughde01
112729,couge101,coughed01
112732,cougm101,coughma01
112730,cougr101,coughro01
112733,coulb101,coulsbo01
112734,coulc101,coultch01
543056,could001,couloda01
112735,coumf101,coumbfr01
112736,counc001,counscr01
112737,courc101,courtcl01
112738,coure101,courter01
112739,courh101,courtha01
112740,courj001,courtjo01
606956,courr001,courtry01
112741,cousd101,couside01
427084,cousd901,
664776,cousj001,cousija01
502161,couss001,cousisc01
459403,coutj001,coutljo01
819966,coutr101,
592229,coved001,coveydy01
112742,coveh101,covelha01
112744,covej101,covenja01
112743,coves101,covelst01
112745,covic101,covinch01
112746,covis101,covinsa01
112748,covit101,covinte01
112747,coviw101,covinwe01
112749,cowab101,cowanbi01
819965,cowaj101,cowanjo01
592230,cowak001,cowarka01
112750,cowea001,cowenal01
518577,cowgc001,cowgico01
112751,cowlj001,cowlejo01
681297,cowsc001,cowseco01
680735,cox-a001,coxau01
819962,cox-a101,coxal01
112767,cox-b101,coxbi02
112766,cox-b102,coxbi01
112764,cox-b103,coxbo01
112760,cox-c101,coxca01
819960,cox-c102,coxco01
112752,cox-d001,coxda01
150400,cox-d002,coxda02
112753,cox-d101,coxdi01
112754,cox-e101,coxer01
112755,cox-f101,coxfr01
112757,cox-g101,coxgl01
112756,cox-g102,coxge01
112759,cox-j101,coxje01
112758,cox-j102,coxji01
819961,cox-j103,coxja01
112761,cox-l101,coxla01
112762,cox-l102,coxle01
112763,cox-r101,coxre01
819964,cox-r102,coxro01
150132,cox-s001,coxst01
112768,cox-t101,coxte02
112765,cox-t102,coxte01
819963,cox-t103,coxto01
112769,coylb101,coylebi01
112770,coynt101,coyneto01
112771,cozac101,cozarch01
819959,cozah101,cozarha01
446359,cozaz001,cozarza01
622226,cozed001,cozendy01
450825,crabc001,crabbca01
112774,crabe101,crabtes01
112773,crabg101,crablge01
112772,crabr101,crabbro01
112775,crabt001,crabtti01
135360,cradr001,cradlri01
112776,cradw101,craddwa01
819957,cradw102,craddwi01
112777,crafh101,craftha01
112778,crafm101,craftmo01
427085,craft901,
112779,cragh101,craghho01
501800,craia001,craigal01
819956,craic101,craigch01
112780,craig101,craigge01
819958,craih101,craigho01
430884,craij001,crainje01
819952,craij101,craigjo01
819951,craij102,
112781,craip101,craigpe01
112782,crair001,craigro02
112783,crair101,craigro01
643269,craiw001,craigwi01
450864,cramb001,cramebo01
112787,cramb101,cramebi01
112786,cramd101,cramedi01
112785,cramd102,cramedo01
112784,cramg101,cramje01
112789,crand101,cranddo01
112788,crand102,crandde01
112790,crane101,craneed01
112791,cranf101,
,cranj801,
,cranr901,
112793,crans101,cranesa01
112792,crans102,cranesa02
,crant101,craneth01
,cranw101,cranewi01
112795,cravb101,cravebi01
112794,cravg101,cravaga01
572788,cravt001,cravyty01
,crawa901,
543063,crawb001,crawfbr01
112796,crawc001,crawfca01
408307,crawc002,crawfca02
457751,crawe001,crawfev01
112799,crawf101,crawffo01
112801,crawg101,crawfgl01
112800,crawg102,crawfge01
819954,crawh101,crawfhu01
112803,crawj001,crawfjo01
641487,crawj002,crawfjp01
112805,crawj101,crawfja01
112802,crawj102,crawfji01
427087,crawj901,
676710,crawk001,crawfku01
112804,crawk101,crawfke01
112797,crawl101,crawfla01
275929,crawp001,crawfpa02
112798,crawp101,crawfpa01
112807,craws001,crawfst01
112806,craws101,crawfsa01
819953,craws102,crawfsa02
,craws901,
112808,craww101,crawfwi01
,crayp901,
819949,cread101,creacde01
112809,creag101,creamge01
150317,credj001,credejo01
112810,creeb101,creebi01
112811,creec101,creedco01
150034,creed001,creekdo01
112817,creeg101,creelgu01
112815,creej101,creelja01
112816,creek001,creelke01
112813,creem101,creegma01
112812,creep101,creedpa01
819948,creew101,creekwi01
112819,cregb101,cregebe01
112818,cregp101,cregape01
,creiu901,
112820,cremb101,cremibo01
819945,cresa101,crespal01
406678,cresc001,crespce01
112821,cresc101,crespcr01
112822,cresf001,crespfe01
150162,cresj001,cressja01
,cresm801,
819946,cresr101,crespro01
112823,cresw101,cresswa01
686611,crewd001,crewsdy01
112824,crewt001,crewsti01
605195,crick001,crickky01
592233,crics001,crichst01
112825,cridj101,crideje01
112826,crigl101,crigelo01
819943,crigu101,crigl01
688760,crimb001,crimbl01
112827,crimc001,crimch01
112828,crimj101,crimija01
112829,cripd101,cripeda01
112836,crisb101,cristbi01
424825,crisc001,crispco01
681867,crisc002,criswco01
112835,crisc101,cristch01
112834,crisd101,crissdo01
112830,crisd102,criscda01
676105,crisj001,criswje01
112833,crisj101,crispjo01
112837,crisl101,cristle01
622503,crisn001,crismna01
112832,crisp101,crishpa01
,crisr901,
112831,crist101,criscto01
112839,crith101,critzhu01
112838,critm101,critcmo01
112840,crocc101,crockcl01
112841,crocd101,crockda01
819941,crocf101,crockfr01
676979,crocg001,crochga01
641490,crock001,crockky01
112842,crofa101,croftar01
112843,crofh101,croftha01
112844,crolf101,crolifr01
276052,cromd001,cromed.01
112848,cromh101,cromphe01
819939,croml101,cromale01
112847,cromn101,crompne01
112846,cromt001,crometr01
112845,cromw101,cromawa01
112855,cronb101,cronibi01
112849,cronc001,cronch01
543068,cronc002,croncj01
686539,crond001,cronide01
112851,crond101,cronida01
630105,cronj001,croneja01
112854,cronj101,cronijo01
112853,cronj102,cronija01
112852,cronj103,croniji01
605196,cronk001,cronke01
112850,cronr101,cronera01
699625,crooj001,crookji01
112857,crooj101,crookja01
643271,croon001,crookna01
112856,croot101,crookto01
680418,cropt001,croplty01
112862,crosa101,crossam01
429420,crosb001,crosbbu01
425853,crosb002,crosbbo01
518582,crosc001,crosbca01
112863,crosc101,crosscl01
819934,crosd101,
112858,crose101,crosbed01
112864,crosf101,crossfr01
112869,crosf102,crossfr02
112861,crosf103,crosefr01
112859,crosg101,crosbge01
112866,crosj101,crossje01
,crosj102,crossjo01
,crosj901,
112860,crosk101,crosbke01
112867,crosl101,crossla01
112865,crosl102,crossle01
112868,crosm101,crossmo01
819932,crosn101,crossno01
819935,crosu101,cross03
819942,crosw101,crosbwa01
112870,crotd101,crothdo01
112871,crotj101,crottjo01
453273,crotm001,crottmi01
112877,croub101,crousbu01
112873,croub102,croucbi01
112874,croub103,croucbi02
112876,crouf101,croucfr01
668968,crouh001,crousha01
112872,crouj101,croucja01
131701,crour001,crousri01
112875,crouz001,croucza01
543070,crowa001,crowaa01
112887,crowb101,crowlbi01
112883,crowb102,crowebi01
112882,crowc101,croweca01
133223,crowd001,crowde01
112878,crowd101,crowdo01
112884,crowe101,crowled01
112880,crowg101,crowege01
112879,crowg102,crowdal01
112881,crowj001,croweji01
112885,crowj101,crowljo01
691718,crowp001,crowape01
460067,crowt001,crowetr01
112886,crowt101,crowlte01
640444,croww001,crowewi01
112888,croww101,crowswo01
819936,croww102,
433997,croze001,crozier01
425510,crucf001,crucefr01
407866,crudm001,crudami01
819927,cruem101,cruema01
112889,cruiw101,cruiswa01
819921,cruma101,crumbal01
112892,crumb101,crumpbu01
112890,crumc101,crumca01
112891,crumg101,crumlge01
819922,crumj101,crumpja01
112893,crumr101,crumpro01
819923,crumw101,
112894,crutd101,crutcdi01
819926,crutj101,crutcji01
112895,crutp101,cruthpr01
112897,cruzd001,cruzde01
425649,cruze001,cruzen01
112898,cruzf001,cruzfa01
518585,cruzf002,cruzfe01
112899,cruzh101,cruzhe01
112900,cruzh102,cruzhe02
112905,cruzi001,cruziv01
112902,cruzj001,cruzjo01
112904,cruzj002,cruzju01
112901,cruzj003,cruzja01
112903,cruzj004,cruzjo02
407297,cruzj005,cruzju02
672911,cruzj006,cruzje01
458501,cruzl001,cruzlu01
112906,cruzn001,cruzne01
443558,cruzn002,cruzne02
665833,cruzo001,cruzon01
678316,cruzo002,cruzom01
462480,cruzr001,cruzrh01
819918,cruzr101,
674444,cruzs001,cruzst01
112907,cruzt001,cruzto02
488810,cruzt002,cruzto03
112896,cruzt101,cruzto01
112908,cruzv101,cruzvi01
621016,cuasj001,cuasjo01
112909,cubbm101,cubbami01
319114,cubid001,cubilda01
112910,cucca101,cuccial01
112912,cuccc101,cuccuco01
112911,cucct101,cuccito01
150212,cuddm001,cuddymi01
112913,cudwj101,cudwoji01
112916,cuelb101,cuellbo01
112914,cuelc101,cuellch01
112915,cuelm101,cuellmi01
819919,cuerb101,cueriba01
112917,cuetd101,cuetobe01
456501,cuetj001,cuetojo01
112918,cuetm101,cuetoma01
571595,cuevn001,cuevano01
571035,cuevw001,cuevawi01
112919,cuffj101,cuffjo01
518586,culbc001,culbech01
427090,culbf901,
112920,culbl101,culbele01
112928,cullb101,cullobu01
112925,culld101,culledi01
112922,cullj101,culleja01
112921,cullj102,cullejo01
112927,culln101,culloni01
112926,culln102,culloni02
112924,cullr101,cullero01
112923,cullt101,culleti01
112929,culmw101,culmewi01
112932,culpb101,culpbi01
112930,culpb102,culpbe01
112931,culpr101,culpra01
819915,culpu101,culp02
819911,culvc101,
112933,culvg101,culvege01
112934,cumbj101,cumbejo01
112939,cummc101,cummica01
819913,cummc102,cummich01
112935,cummj001,cummijo01
112936,cummj101,cummija01
112937,cummm001,cummimi01
112938,cumms001,cummist01
819914,cummu101,cummi02
592238,cumpb001,cumptbr01
,cunej901,
488811,cunna001,cunniaa01
594792,cunnb001,cunnibr02
112948,cunnb101,cunnibi01
112947,cunnb102,cunnibi02
112942,cunnb103,cunnibe01
112941,cunnb104,cunnibr01
112943,cunng101,cunnige01
819908,cunnh101,cunniha01
112944,cunnj101,cunnijo01
819901,cunnj102,cunnijo02
112945,cunnm101,cunnimi01
819905,cunnm102,cunnima01
112946,cunnr101,cunnira01
592239,cunnt001,cunnito01
819904,cunnv101,cunnive01
112940,cunnw001,cunnawi01
112949,cuppn101,cuppyni01
112950,curld101,curledo01
112956,currb101,curribi01
112955,currc101,curricl01
,currf901,
112959,currg101,curryge01
819902,currg102,currygo01
112960,currj101,curryji01
112953,currl101,currela01
112954,currm101,currimu01
112957,currp101,curripe01
112952,currp102,currepe01
819897,currr101,curryru01
112961,currs001,curryst01
112951,currs101,currasa01
112958,currt101,curryto01
112962,currw101,currywe01
675540,currx001,curryxz01
112963,curtc001,curtich01
453298,curtc002,curtico01
112964,curtc101,curticl01
112965,curte101,curtier01
492633,curte801,curtied99
112967,curtf101,curtifr01
112966,curtg101,curtige01
112972,curtg102,curtrgu01
603539,curtg701,
112968,curth101,curtiha01
112970,curtj001,curtijo01
543079,curtj002,curtije01
595928,curtj003,curtijo02
112969,curtj102,curtija01
819898,curtu101,curti03
112971,curtv101,curtive01
819900,curtw101,curtiwi01
657205,curtz001,curtiza01
681168,curvl001,curvelu01
,cusas901,
492634,cushc801,cushmch99
112973,cushe101,cushmed01
112974,cushh101,cushmha01
112976,cusij101,cusicja01
112975,cusit101,cusicto01
400091,custj001,custja01
596144,cuthc001,cuthbch01
112977,cuthn101,cuthbne01
112978,cutsg101,cutshge01
112979,cuylk101,cuyleki01
112980,cuylm001,cuylemi01
427093,cuzzp901,
112981,cvenm101,cvengmi01
112982,cypea101,cyperal01
407804,cyr-e001,cyrer01
664202,cyr-t001,cyrty01
112983,czajj001,czajkji01
112984,daalo001,daalom01
800937,dabrj701,
112985,dacqj101,d'acqjo01
112986,dadep101,dadepa01
112987,dagej101,dagenjo01
112988,daglp101,daglipe01
664464,dagod701,
112989,dagra101,dagrean01
112992,dahlb101,dahlgba01
112991,dahlb102,dahlebi01
621311,dahld001,dahlda01
112993,dahlj101,dahlkje01
112990,dahlj102,dahlja01
430664,daigc001,daiglca01
112997,dailb101,dailebi01
112998,dailc101,dailyco01
112999,daile101,dailyed01
113000,dailh101,dailyhu01
112994,dailj101,dailejo01
819893,dailj102,daileja01
112995,dails101,dailesa01
112996,dailv101,dailevi01
113001,daisg101,daisege01
666915,dalbb001,dalbebo01
113002,dalcb101,dalcabr01
113011,daleb101,daleybi01
113008,daleb102,daleybu01
150418,dalec001,daleca01
113003,daleg101,dalege01
113007,dalej101,daleyju01
113006,dalej102,daleyjo01
,dalej901,
113005,dalem001,dalesma01
457935,dalem002,daleyma01
113004,dalep001,dalenpe01
113009,dalep101,daleype01
113010,dalet101,daleyto01
430886,dallb001,dallibr01
113012,dalld101,dalledo01
819894,dalle101,dallaeg01
819891,dallp101,dallapo01
113013,dalra101,dalryab01
113015,dalrb101,dalrybi01
113014,dalrc101,dalrycl01
113017,daltj101,daltoja01
113016,daltm001,daltomi01
113018,dalyb101,dalybe01
113019,dalyg101,dalyge01
113021,dalyj101,dalyjo01
113020,dalys101,dalysu01
113023,dalyt101,dalyto01
113022,dalyt102,dalyto02
113024,dam-b101,dambi01
113025,damaj101,damasja01
113026,damij001,d'amije01
150419,damij002,d'amije02
113027,dammb101,dammabi01
113028,damoj001,damonjo01
113029,damrh101,damraha01
702674,danac001,danaca01
819892,danal101,danaglu01
434520,dancb801,
819884,dandg101,
819889,dandr101,dandrra99
819890,dandr102,
819887,dandt101,dandrtr01
113030,danea101,daneyar01
218994,danep001,danekpa01
113031,danfd101,danfoda01
113035,danib101,daniebe01
113034,danib102,daniebe02
113036,danic101,daniech01
113032,danic102,daniech02
,danic901,
669721,danid001,danieda01
819886,danie101,danieed01
820814,danif101,daniefr01
819883,danig101,daniege01
113033,danij101,danieja01
113038,danij102,danieja02
819881,danij103,danieji01
113039,danik001,danieka01
113040,danil101,daniela01
113041,danip101,daniepe01
819880,danip102,daniepe02
641501,danit001,danisty01
113037,danit101,danieto01
433579,dankj001,danksjo01
458668,dankj002,danksjo02
427095,danlk901,
113042,dannb101,dannebu01
668470,dannh001,danneha01
113043,dannh101,danniha01
113044,danni101,danniik01
113045,dantf101,dantofa01
452202,dantj001,dantoja01
113046,danzb101,danziba01
113047,dappc101,dappecl01
113048,darbg101,darbyge01
113049,darcp101,darcypa01
133240,darev001,darenvi01
113050,daric101,darincl01
113051,darir101,darinro01
113052,darka101,darkal01
113053,darld101,darlide01
427097,darlg901,
113054,darlr001,darliro01
113055,darnb101,darnebo01
488818,darnc001,darnach01
699911,darnd001,darnedu01
543083,darnj001,darneja01
592244,darnl001,darnelo01
518595,darnt001,darnatr01
113058,darrg101,darroge01
113057,darrj101,darraja01
150432,darrm001,darrmi02
690382,darrm002,darremi01
113056,darrm101,darrmi01
506433,darvy001,darviyu01
113059,darwb101,darwibo01
113060,darwd001,darwida01
113061,darwj001,darwije01
113062,dascd001,dascedo01
,dascf901,
113064,dashl101,dashnle01
113063,dashw101,dashiwa01
819879,daslu101,dasle01
113065,dassf101,dassofr01
113066,datzj001,datzje01
136766,daubb001,daubabr01
113067,daubd101,daubda01
113068,daubh101,daubeha01
113069,daubj101,daubeja01
,daubt901,
113070,dauer001,dauerri01
113073,daugb101,daughbo01
113071,daugd101,daughdo01
113072,daugj001,daughja01
113074,dauld001,daultda01
113075,daush101,daussho01
237800,davaj001,davanje02
113078,davaj101,davanje01
113077,davav101,davalvi01
113076,davay101,davalyo01
113079,davec101,davencl01
113080,daved101,davenda01
220094,davej001,davenjo01
113081,davej101,davenji01
113082,davel101,davenlu01
819882,davel102,davenll01
113083,davem101,daveymi01
150470,davet001,daveyto01
113085,davia001,davidan01
113096,davia002,davisal01
656354,davia003,davisau01
819861,davia101,davisal02
819862,davia102,davisau02
113144,davib001,davisbu02
113089,davib002,davidbo01
150433,davib003,davisbe01
452238,davib004,davisbr03
488819,davib005,davisbl01
663478,davib006,davisbr04
113133,davib101,davisbo02
113132,davib102,davisbo01
113131,davib103,davisbr01
113123,davib104,davisbu01
113098,davib105,davisbr02
113097,davib106,davisbi01
113091,davib107,davidbi01
819857,davib108,davisbu03
819863,davib109,davisba01
819855,davib112,
,davib901,
427099,davib902,
,davib903,
113099,davic001,davisch01
150213,davic002,davidcl02
448801,davic003,davisch02
113124,davic101,daviscr01
113086,davic102,davidcl01
113100,davic103,daviscu01
113094,davic104,daviech01
819875,davic105,davidch01
113101,david001,davisdo01
150277,david002,davisdo02
452656,david003,davidda01
444360,david004,davidda02
113130,david101,davisdi02
113103,david102,davisdi01
113120,david103,davisda01
,david901,
113102,davie001,daviser01
458530,davie002,daviser02
819854,davie101,davisea01
113109,davig001,davisgl01
113108,davig002,davisge03
113093,davig101,daviege01
113106,davig102,davisge01
819851,davig103,davisgo01
819859,davig104,davisg04
427103,davig901,
680779,davih001,davishe01
113111,davih101,davisha01
113087,davih102,davidho01
113110,davih103,davisha02
819850,davih104,davisho01
477195,davii001,davisik02
113114,davii101,davisir01
113113,davii102,davisik01
113104,davii103,davisge02
113118,davij001,davisjo02
113119,davij002,davisjo03
113122,davij003,davisjo04
400051,davij004,davisjj01
425186,davij005,davisja02
605204,davij006,davisjd01
641505,davij007,davisjo05
664041,davij008,davisja03
643275,davij009,davisjo06
113117,davij101,davisju01
113121,davij102,davisjo01
113116,davij103,davisji01
113115,davij104,davisja01
113092,davij105,davieje01
819844,davij106,davisjo07
819848,davij107,davisja04
,davij108,
282327,davik001,daviska01
434678,davik002,davieky01
501981,davik003,daviskh01
113107,davik101,daviski01
406876,davil001,davisla01
669722,davil002,davidlo01
113095,davil101,davisle01
819845,davil102,davisle02
819847,davil103,davisl02
819842,davil104,davisle03
,davil901,
113126,davim001,davisma01
113127,davim002,davismi02
113088,davim003,davidma01
113125,davim004,davisma02
571602,davim005,davidma02
113148,davim101,davismi01
,davim801,davidmo99
663562,davin001,davisno01
113128,davio101,davisod01
113129,davio102,davisot01
819846,davio103,davisos01
113136,davip101,davispe01
819837,davip102,davispi01
819843,davip103,davispe02
819840,davip104,davispr01
,davip801,
819838,daviq101,
113135,davir001,davisro02
113137,davir002,davisru01
434658,davir003,davisra01
606959,davir004,davisro03
113084,davir101,daviara01
113134,davir102,davisro01
819836,davir103,davisro04
113105,davis001,davisst02
113138,davis002,davisst03
113149,davis003,davissc01
113143,davis101,davissp01
113139,davis102,davisst01
819833,davis103,davisst04
819832,davis104,davissa01
819835,davis105,davissp02
819834,davis106,davissa02
,davis901,
113142,davit001,davistr01
113141,davit002,davisti01
210656,davit003,davisto03
543089,davit004,davista01
656353,davit005,davidtu01
113140,davit101,davisto01
113090,davit102,davidte01
113112,davit103,davisto02
819876,daviu101,david03
451584,daviw001,daviswa01
113147,daviw101,daviswo01
113146,daviw102,daviswi02
113145,daviw103,daviswi01
605200,daviz001,davieza02
235194,dawkt001,dawkitr01
113150,dawlb001,dawlebi01
425307,dawlj001,dawlejo01
113151,dawsa001,dawsoan01
,dawsb101,
,dawsc801,
113152,dawsj101,dawsojo01
819828,dawsj102,dawsojo02
819830,dawsl101,dawsole01
,dawsm901,
669008,dawsr001,dawsoro01
113153,dawsr101,dawsore01
113156,day-b101,daybi01
113154,day-b102,daybo01
113155,day-c101,daype01
819826,day-c102,dayco01
457440,day-d001,dayde01
557547,day-j801,dayjo99
819827,day-l101,dayle99
400180,day-z001,dayza01
113157,dayeb001,dayetbr01
113158,daylk001,dayleke01
594795,daytg001,daytogr01
602074,dazay001,dazayo01
429300,deagr001,deagoro01
113159,deagr101,deaglre01
113161,dealc101,dealco01
113160,dealc102,dealch01
819821,dealj101,dealjo01
113162,deall101,dealli01
113164,dealp101,dealypa01
113163,deals101,dealsn01
621573,deana001,deanau01
819815,deana101,deaneal01
819820,deanb101,deanbi01
819822,deanb102,deanbo01
113165,deanc101,deanch01
819814,deanc102,deanch02
113166,deand101,deando01
113168,deand102,deandi01
113172,deanh101,deaneha01
113167,deanh102,deanha01
681909,deanj001,deanju01
819817,deann101,deanne01
534737,deanp001,deanpa02
113169,deanp101,deanpa01
819813,deanr101,deanro01
113170,deant101,deanto01
113171,deanw101,deanwa01
113173,dearb101,dearbu01
113174,dearc101,dearmch01
506645,dearr801,
113175,deasj101,deasljo01
113176,deasp101,deaslpa01
819816,deasy101,deasya01
457477,deaza001,deazaal01
113177,debad101,debarde01
113178,debeh101,deberha01
113179,debej101,deberjo01
113180,debua101,debusad01
113181,debud101,debusda01
435359,debuj801,
113182,decaa101,decatar01
436913,decay001,decasyu01
113183,decid001,decindo01
572804,deckc001,deckeco01
819811,deckd101,deckedu01
113186,deckf101,deckefr01
113187,deckg101,deckege01
113185,deckh101,deckeha01
543094,deckj001,deckeja01
113188,deckj101,deckejo01
113184,deckm101,deckema01
113189,decks001,deckest01
,decks901,
819810,decul101,decuili01
113190,dedea101,dedear01
113191,deder101,dedearo01
819808,deder102,dedearu01
113192,dedmj001,dedmoje01
113193,dedrj001,dedriji01
465679,dedus001,dedunsa01
113194,dee-j101,deeji01
113195,dee-s101,deesh01
,deegb901,
113196,deegd101,deegadu01
113198,deerj101,deerijo01
113197,deerr001,deerro01
113199,deesc101,deesch01
657209,deetd001,deetzde01
113200,defat101,defatto01
,deflp901,
113201,defra101,defrear01
518603,defrj001,defraju01
429728,defrt801,defrato99
676969,degeb001,degeubr01
113202,degem101,degermi01
621008,degoa001,degotal01
594798,degrj001,degroja01
113203,degrr101,degroru01
,dehaf901,
692775,dehaj801,
276527,dehak001,dehaako01
113204,dehar001,deharri01
113205,dehlh101,dehlmhe01
656364,deicg001,deichgr01
113206,deidj101,deideji01
113207,deinp101,deinipe01
113208,deisp101,deisepa01
819805,deisu101,deiso01
113209,deitb101,deitrbi01
113210,dejam101,dejanmi01
669804,dejea001,dejesan01
430203,dejed001,dejesda01
646241,dejee001,dejesen01
113212,dejei001,dejesiv01
474443,dejei002,dejesiv02
113213,dejej001,dejesjo01
113211,dejem001,dejeami01
594151,dejer901,
608328,dejoc001,dejonch01
459318,dejoj001,dejonjo01
113214,dejom101,dejohma01
657557,dejop001,dejonpa01
113215,dekob101,dekonbi01
113225,delaa101,delanar01
650559,delab001,delacbr01
113226,delab101,delanbi01
113224,delab102,delanbi02
800050,delac001,delauch01
451773,delad001,delarda01
448842,delae001,delaceu01
545001,delae002,delareu01
682829,delae003,delacel01
113218,delae101,delahed01
113227,delaf001,dela_fr01
113219,delaf101,delahfr01
819806,delaf102,
407822,delaj001,rosajo01
473265,delaj002,delatjo01
503444,delaj003,delacjo01
641511,delaj004,delayja01
113228,delaj101,dela_je01
113221,delaj102,delahjo01
113220,delaj103,delahji01
113223,delam101,dela_mi01
113217,delar001,delamro01
503438,delar002,delanro01
523989,delar003,delarru01
447755,delas001,delabst01
150401,delat001,delarto01
113222,delat101,delahto01
113216,delat102,dela_to01
680728,delca001,delcaad01
434668,delcm001,delcama01
113229,delej001,deleojo01
501529,delej002,deleojo02
592254,delej003,deleojo03
113230,delel001,deleolu01
113231,delga001,delgaal01
819798,delga101,
113235,delgb101,delgrbo01
113232,delgc001,delgaca01
819799,delgf101,delgafe01
445984,delgj001,delgaje01
113233,delgp101,delgapu01
517414,delgr001,delgara01
113234,delgw001,delgawi01
113236,delhf101,delhifl01
113237,delij101,delisju01
113238,delke101,delkeed01
113240,delld001,delluda01
,delld901,
150318,dellj001,dellaja01
113239,dellw101,dellwh01
113241,delmb101,delmabe01
547170,delmn001,delmoni01
,delmv901,
593582,deloa001,delosab01
660853,deloe001,delosen01
501745,delof001,delosfa01
113242,deloi101,delocik01
113243,delol001,deloslu01
150087,delol002,deloslu02
665782,delol003,deloslu03
113244,delor101,delosra01
136304,delov001,delosva01
660787,deloy001,delosye01
676113,deloz001,deloaza01
600887,delpm001,delpomi01
491688,delre001,delroen01
113245,delsg101,delsaga01
113246,delsj101,delsiji01
150267,deltm001,deltomi01
641512,delub001,deluzbe01
678745,delub801,
676356,deluj001,delucjo01
113247,delur001,delucri01
113250,demaa101,demaral01
113252,demab101,demarbi01
444518,demac001,demarch01
113249,demaf101,demarfr01
113251,demaf102,demarfr02
113248,demaj101,demaejo01
819801,demea101,demerar01
113255,demed101,demetdo01
456012,demed801,
113253,demej101,demerjo01
113254,demel101,demerla01
493030,demem801,
451585,demes001,demelsa01
113256,demes101,demetst01
641513,demet001,demertr01
113257,demih101,demilha01
113258,demmr101,demmira01
113262,demob101,demotbe01
820807,demob102,demosbi01
113259,demod101,demoldo01
,demod901,
113260,demog101,demonge01
113261,demol101,demonle01
113263,dempc101,dempsco01
113265,dempm101,dempsma01
113264,dempr001,dempsri01
133225,dempr002,dempsry01
427108,demud901,
526910,denbg801,
544925,dendm001,dendema01
113266,deneb101,denehbi01
,denis901,
,denkd901,
458239,denkt001,denketr01
113267,denmb101,denmabr01
113270,dennd101,dennido01
819791,dennd102,dennido02
113272,dennj001,dennyjo01
113271,dennj101,dennyje01
430953,dennk001,denneky01
113269,denno101,denniot01
572810,dennr001,denniry01
,dennr901,
113268,dennt101,denneto01
819795,dennu101,denni02
456121,denoc001,denorch01
113273,densd001,densodr01
113275,dentb001,dentbu01
113274,dente101,dented01
113276,dents101,dentesa01
113277,denzr101,denzero01
150164,depaj001,depasjo01
425428,depaj002,depaujo01
451546,depaj003,depauju01
517059,depaj004,depaujo02
113278,depam101,depanmi01
234994,depas001,depause01
113279,depht101,dephito01
113281,derbg101,derbyge01
113280,derbg102,derbyge02
461387,derek801,
571616,dermm001,dermoma01
113282,dernb001,dernibo01
136660,derom001,derosma01
113283,derrc101,derricl01
,derrd901,
113286,derrj101,derriji01
113284,derrm101,derrimi01
113285,derrp101,derripa01
113287,derrr101,derryru01
113289,desag101,desauge01
113288,desaj001,desajo01
451774,desam001,desalma01
543101,desca001,desclan01
518614,descd001,descada01
113291,deshd001,deshide01
592261,deshd002,deshide02
113290,deshj001,deshaji01
113292,deshj101,deshoji01
819792,deshu101,deshi03
113293,desij001,desiljo01
819784,desij101,
113294,desjs101,desjash01
435622,desmi001,desmoia01
819783,despd101,
628333,despo001,despaod01
113296,desse001,desseel01
113295,dessr101,dessaru01
113297,desto001,destror01
113298,dethb101,dethebo01
672282,detmr001,detmere01
113299,detog101,detorge01
113300,dettj001,dettmjo01
113301,dettt101,dettoto01
113302,detwd101,detwedu01
446321,detwr001,detwiro01
113303,deutm101,deutsme01
113304,devac001,devarce01
687478,devac002,devanca01
606965,devec001,devench02
113305,devec101,devench01
672701,devej001,deverjo01
493748,devej701,
113306,devem001,devermi01
646240,dever001,deverra01
113307,devia101,devinad01
113311,devib101,devivbe01
,devid901,
113310,devih101,devinha01
457733,devij001,devinjo01
113308,devij101,devinji01
,devij901,
113309,devim101,devinmi01
113312,devla101,devliar01
,devlc901,
113315,devlj101,devliji03
113314,devlj102,devliji02
113313,devlj103,devliji01
113318,devoa101,devoral01
407879,devod001,devordo01
113317,devoj101,devorjo01
820811,devoj102,
113316,devor101,devogre01
113319,devow101,devoywa01
453301,devrc001,devrico01
572812,dew-o801,
113320,dewac101,dewalch01
113321,dewem001,deweyma01
455088,dewib001,dewitbl01
819778,dewif101,dewitfr01
113322,dewij001,dewilje01
150451,dewim001,dewitma01
819779,dewis101,dewitsa01
427111,dewsb801,
113323,dextc101,dextech01
,dezef901,
701305,dezez001,dezenza01
819782,dialk101,dialke01
819781,diall101,dialslo01
539438,diams001,diamosc01
435080,diamt001,diamoth01
113324,diaza001,diazal01
469810,diaza002,diazar01
649557,diaza003,diazal02
664747,diaza004,diazal03
113325,diazb001,diazbo01
113326,diazc001,diazca01
113327,diazc002,diazca02
500765,diazd001,diazda01
113329,diaze001,diazed01
113330,diaze002,diazei01
113328,diaze003,diazed02
134262,diaze004,diazed03
553869,diaze005,diazel01
621242,diaze006,diazed04
407808,diazf001,diazfe01
819768,diazf101,diazfe02
819772,diazh101,diazhe01
656371,diazi001,diazis01
400129,diazj001,diazju01
407872,diazj002,diazjo01
501726,diazj003,diazju02
502409,diazj004,diazjo02
471822,diazj005,diazju03
545064,diazj006,diazja01
646242,diazj007,diazjh01
672478,diazj008,diazjo03
650331,diazl001,diazle01
427113,diazl901,
113332,diazm001,diazmi01
113331,diazm002,diazma01
429841,diazm003,diazma02
622766,diazm004,diazmi02
819766,diazp101,diazpe01
433697,diazr001,diazro01
819761,diazr101,diazru01
447980,diazt801,
429806,diazv001,diazvi01
650490,diazy001,diazya01
660546,diazy002,diazye01
666783,diazy003,diazyu01
673237,diazy004,diazya02
700270,diazy005,diazyi01
113333,dibbr001,dibblro01
113334,dibup101,dibutpe01
543105,dicka001,dickeal01
505447,dickb001,dicksbr01
113340,dickb101,dickebi01
113338,dickb102,dickebu01
433638,dickb801,
447736,dickc001,dickech01
572816,dickc002,dickeco01
113341,dicke101,dickmem01
113339,dickg101,dickege02
113337,dickg102,dickege01
113344,dickj001,dicksja01
113343,dickj101,dicksji01
113342,dickj102,dicksjo01
113345,dickl001,dicksla01
113336,dickl101,dickele01
113346,dickm101,dicksmu01
607297,dicko001,dicksok01
113335,dickp101,dickepa01
285079,dickr001,dicker.01
473950,dickr801,
819763,dicks101,dickest01
113347,dickw101,dickswa01
492636,diddh801,diddlha99
113348,didib101,didiebo01
113349,diehe101,diehler01
113350,diehg101,diehlge01
670426,diehp001,diehlph01
518617,diekj001,diekmja01
113351,dierc101,dierich01
113352,dierl101,dierkla01
,dierr901,
113353,dietb101,dietrbi01
518618,dietd001,dietrde01
113355,dietd101,dietzdi01
113354,dietd102,dietzdu01
113356,dietr101,dietzro01
113357,difaj101,difanja01
113358,difem001,difelmi01
442707,difem002,difelma01
594694,difow001,difowi01
424947,diggb001,diggibe01
113359,diggr101,diggsre01
113360,digns101,dignast01
819764,dihim101,dihigma99
113361,dilaj101,dilauja01
113369,dillb101,dillmbi01
113368,dillb102,dillibo01
113362,dilld101,dillado01
113363,dillg001,dillago01
113367,dillh101,dilliha01
434338,dillj001,dillojo02
113371,dillj101,dillojo01
819755,dilll101,dillala01
113366,dillp101,dillhpi01
113372,dillp102,dillopa01
113370,dillp103,dillopo01
113364,dillp104,dillapa01
113365,dills101,dillast01
113373,dills102,dillost01
457422,dillt001,dillati01
113374,dilom001,dilonmi01
819758,dilwa101,
113375,dimad101,dimagdo01
113376,dimaj101,dimagjo01
113377,dimav101,dimagvi01
819760,dimee101,dimesed01
113378,dimif001,dimicfr01
113379,dimmm101,dimmemi01
,dimul901,
427115,dimum901,
,dimur901,
430837,dinal001,dinarle01
113380,dinek101,dineeke01
276374,dingc001,dingmcr01
693307,dingd001,dingldi01
113381,dingv101,dingeva01
664926,dinin001,dinini01
501920,dinkb001,dinkebr01
113382,dinnb101,dinnebi01
113383,diorm101,dioriro01
113384,dipib101,dipiebo01
113385,dipif001,dipinfr01
650959,diplm001,diplama01
113386,dipoj001,dipotje01
819757,direj101,direaji01
543108,dirka001,dirksan01
113387,disag001,disarga01
113388,discg101,dischge01
113389,dishg001,dishmgl01
819752,dismd101,dismudi01
113390,dista101,distaal01
113391,distb001,distebe01
113392,distd101,distedu01
113393,ditma101,ditmaar01
,dittc101,
113394,dittj101,dittmja01
113395,divim101,divismo01
641525,dixob001,dixonbr01
819749,dixoe101,dixoned01
819754,dixog101,dixonge01
819747,dixog102,dixongl01
,dixoh901,
819746,dixoj101,dixonjo01
113397,dixok001,dixonke01
113398,dixol101,dixonle01
819743,dixop101,dixonpa01
819748,dixor101,dixonra01
113399,dixos001,dixonst01
113396,dixos101,dixonso01
819744,dixos102,
113400,dixot101,dixonto01
819740,dixot102,dixonto02
459438,dlugb001,dlugabr01
113401,doakb101,doakbi01
113402,doanw101,doanewa01
113404,dobbd101,dobbeda01
425785,dobbg001,dobbsgr01
690928,dobbh001,dobbihu01
113405,dobbj101,dobbsjo01
113403,dobbj102,dobbjo01
,dobbj103,
113407,dobej101,doberje01
113406,dober101,dobenra01
677976,dobnr001,dobnara01
113408,dobsc101,dobsoch01
,dobsh901,
113409,dobsj101,dobsojo01
113410,dobsp101,dobsopa01
113411,dobyl101,dobyla01
113412,dockg101,dockige01
819738,dockl101,
689266,doddd001,dodddy01
113413,doddo101,doddon01
133360,doddr001,doddro01
113414,doddt001,doddto01
113415,dodgj101,dodgejo01
113416,dodgs101,dodgesa01
113417,dodsp001,dodsopa01
113418,doe-f101,doefr01
113419,doerb101,doerrbo01
,doerh101,
113420,dohee101,dohened01
113421,dohej001,doherjo02
113422,dohej101,doherjo01
,dohet801,
430617,dohms001,dohmasc01
675971,dohyk001,dohyky01
113426,dolab101,dolanbi01
113427,dolac101,dolanco01
113423,dolac102,dolanco02
113425,dolaj101,dolanjo02
113424,dolaj102,dolanjo01
113428,dolat101,dolanto01
113429,dolel101,dolele01
,dolew901,
503569,dolir001,dolisra01
113430,doljf101,doljafr01
113431,dolla101,dollar01
801403,dollc001,dollach01
451767,dolsf001,dolsifr01
150103,domia001,dominan01
458689,domic001,dominch01
430021,domij001,dominju01
523848,domij002,dominjo01
691176,domij003,dominja01
819734,domij101,dominju02
518625,domim001,dominma01
622554,domis001,dominse01
113440,donaa101,donalat01
,donaa901,
113437,donad101,donahde01
113441,donae101,donaled01
518626,donaj001,donaljo02
453228,donaj002,donalja01
113442,donaj101,donaljo01
113436,donaj102,donahjo01
113435,donaj103,donahji02
113434,donaj104,donahji01
819731,donaj105,donaljo03
113438,donap101,donahpa01
113433,donar101,donahre01
113432,donas101,donahsh01
113439,donat101,donahti01
113443,dondl101,dondele01
819730,doneu101,donel01
113444,donlm101,donlimi01
407791,donnb001,donnebr01
113451,donnb101,donnebl01
113452,donnc001,donnech01
,donnc901,
113446,donne101,donneed02
113445,donne102,donneed01
113447,donnf101,donnefr01
113448,donnj101,donneji01
,donnj102,donnejo01
137200,donnj103,donneji02
431018,donnj701,
113450,donnp101,donnepe01
427123,donnr801,
680977,donob001,donovbr01
113465,donob101,donovbi01
113464,donob102,donovbi02
113462,donod101,donovdi01
113458,donof101,donovfr01
113459,donoj101,donovje01
113454,donoj102,donohjo01
113453,donoj103,donohji01
113457,donol101,donosli01
113460,donom101,donovmi01
,donom901,
113461,donop101,donovpa01
113455,donop102,donohpe01
113456,donot101,donohto01
113463,donot102,donovto01
,donot901,
113466,dooir101,dooinre01
113467,doolm101,doolami01
448281,dools001,doolise01
113468,doomh101,doomsha01
113469,dopsj001,dopsojo01
113472,dorab001,doranbi02
113473,dorab101,doranbi01
113470,doraj101,doranjo01
434798,doral801,
113471,dorat101,doranto01
113474,dorgj101,dorgaje01
113475,dorgm101,dorgami01
113476,dorif101,dorisha01
,dorlc101,
113477,dormc101,dormach01
113478,dormr101,dormare01
457760,dornd001,dornda01
,dornd901,
113479,dorng101,dornegu01
819727,dornu101,
676900,doror001,dorowry01
113480,dorrb101,dorrbe01
113481,dorsb001,dorsebr01
113482,dorsc101,dorseca01
113483,dorsj001,dorseji01
113485,dorsj101,dorseje01
113484,dorsj102,dorseje02
819726,dorsl101,dorselu01
468936,dortm001,dortame01
113487,dosch101,doschhe01
113486,doscj101,doschja01
113488,dostd001,dosteda01
136734,doteo001,doteloc01
113489,dotsr001,dotsori01
819725,dotsu101,dotso02
113491,dottd101,dottedu01
113490,dottg101,dottega01
113492,dotyb101,dotyba01
467094,doubf001,doubrfe01
113501,douga101,douglas01
113493,dougc101,doughch01
819717,dougc102,
819719,douge101,dougled01
113494,dougj001,doughji01
113498,dougj101,dougljo01
819721,dougj102,douglje01
113502,dougk101,douglkl01
113499,dougl101,douglla01
,dougo801,
113500,dougp101,douglph01
113495,dougp102,doughpa01
346868,dougs001,douglse01
113496,dougt101,doughto01
819720,dougu101,dougl02
113497,dougw101,douglwh01
425491,doumr001,doumiry01
113503,doutt101,douthta01
666808,dovac001,dovalca01
452728,doved001,dovede01
113504,dow-c101,dowcl01
427125,dowda901,
113506,dowdj101,dowdjo01
664871,dowdk001,dowdyky01
113505,dowdk101,dowdki01
113507,dowds101,dowdsn01
113508,dowdt101,dowdto01
113509,dowek001,dowelke01
113510,dowij101,dowiejo01
113511,dowld101,dowlida01
113512,dowlp101,dowlipe01
113515,downa101,downial01
113516,downb001,downibr01
819713,downb101,downsbu01
445153,downd001,downsda02
113517,downd101,downsda01
669023,downj001,downsje01
113519,downk001,downske01
453303,downm001,downsma01
113518,downr101,downsre01
113513,downr102,downere01
427126,downr801,
275933,downs001,downssc01
113514,downt101,downeto01
113520,dowst101,dowseto01
686668,doylb001,doylebr02
113521,doylb101,doylebr01
475733,doylb801,
113522,doylc101,doyleco01
113534,doylc102,doyleca01
113523,doyld101,doyleda01
113533,doyld102,doylede01
113525,doylj101,doyleje02
113529,doylj102,doylejo01
113528,doylj103,doyleja01
113527,doylj104,doylejo02
113526,doylj105,doyleje01
113530,doylj106,doylesl01
113524,doylj107,doyleji01
113531,doyll101,doylela01
113532,doylp101,doylepa01
656382,doylt001,doyleto01
449127,doync001,doyneco01
572821,dozib001,doziebr01
113537,dozib101,doziebu01
113536,dozid001,dozied.01
641531,dozih001,doziehu01
113535,dozit001,dozieto01
113538,drabd001,drabedo01
475138,drabk001,drabeky01
113539,drabm101,drabomo01
113540,dragd101,dragodi01
113541,drahb001,drahmbr01
819711,draka101,drakean01
819709,drakb101,drakebi01
113542,drakd101,drakede01
113544,drakl101,drakelo01
113543,drakl102,drakela01
543118,drako001,drakeol01
819710,drakr101,drakere01
427128,drakr901,
113547,draks101,drakeso01
113546,draks102,drakesa01
113548,drakt101,draketo01
113545,draku101,drakely01
150278,drank001,dranske01
,drapj901,
113549,drapm001,drapemi01
113550,drauj101,draubja01
113551,dravd001,draveda01
427129,drecb901,
113553,dreeb101,dreesbi01
113552,dreet001,dreesto01
113555,dreic101,dreiscl01
113554,dreid001,dreifda01
,drekr901,
819712,drekv101,drekeva01
819705,drenl101,
,dresa901,
113560,dresb101,dressbo01
113556,dresb102,drescbi01
113557,dresc101,dressch01
113559,dresk001,dresski01
113558,dresl101,dressle01
400181,dresr001,dresery01
113561,dresr101,dressro01
113562,drewc001,drewca01
113563,drewd101,drewda01
113564,drewf101,drewsfr01
136770,drewj001,drewj.01
113565,drewk101,drewska01
452220,drews001,drewst01
282328,drewt001,drewti01
676263,dreyj001,dreyeja01
113566,dreys001,dreyest01
113567,dried001,driesda01
113568,drill101,drillle01
113570,drisd101,driscde01
,drisd102,driscde02
113569,drisj101,driscji01
,drisj901,
686482,drisl001,drisclo01
113573,drism101,drissmi01
113572,drism102,driscmi01
113571,drisp101,driscpa01
150344,drist001,drisktr01
,drivc801,
113574,droht101,drohato01
113575,dropw101,dropowa01
113576,drotd101,drottdi01
113577,drucl101,drucklo01
113578,druhc101,druhoca01
,drumc901,
113580,drumk101,drumrke01
113579,drumt001,drummti01
819706,drumu101,drumm02
592273,drurb001,drurybr01
,drusd801,
113581,drysd101,drysddo01
819704,duanc101,duanycl01
650960,duard001,duartda01
433643,duber801,
113582,dubim101,dubiemo01
681869,dubis001,dubinsh01
113583,dubob001,duboibr01
276511,duboe001,duboser01
425650,duboj001,duboija01
643289,dubom001,dubonma01
113584,dubuj101,dubucje01
427131,ducam701,
113585,duceb001,duceyro01
819700,ducer101,ducyra01
407113,duchj001,duchsju01
,duchu901,
346855,duckb001,duckwbr01
113586,duckj101,duckwji01
819703,duckm101,duckema01
819702,ducye101,ducyed01
446263,dudal001,dudalu01
113587,dudlc101,dudlecl01
820810,dudld101,dudledo01
819696,dudle101,dudleed01
113588,dudrj101,dudrajo01
488846,duenb001,duensbr01
113589,duesh101,duesha01
113595,duffb101,duffybe01
819697,duffb102,duffybi01
434659,duffc001,duffych01
113593,duffc101,duffech01
518633,duffd001,duffyda01
113596,duffe101,duffyed01
819695,duffe102,duffer01
113597,dufff101,duffyfr01
113598,duffh101,duffyhu01
113594,duffj101,duffijo01
113592,duffj102,duffaji01
,duffj103,
,duffj901,
113590,duffl101,duffla01
424685,duffm001,duffma01
622110,duffm002,duffyma01
592274,duffm003,duffyma02
113591,duffp101,duffpa01
608648,dufft001,duffety01
113602,dugab101,duganbi01
113599,dugad101,duganda01
113600,dugae101,duganed01
113603,dugag101,dugasgu01
113601,dugaj101,duganjo01
113604,dugdd101,dugdada01
113605,dugeo101,dugeyos01
113607,duggb101,dugglbi01
113606,duggj101,duggaji01
667498,duggr001,duggero01
621453,duggs001,duggast01
452668,dukee001,dukesel01
113609,dukej101,dukesja01
113608,dukem101,dukema01
113610,duket101,dukesto01
819698,duket102,dukesto02
435043,dukez001,dukeza01
819693,dulal101,dulalo01
113611,dulib101,dulibbo01
623430,dullr001,dullry01
819690,dumal101,dumasla01
430597,dumap001,dumatph01
113613,dumod101,dumouda01
113612,dumog101,dumonge01
113614,dumon101,dumovni01
819691,dumpb101,dumpsbi01
656388,dunaj001,dunanjo01
819694,dunba101,
113615,dunbm001,dunbama01
113616,dunbt001,dunbato01
819692,dunbv101,dunbave01
400131,duncc001,duncaco01
408219,duncc002,duncach01
113617,duncd101,duncada01
449080,dunce801,
819686,duncf101,duncafr01
819688,duncf102,duncafr02
819685,duncf103,duncafr03
425512,duncj001,duncaje01
113618,duncj101,duncaji01
819687,duncj102,duncajo01
113620,duncm001,duncama01
113619,duncp101,duncapa01
,duncr901,
455167,duncs001,duncash01
819689,duncs101,duncasc01
113621,dunct101,duncata01
113622,duncv101,duncave01
113624,dunde101,dundoed01
113623,dundg101,dundogu01
113625,dunej101,dunegji01
113626,dungs101,dungasa01
113628,dunhl101,dunhale01
113627,dunhw101,dunhawi01
113629,dunkd101,dunklda01
113632,dunlb101,dunlabi01
113630,dunlf101,dunlafr01
113634,dunlg101,dunloge01
113631,dunlg102,dunlagr01
819679,dunlh101,dunlahe01
434478,dunlh801,
,dunlh901,
113633,dunlj101,dunleja01
276055,dunna001,dunnad01
113643,dunna101,dunnian01
819681,dunna102,dunnal01
492934,dunna801,
694362,dunnb001,dunnbl01
641540,dunnd001,dunnida01
572827,dunnj001,dunnija01
643290,dunnj002,dunnju01
113637,dunnj101,dunnjo01
113636,dunnj102,dunnja01
113635,dunnj103,dunnji01
819675,dunnj104,dunnja02
431019,dunnj701,
,dunnj901,
,dunnj902,
113642,dunnm001,dunnemi01
445197,dunnm002,dunnmi01
686554,dunno001,dunnol01
113638,dunnr101,dunnro01
113640,dunns001,dunnst02
430949,dunns002,dunnsc01
113644,dunns101,dunnist01
113639,dunns102,dunnst01
113641,dunnt001,dunnto01
,dunnt901,
670161,dunsp001,dunshpa01
113645,dunss001,dunstsh01
113646,dunwt001,dunwoto01
113647,dupef101,dupeefr01
641541,duplj001,duplajo01
113648,duprm101,dupremi01
819674,dupum101,
679922,durac001,duranca01
113649,durad101,duranda01
220194,durae001,durazer01
677649,durae002,duranez01
458061,durag001,durange01
680776,duraj001,duranja01
661395,duraj002,duranjh01
470516,dural001,duranlu01
113651,duram001,duranmi01
657566,duram002,durapmo01
113650,durar001,duranro01
239795,durbc001,durbich01
702332,durbc002,durbica01
429716,durbj001,durbijd01
431020,durbj701,
113652,durbk101,durbiki01
113653,durer101,durenry01
,durfp901,
113659,durhb101,durhabu01
113654,durhd101,durhado01
113655,durhe101,durhaed01
113657,durhj101,durhajo02
113656,durhj102,durhajo01
113658,durhl001,durhale01
113660,durhr001,durhara01
113661,durnb101,durnbbo01
113662,durng101,durnige01
113663,durnr101,durniri01
284565,duroj001,durocja01
113664,durol101,durocle01
663975,duron001,duronni01
113665,durrr101,durrere01
227495,durrt001,durritr01
113666,dursc101,durstce01
113667,duryj101,duryeje01
113668,dusae101,dusaker01
558048,dusag801,
113669,dusec101,duserca01
113670,dustb101,dustabo01
,duttp901,
594807,duvaa001,duvalad01
137004,duvam001,duvalmi01
113671,duzeb101,duzenbi01
113672,dwiga101,dwighal01
819678,dwige101,dwighed01
543125,dwyec001,dwyerch01
113675,dwyef101,dwyerfr01
113673,dwyej001,dwyerji01
113676,dwyej101,dwyerdo01
113674,dwyej102,dwyerjo01
431021,dybdc701,
113677,dybzj001,dybzije01
113678,dyckj101,dyckji01
113679,dye-j001,dyeje01
113680,dyerb101,dyerbe01
113681,dyerd101,dyerdu01
113682,dyere101,dyered01
113683,dyerm001,dyermi01
113684,dygej101,dygerji01
819670,dykea101,dykesaj01
,dykec801,
113685,dykej101,dykesji01
819673,dykew101,dykewi01
133180,dykhr001,dykhora01
488852,dyksa001,dykstal01
113686,dyksl001,dykstle01
113687,dylej101,dylerjo01
502481,dysoj001,dysonja01
473879,dysos001,dysonsa01
113688,eaddd101,eaddydo01
592280,eader001,eadesry01
113690,eagab101,eaganbi01
,eagaj901,
113689,eagat101,eagantr01
113691,eaglb101,eaglebi01
113692,eaklc101,eaklech01
113696,earla101,earlear01
113698,earlb001,earlebi02
113695,earlb101,earlebi01
813349,earlc001,earlyco01
819668,earlc101,
113693,earlh101,earlho01
113699,earlj101,earlyja01
113694,earls001,earlsc01
113697,earlt101,earleto01
113700,earng101,earnsge01
113702,easld001,easleda01
446225,easle001,easleed01
,easlh901,
113703,easll001,easlelo01
113701,easlm001,easlemi01
113704,easom101,easonma01
113705,eastc101,eastca01
113709,easth101,eastehe01
113707,easth102,eastha01
113706,easth103,easthu01
819672,easth104,easteho01
113711,eastj001,easteja01
113715,eastj101,eastoja01
113714,eastj102,eastojo01
113708,eastl101,eastelu01
113710,eastp101,eastepa01
113716,eastr101,eastwra01
113713,eastr102,eastero01
661294,eastr701,
113712,eastt101,eastete01
819664,eastu101,easte02
819667,eatme101,eatmoel01
284566,eatoa001,eatonad01
594809,eatoa002,eatonad02
113717,eatoc101,eatoncr01
681987,eaton001,eatonna01
113718,eatoz101,eatonze01
113719,eaveg001,eavega01
113720,eavev101,eavesva01
113721,eayre101,eayrsed01
492637,ebbec801,ebbetch99
492822,ebeld801,
,ebelw101,
150297,eberd001,ebertde01
113722,ebrih101,ebrighi01
113723,ecclh101,eccleha01
113724,echea001,echevan01
113725,echoj101,echoljo01
819663,echoj102,echoljo02
113727,eckea101,eckeral01
113728,eckec101,eckerch01
113726,ecked001,eckerde01
452778,ecked801,
425166,eckee001,eckener01
819661,eckej101,eckelju01
113729,eckho101,eckhaox01
275930,ecksd001,eckstda01
492915,ecksr801,
427139,eddid901,
,eddlj101,
113730,eddyc001,eddych01
113731,eddyd101,eddydo01
113732,eddys101,eddyst01
113734,edele101,edeleed01
113733,edelj101,edelejo01
113735,edelj102,edelmjo01
686490,edenc001,edenca01
113736,edenc101,edench01
113738,edenk001,edenfke01
113737,edenm101,edenmi01
113739,edent001,edensto01
671109,ederj001,ederja01
113741,edgeb101,edgerbi01
113740,edgeb102,edgebu01
572831,edgij001,edginjo01
113742,edins101,edingst01
113743,edled101,edlerda01
453580,edles001,edlefst01
669242,edmat001,edmanto01
133228,edmob001,edmonbr01
113747,edmob101,edmonbo01
113748,edmoe101,edmoned01
113745,edmog101,edmonge01
113744,edmoj001,edmonji01
113746,edmop101,edmonpa01
113749,edmos101,edmonsa01
113751,edwab101,edwarbr01
605218,edwac001,edwarca01
819658,edwac101,edwarch01
113752,edwad101,edwarda01
113755,edwad102,edwardo01
113753,edwaf101,edwarfo01
113754,edwah101,edwarha01
457754,edwaj001,edwarjo02
113757,edwaj101,edwarjo01
113756,edwaj102,edwarji01
819657,edwaj103,edwarje01
,edwal901,
425855,edwam001,edwarmi02
113759,edwam101,edwarmi01
113758,edwam102,edwarma01
819654,edwan101,
113760,edwar101,edwarra01
113761,edwas101,edwarsh01
819653,edwat101,edwarte01
113750,edwau101,edwar01
113762,edwaw001,edwarwa01
819656,edwaw101,edwarwe01
669364,edwax001,edwarxa01
113763,eellh101,eellsha01
113764,eenhr001,eenhoro01
664123,effrs001,effrosc01
621107,efliz001,eflinza01
113766,eganb101,eganbe01
113770,egand101,egandi02
113769,egand102,egandi01
113767,eganj101,eganji01
113768,eganr101,eganri01
113771,egant101,eganto01
113765,eganw101,eganwi01
455090,egbej001,egberja01
643297,ege-c001,egeco01
113772,eggee101,eggerel01
113773,eggld101,eggleda01
819648,egglm101,egglema01
113774,eglob001,eglofbr01
,egnaj101,
113775,ehmkh101,ehmkeho01
113776,ehrer101,ehretre01
113777,ehrhr101,ehrharu01
113778,eibeh101,eibelha01
518649,eibnb001,eibnebr01
113781,eichi101,eichrik01
113779,eichj001,eicheju01
113780,eichm001,eichhma01
595191,eickj001,eickhje01
496219,eiger701,
113782,eilad001,eilanda01
113783,eiled101,eilerda01
150088,eined001,einerda01
431022,einsd701,
113784,eiscj001,eischjo01
685126,eiseb001,eiserbr01
113787,eiseh101,eisenha01
113786,eisej001,eisenji01
113785,eisej101,eisenja01
113788,eitee101,eiteled01
455091,ekstm001,ekstrmi01
819649,elamj101,elamji01
113789,elanu101,eland01
134003,elars001,elartsc01
113790,elbek101,elberki01
455092,elbes001,elbersc01
693821,eldeb001,elderbr01
276541,elded001,elderda01
113791,eldeg101,elderge01
113792,eldeh101,elderhe01
434660,eldrb001,eldrebr01
805811,eldrb002,eldribr01
113793,eldrc001,eldreca01
,eldrc901,
113794,elial101,eliale01
606273,eliar001,eliasro01
592286,elkip801,
113795,elkop101,elkope01
671284,elkot001,elkoti01
686642,ellaf001,ellarfr01
113796,ellar101,ellamro01
113798,ellef101,ellerfr01
113797,elleh101,ellerho01
676220,elles001,elledse01
454560,ellia001,ellisaj01
113802,ellia101,ellioal01
,ellia102,
623395,ellib001,ellinbr02
113814,ellib101,ellisbe01
113823,ellib102,ellisba01
113813,ellib103,elliobo01
113800,ellib104,ellinbr01
504025,ellib701,
595939,ellic001,ellisch01
113804,ellic101,elliocl01
113803,ellic102,ellioca01
113805,ellid001,elliodo01
656403,ellid002,ellisdr01
668752,ellid003,ellisdu01
113815,ellid101,ellisdo01
113822,ellig101,ellisge01
113810,ellig102,elliogl01
113806,ellig103,ellioge01
113809,ellih101,ellioha02
113808,ellih102,ellioha01
425533,ellij001,ellisja01
113818,ellij101,ellisjo01
113817,ellij102,ellisji01
113811,ellij103,ellioju01
113799,ellij104,ellicjo01
819644,ellij105,
113801,ellil101,elliola01
407885,ellim001,ellisma01
113819,ellir001,ellisro02
113812,ellir101,elliora01
113816,ellir102,ellisru01
113820,ellir103,ellisro01
113807,ellir104,ellioro01
819643,ellir105,ellisro03
457870,ellir801,
113821,ellis101,ellissa01
819645,ellis102,ellissp01
819650,elliu101,
,elliw901,
113824,ellsd101,ellswdi01
453056,ellsj001,ellsbja01
113825,ellss001,ellswst01
518653,elmoj001,elmorja01
113826,elmov101,elmorve01
819646,elseh101,elseha01
113827,elshr101,elshro01
113829,elstd101,elstodo01
113828,elstk001,elsteke01
113830,elvin001,elvirna01
113832,ely-b101,elybo01
113831,ely-h101,elyha01
518655,ely-j001,elyjo01
592288,emank001,emanuke01
458587,emaub001,emausbr01
113833,embra001,embreal01
113834,embrr101,embrere01
113835,embrs101,embresl01
113837,emerc101,emeryca01
113836,emerc102,emersch01
,emerj101,
113838,emers101,emerysp01
491913,emers801,
113839,emigc101,emigch01
113841,emmeb101,emmerbo01
819637,emmeb102,emmetbu01
113840,emmef101,emmerfr01
427144,emmep901,
113842,emmes101,emmersl01
819641,emorj101,
113843,emslb101,emslibo01
113844,encaa001,encaran01
687952,encac001,encarch01
429665,encae001,encared01
113845,encaj001,encarju01
666464,encaj002,encarje01
113846,encal001,encarlu01
276512,encam001,encarma01
341316,endet001,endertr01
113847,endib101,endicbi01
641553,engea001,engelad01
,engeb901,
,engeb902,
113848,engej101,engeljo01
113849,enges001,engelst01
113854,englc101,englich01
113851,englc102,englech01
113850,englc103,englecl01
819632,englc104,englach01
113852,engld001,engleda01
113856,englg101,engligi01
450832,englj001,englije01
,englj901,
819636,engll101,englilo01
669438,englm001,englema01
113853,englr101,engleri01
663536,englt001,englitr01
819635,englu101,engli02
113855,englw101,engliwo01
113857,ennid101,ennisde01
407795,ennij001,ennisjo01
113858,ennir101,ennisru01
608650,ennsd001,ennsdi01
819627,enocu101,enoch01
446264,enrib001,enrigba01
113859,enrig101,enrigge01
113860,enrij101,enrigja01
663671,enrin001,enrigni01
113862,ens-j101,ensje01
113861,ens-m101,ensmu01
348563,ensbm001,ensbemo01
819629,entel101,entenlu01
113863,enwrc101,enwrich01
113864,enyat101,enyarte01
113865,enzej101,enzenja01
113866,enzmj101,enzmajo01
543135,eovan001,eovalna01
113867,eppaj001,epparji01
113868,eppea101,epperal01
543136,epplc001,eppleco01
113869,eppsa101,eppsau01
113870,eppsh101,eppsha01
113871,epstm101,epstemi01
113872,erarg101,erardgr01
113873,eraue101,erauted01
113874,erauj101,erautjo01
,erbyf901,
668674,ercel001,erceglu01
113875,erdot001,erdosto01
113877,ericd101,erickdo01
113878,erice101,ericker01
113880,erich101,erickha01
113879,erich102,erickha02
113876,ericj001,erickjo01
408235,ericm001,erickma01
113881,ericp101,erickpa01
113883,ericr101,erickro01
113882,ericr102,erickra01
113884,erics001,ericksc01
572362,erlir001,erlinro01
113885,ermec101,ermerca01
113886,ernaf101,ernagfr01
113887,errid101,erricdi01
113888,erskc101,erskica01
113889,erstd001,erstada01
640447,ervip001,ervinph01
113890,erwit101,erwinte01
113891,esasn001,esaskni01
113893,escac101,escarch01
467850,escae001,escaled01
407905,escaf001,escalfe01
819623,escaf101,
641555,escaj001,escarjc01
113892,escan101,escalni01
465065,escas001,escalse01
605222,eschj001,eschja01
113894,eschj101,escheji01
113895,eschl101,eschela01
113896,escoa001,escoban01
276510,escoa002,escobal01
444876,escoa003,escobal02
500871,escoe001,escobed01
546276,escoe002,escobed02
113897,escoj001,escobjo01
113898,escok001,escobke01
650813,escol001,escoblu01
488862,escoy001,escobyu01
,esheg901,
664045,eshet001,eshelto01
113899,eshev001,eshelva01
431023,eskea701,
113900,esmoj101,esmonji01
664744,espaj001,espadjo01
440053,espaj801,espadjo99
113901,esped101,esperdu01
113904,espia001,espinal01
659262,espia002,espinan01
457787,espid001,espinda01
457910,espig001,espinge01
113902,espij001,espinju01
113903,espin101,espinni01
502179,espip001,espinpa01
642659,espir001,espinra01
669289,espis001,espinsa01
449145,espob001,esposbr01
543138,espoj801,
435438,espom001,esposmi01
113905,espos101,espossa01
113906,espyc001,espyce01
427151,espyd801,
113907,essec101,essegch01
113908,essem101,esserma01
113910,essib101,essicbi01
113909,essij001,essiaji01
113911,estab001,estalbo02
113912,estab101,estalbo01
482631,estam901,
608032,estec001,estevca01
113914,ested101,esterdu01
113913,ested102,esteldi01
683155,estej001,estesjo01
113915,estes001,estessh01
113916,estog101,estocge01
113917,estrc101,estrach01
113918,estrf101,estrafr01
216194,estrh001,estraho01
283051,estrj001,estrajo01
669093,estrj002,estraje01
150471,estrl001,estrele01
681751,estrl002,estrala01
462136,estrm001,estrama01
113919,estro101,estraos01
642731,estrt001,estrath01
113920,etcha101,etchean01
113921,etchb101,etchibu01
819624,etchc101,etcheca01
113922,etheb101,etherbo01
819626,ether101,
150003,ethes001,etherse01
444843,ethia001,ethiean01
113923,etten101,ettenni01
113924,ettlm001,ettlema01
113925,eubaj101,eubanjo01
113926,eubau101,eubanue01
819620,euelw101,euellwi01
113927,eufef001,eufemfr01
113928,eunif101,eunicfr01
113929,euset001,eusebto01
113930,eustf101,eustafr01
113932,evana101,evansal01
113943,evana102,evansar01
,evana103,evansal02
133740,evanb001,evansba02
113933,evanb101,evansba01
113944,evanb102,evansbi01
113945,evanb103,evansbi02
819619,evanb104,evansbi03
819613,evanb105,evansbo01
,evanb901,evansbi99
113934,evanc101,evansch01
819615,evanc102,evanscl01
819612,evanc103,
113935,evand001,evansda01
113936,evand002,evansdw01
663770,evand003,evansde01
819614,evanf101,evansfe01
819608,evanf102,evansfr01
,evang901,
819607,evanh101,
113937,evanj101,evansjo01
113942,evanj102,evansja01
819605,evanj103,
,evanj901,
,evanj902,
688138,evanl001,evanslo01
452783,evann001,evansni01
595943,evanp001,evansph01
113940,evanr101,evansre01
113939,evanr102,evansro01
113938,evans101,evansst01
113941,evant001,evansto01
458000,evant002,evanste01
113931,evanu101,evans01
819600,evanu102,evansul01
819601,evanw101,evanswi01
445968,eveld001,evelada01
276361,evera001,everead01
113953,everb001,eversbr01
113948,everb101,everibi01
433637,everb801,
113946,everc001,evereca01
819603,everc101,everecl01
113952,everh101,eversho01
113950,everj101,eversjo02
113949,everj102,eversjo01
819602,everj103,evereji01
113947,everl101,everile01
427156,everm901,
452784,evert001,everito01
113951,evert101,eversto01
819604,everu101,
113954,ewelg101,ewellge01
113959,ewinb101,ewingbu01
113955,ewinb102,ewingbo01
819599,ewinb103,ewingbu02
819597,ewinc101,ewingco01
113956,ewinj101,ewingjo01
113957,ewinr101,ewingre01
113958,ewins101,ewingsa01
113960,ewola101,ewoldar01
458701,expol001,exposlu01
113961,eyres001,eyresc01
425466,eyrew001,eyrewi01
113962,eyrig101,eyricge01
475252,ezelg801,
113963,ezzeh101,ezzelho01
113964,faatj101,faatzja01
819598,fabej101,fabelju01
113965,faber101,faberre01
660758,fabis001,fabiasa01
113967,fabrb101,fabribu01
819596,fabri101,fabreis01
113966,fabrj001,fabrejo01
113968,facer101,facero01
656412,faeda001,faedoal01
113969,faedl001,faedole01
113970,faett101,faethto01
113972,fagab101,faganbi01
819592,fagab102,faganbo01
489954,fagac901,
113971,fagae101,faganev01
819591,fagag101,fagange01
113973,fagif101,faginfr01
454994,faheb001,faheybr01
113976,faheb101,faheybi01
113974,fahef101,faheyfr01
113975,faheh101,faheyho01
113977,fahrj101,fahrje01
113978,fahrp101,fahrepe01
113979,fainf101,fainfe01
431232,fairc901,
113980,fairg101,fairge01
113981,fairj101,fairbji01
113983,fairj102,faireji01
664126,fairp001,fairbpe01
113984,fairr101,fairlro01
113982,fairr102,faircra01
656413,fairs001,faircst01
819590,faisu101,faiso01
113985,fajah001,fajarhe01
113986,falca101,falchan01
113987,falcp001,falcope01
237346,falkb001,falkebr01
113988,falkb101,falkbi01
113990,falkc101,falkecy01
113989,falkc102,falkch01
113994,fallb001,fallobo01
113992,fallc101,falloch01
113991,falle101,falleed01
113993,fallg101,falloge01
819594,fallj101,fallijo01
113995,falsp101,falsepe01
663559,faltb001,falteba01
113996,falts001,faltest01
458252,falui001,faluir01
544727,famij001,familje01
113997,faner001,faneyri01
113998,fannc101,fannicl01
114000,fannj101,fanniji01
113999,fannj102,fannija01
114002,fanof101,fanovfr01
114001,fanoh101,fanokha01
114003,fanss001,fanslst01
819587,fants101,
492008,fanud701,
114004,fanwh101,fanweha01
114005,fanzc101,fanzoca01
641561,fargj001,fargajo01
607188,farij001,fariaja01
114007,farim001,farismo01
114006,farip001,fariepa01
114008,farlb101,farlebo01
114009,farlt101,farleto01
114010,farma101,farmeal01
571656,farmb001,farmebu01
114015,farmb101,farmebi01
114011,farme101,farmeed01
819585,farmg101,farmegr01
114013,farmh001,farmeho01
114012,farmj101,farmeja01
571657,farmk001,farmeky01
114014,farmm001,farmemi01
,farmm901,
,farnh901,
407906,farnj001,farnsje01
150035,farnk001,farnsky01
543144,farqd001,farquda01
114029,farrb101,farrebi01
114020,farrd101,farredo01
114019,farrd102,farredu01
456544,farre001,farrier01
114023,farrj001,farrejo03
114016,farrj101,farrji01
114026,farrj102,farrejo01
114025,farrj103,farrejo02
114024,farrj104,farreja03
114022,farrj105,farreja02
114021,farrj106,farreja01
114030,farrj107,farrojo01
114027,farrk101,farreke01
608652,farrl001,farrelu01
819589,farrl101,farrelu02
815083,farrm001,farrimi01
114017,farrs001,farrst01
114018,farrs101,farrasi01
114028,farrt101,farretu01
114031,fasas001,fasansa01
114032,fassj001,fasseje01
114034,fastd101,fastda01
114033,fastu101,fast01
114035,faszj101,faszhja01
572842,fatsp801,
676534,faucc001,fauchca01
605226,faula001,faulkan01
114036,faulb101,faulbi01
114037,faulj101,faulkji01
114038,fausb101,fausebu01
114039,fausc101,faustch01
114040,fautj101,fautsjo01
114041,fauvc101,fauvecl01
819582,favot101,favorth01
114042,fazie101,fazioer01
114043,fearv101,fearve01
,feasd901,
605227,featt001,feathta01
136866,feblc001,febleca01
607200,fedde001,feddeer01
114044,fedea101,federal01
543148,fedet001,federti01
676439,feduh001,feduchu01
114045,fee-j101,feeja01
114046,fehrb101,fehridu01
456387,feier001,feierry01
621399,feigb001,feiglbr01
114047,feine101,feinbed01
819579,feldb101,feldebu01
819584,feldb102,feldebe01
433339,feldd701,
601476,feldd702,
114050,feldh101,feldmha01
114048,feldm001,feldemi01
114049,feldm101,feldema01
444857,felds001,feldmsc01
665734,felia001,felipan01
114051,felig101,felixgu01
114052,felih101,felixha01
114053,felij001,felixju01
440351,felij002,felicje01
593140,felim001,felizmi01
666128,felim002,felicma01
491703,felin001,felizne01
150268,felip001,felizpe01
408230,felip002,felicpe01
114055,fellb101,fellebo01
114054,fellj101,felleja01
,fellt901,
,fellu901,
114056,felsh101,felscha01
114057,felsj101,felskjo01
663372,feltr001,feltnry01
114058,feltt101,feltote01
114059,fennf101,fennefr01
114060,fennh101,fenneho01
,fennn901,
114061,fenwb101,fenwibo01
114062,feres101,ferenst01
114066,ferga101,fergual01
114069,fergb101,fergubo01
114068,fergb102,fergubo02
657571,fergc001,ferguca01
114064,fergc101,ferguch01
114063,fergc102,ferguch02
114065,fergg101,ferguge01
114067,fergj101,fergujo01
431024,fergj701,
621053,fergt001,ferguty01
114070,fermf001,fermife01
666023,fermf002,fermifr01
665877,fermj001,fermijo01
820862,fermj002,fermijo02
114071,fermr001,fermira01
114073,ferna001,fernaal01
819576,fernb101,fernabe01
114078,fernc101,fernach02
114077,fernc102,fernach01
114072,ferne101,fernaed01
114075,fernf101,fernafr01
150403,fernj001,fernajo01
220594,fernj002,fernaja01
605228,fernj003,fernajo02
628336,fernj004,fernajo03
622774,fernj005,fernajo04
658551,fernj006,fernaju01
642759,fernj007,fernaju02
819569,fernj101,fernajo05
114076,fernn101,fernana01
114080,ferno001,fernaos01
819567,fernp101,fernapa01
681676,fernr001,fernary01
819568,fernr101,fernaro01
114074,ferns001,fernasi01
114079,fernt001,fernato01
692585,ferny001,fernaya01
408246,ferra001,ferraan01
114081,ferra101,ferraal01
,ferra102,
114091,ferrb101,ferribo01
114084,ferrb102,ferrabi01
114093,ferrc101,ferrycy01
819562,ferrc102,ferreco01
114092,ferrd101,ferrida01
114082,ferrd102,ferrado01
114090,ferrh101,ferriho01
594815,ferrj001,ferreje01
678606,ferrj002,ferrejo01
114094,ferrj101,ferryja01
114083,ferrm101,ferrami01
819557,ferrp101,ferrepe01
114086,ferrr101,ferreri01
114088,ferrs101,ferrese01
114085,ferrt001,ferreto01
114089,ferrt101,ferrito01
819563,ferrt102,ferreto02
114087,ferrw101,ferrewe01
819561,ferrw102,ferrewi02
114095,fersa101,fersoal01
492638,fessw801,fessewa99
701581,festd001,festada01
670036,festm001,festama01
534600,fettc801,
114096,fettl101,fettelo01
114097,fettm001,fettemi01
114098,fetzw101,fetzewi01
114099,fewsc101,fewstch01
656420,feyej001,feyerjo01
819556,fialg101,fiallge01
114100,fialn101,fialane01
819553,fialt101,fiallto01
427159,fichm901,
518674,fickc001,fickch01
114101,fickj101,fickjo01
,fickj901,
137001,fickr001,fickro01
114102,fidrm101,fidryma01
114103,fiebc101,fiebecl01
114107,fielb001,fieldbr01
819550,fielb101,fieldbe01
114106,fielc001,fieldce01
571665,field001,fieldda01
114108,fielg101,fieldge01
435222,fielj001,fieldjo02
451661,fielj002,fieldjo03
608654,fielj003,fieldjo04
114109,fielj101,fieldjo01
114104,fielj102,fieldji01
819554,fielj103,fieldja01
407757,fieln001,fieldna01
425902,fielp001,fieldpr01
114105,fiels101,fieldsa01
,fiels901,
474494,fielt001,fieldth01
819543,fielw101,fieldwi01
502272,fienc001,fienca01
114110,fienl101,fienelo01
571666,fierm001,fiersmi01
114111,fifed101,fifeda01
819542,fifej101,fiferjo01
543155,fifes001,fifest01
114112,fifij101,fifieja01
451628,figaa001,figaral01
819545,figar101,figarra01
408210,figgc001,figgich01
114114,figgf101,figgefr01
114113,figgm001,figgami01
114115,figub001,figuebi01
502676,figuc001,figueco01
114116,figue101,figueed01
114117,figuj101,figueje01
819537,figuj102,figuejo01
292294,figul001,figuelu01
150153,figun001,figuene01
471896,figup001,figuepe01
446111,figup801,
819544,figut101,figueti01
407235,fikaj001,fikacje01
400105,fileb001,filebo01
114120,filee101,filesed01
114118,files101,filesa01
114119,filet001,filerto01
114121,filis101,filipst01
114123,filld101,fillida01
641571,fillh001,fillmhe01
819541,fillj101,fillmjo01
114122,fillm101,fillema01
114124,filsp001,filsope01
114125,fimpj001,fimplja01
114127,fincb101,finchbi01
114126,fincj101,finchjo01
819540,fincr101,finchra01
819539,fincu101,finch02
114128,finet101,fineto01
114129,fingr001,fingero01
114130,finij101,finigji01
643302,finkg801,
114131,finkh101,finkhe01
114136,finlb101,finlebi01
114134,finlb102,finlebo01
114133,finlc001,finlech01
114132,finlp101,finlape01
114135,finls001,finlest01
819538,finlt101,finleto01
605232,finnb001,finnebr01
819534,finne101,finneed01
114141,finng001,finnvga01
114139,finnh101,finneha02
114138,finnh102,finneha01
819536,finnj101,finnejo01
640448,finnk001,finneky01
114140,finnl101,finnelo01
114137,finnn101,finnne01
,finnw901,
,fiora901,
827143,fiorc101,
452225,fiorj001,fioreje01
114142,fiorm101,fioremi01
150106,fiort001,fioreto01
114143,fires001,fireost01
114144,firod001,firovda01
114145,firtt101,firthte01
114152,fiscb101,fischbi01
427162,fiscb801,
114146,fiscc101,fischca01
114147,fisch101,fischha01
114148,fiscj001,fischje01
114153,fiscm001,fischmi01
114149,fiscr101,fischru01
114150,fisct001,fischto01
114151,fiscw101,fischwi01
114160,fishb001,fishebr01
680755,fishb002,fishebr02
457567,fishc001,fisheca01
114164,fishc101,fishecl01
114181,fishc102,fishech01
114163,fishc103,fishech04
114162,fishc104,fishech02
114161,fishc105,fishech03
605233,fishd001,fishede01
114165,fishd101,fishedo01
114167,fishe101,fisheed01
114166,fishe102,fisheed02
114168,fishf101,fishefr01
,fishf901,
114159,fishg101,fishegu01
114170,fishg102,fishege01
819535,fishg103,fishege02
114171,fishh101,fisheha01
114155,fishj001,fishejo01
670288,fishj002,fishmja01
114173,fishj101,fisheja01
114156,fishl101,fishele01
114174,fishm101,fishema01
688010,fishn001,fishena01
114175,fishn101,fishene01
114176,fishr101,fishera01
114172,fishr102,fishere01
114169,fishs101,fishesh01
114154,fishs102,fishbsa01
114179,fisht101,fisheto02
114178,fisht102,fisheto01
114177,fisht103,fishebo01
114158,fishu102,fishe01
114180,fishw101,fishewi01
114182,fiskc001,fiskca01
114183,fiskm101,fiskema01
114184,fislw101,fislewe01
450729,fistd001,fistedo01
819530,fitcb101,fitchbi01
114185,fittp101,fittepa01
690916,fittr001,fittsri01
114201,fitza101,fitzmal01
420846,fitzb001,fitzgbr01
114186,fitzc101,fitzbch01
114187,fitzd101,fitzgde01
114188,fitze101,fitzged01
114202,fitze102,fitzped01
114203,fitzf101,fitzsfr01
114189,fitzh101,fitzgho01
114192,fitzj101,fitzgjo02
114191,fitzj103,fitzgjo03
114190,fitzj104,fitzgjo04
819526,fitzj105,fitzgjo05
,fitzj801,
819527,fitzj802,
114197,fitzm001,fitzgmi02
114196,fitzm002,fitzgmi03
114195,fitzm101,fitzgma01
114194,fitzm102,fitzgmi01
,fitzm901,
114199,fitzp101,fitzkpa01
680837,fitzr001,fitzgry01
114198,fitzr101,fitzgra01
114200,fitzs101,fitzmsh01
666149,fitzt001,fitzgty01
114204,fitzt101,fitzsto01
203709,fitzw101,fitzgjo01
664852,flaaj001,flaaja01
114205,flacm101,flackma01
114207,flagi101,flagsir01
114206,flagw101,flagewa01
114208,flahj001,flahejo01
656427,flahj002,flaheja01
114209,flahm101,flahema01
,flahm102,
114211,flahp101,flahepa02
114210,flahp102,flahepa01
475247,flahr001,flahery01
,flahr901,
114212,flaia101,flairal01
114213,flanc101,flanach01
114214,flane101,flanaed01
114219,flanj101,flannjo01
114216,flanm001,flanami01
114217,flanr101,flanira01
114215,flans101,flanast01
114220,flant001,flannti01
114218,flant101,flanito01
456071,flany001,flandyo01
114221,flasr101,flaskro01
114222,flatj101,flateja01
114223,flavj101,flavijo01
114224,fleef101,fleetfr01
819529,fleej101,fleetjo01
114225,fleia101,fleitan01
114227,flemb101,flemibi01
114226,flemd001,flemida01
819523,flemf101,flemifr01
676596,flemj001,flemijo01
114228,fleml101,flemile01
114229,flemt101,flemito01
,flemt901,
114230,flenh001,flenehu01
667465,fleta001,fletcaa01
114232,fleta101,fletcar01
427164,fleta901,
114233,fletd001,fletcda01
664058,fletd002,fletcda02
666150,fletd003,fletcdo01
114235,flete101,fletcel01
114237,fletf101,fletcfr01
114236,fletg101,fletcge01
114234,fletp001,fletcpa01
114239,flets001,fletcsc01
114238,flets101,fletcsa01
114240,flett101,fletcto01
114231,fletv101,fletcva01
623167,flexc001,flexech01
114241,flice101,flickel01
114242,flicl101,flickle01
114243,flind101,flinndo01
114244,flinj101,flinnjo01
114245,flins101,flintsi01
114246,flith101,flitchi01
114247,flohm101,flohrmo01
114248,flooc101,floodcu01
114249,floot101,floodti01
114255,florb001,floribr01
641576,florb002,florebe01
114251,flord001,floredo01
571670,flord002,florody01
664314,flore001,flories01
114253,florg101,floregi01
150107,florj001,florejo01
435520,florj002,floreje02
114254,florj101,floreje01
443110,florj801,
,florj901,
114250,flork001,florake01
572309,flork002,floreke01
465753,florp001,floripe01
114252,florp101,florepa01
420864,florr001,florera01
446939,florr002,florero01
570717,florr003,florera02
804668,florr004,florera03
527038,florw001,florewi01
820809,flouw101,flourwi01
114256,flowb101,flowebe01
114257,flowd101,flowedi01
114259,flowj101,floweja01
819519,flowj102,flowejo01
452095,flowt001,flowety01
114258,floww101,flowewe01
114262,floyb101,floydbo01
114261,floyb102,floydbu01
114260,floyc001,floydcl01
425856,floyg001,floydga01
114263,fluhj101,fluhrjo01
689254,fluhm001,fluhama01
543169,flynb001,flynnbr01
114272,flync101,flynncl01
114264,flync102,flynnca01
114271,flynd001,flynndo01
114265,flyne101,flynned01
114266,flyng101,flynnge01
114269,flynj101,flynnjo01
114268,flynj102,flynnjo03
114267,flynj103,flynnjo02
114270,flynm101,flynnmi01
114273,flyts101,flythst01
114274,fodgg101,fodgege01
114276,fogaj101,fogarjo01
114275,fogaj102,fogarji01
492639,fogeh801,fogelho99
150319,foggj001,foggjo01
114277,fohll101,fohlle01
114278,foilh101,foileha01
,foldw101,
114279,folec101,foleycu01
671345,folej001,foleyja01
114280,folej101,foleyjo01
114281,folem001,foleyma01
114282,foler101,foleyra01
114284,folet001,foleyto02
114283,folet101,foleyto01
114285,folew101,foleywi01
114286,folit001,foliti01
114287,folkr101,folkeri01
,follb901,
592314,foltm001,foltymi01
114288,fondd101,fondyde01
114289,fonsl101,fonsele01
133227,fontj001,fontejo01
430917,fontm001,fontemi01
545337,fontn001,fontano01
114290,fontr001,fontera01
521655,fontw001,fontwi01
114291,fonvc001,fonvich01
114292,foorj101,foorji01
114293,footb101,footeba01
819509,footr101,
425817,foppj001,foppeje01
114294,foraj101,foranji01
819510,forbf101,
137040,forbp001,forbep.01
819505,forcb101,forcebi01
114295,forcd101,forceda01
114309,fordb001,fordybr01
136421,fordb002,fordbe01
819507,fordb101,
819503,fordb102,
114296,fordc001,fordcu01
114297,fordd001,fordda01
452096,fordd002,fordda03
114298,fordd101,fordda02
427166,fordd901,
114300,forde101,forded01
114302,fordg101,fordge01
114301,fordg102,fordge02
819506,fordg103,fordge03
695670,fordh001,fordha01
114303,fordh101,fordho01
819502,fordj101,fordji01
819500,fordj102,
217915,fordl001,fordle01
425651,fordm001,fordma01
645801,fordm002,fordmi01
114305,fordr101,fordru01
114308,fordt001,fordhto01
114307,fordt101,fordto01
114306,fordt102,fordte01
114299,fordw101,fordwh01
114304,fordw102,fordwe01
150292,fordw103,fordbi01
,fordw901,
114312,foreb101,forembr01
114311,foref101,foremfr01
114310,foreh101,foremha01
819498,fores101,foremsy01
819499,forez101,foremza01
,forma901,
114313,formb101,formabi01
819493,formp101,formepe01
543174,forne001,fornaer01
114314,fornm101,fornimi01
819497,forrj101,
819494,forrp101,forrepe01
114316,forsb001,forscbo01
114319,forse101,forsyed01
114315,forsk001,forscke01
523253,forsl001,forsylo01
327692,forss001,forstsc01
114317,forst001,forstte01
114318,forst101,forstto01
430627,fortb001,fortuba01
114321,fortg101,fortuga01
663743,fortn001,forteni01
114320,fortt001,fortuti01
679822,foscj001,foscuju01
114322,fosnj101,fosnoje01
407154,fossc001,fossuca01
114323,fossg101,fossge01
114324,fossl101,fossla01
114326,fossr101,fossera01
114325,fosst001,fossato01
114327,fosta101,fosteal01
114331,foste101,fosteel01
114329,foste102,fosteed01
114330,foste103,fosteed02
114333,fostg001,fostege01
407796,fostj001,fostejo01
114334,fostk001,fosteke01
276363,fostk002,fostekr01
114336,fostl101,fostele01
114335,fostl102,fostela01
819486,fostl103,fostele02
641582,fostm001,fostema01
427168,fostm901,
114328,fostp101,fostepo01
114338,fostr101,fostero01
114337,fostr102,fostere01
114332,fostr103,fosteru01
600032,fostr104,fostero02
534348,fostr105,fosteru99
114339,fosts001,fostest01
819488,fostw101,fostebi99
114340,fothb101,fothebo01
114341,foucs101,foucast01
114342,foulk001,foulkke01
,foune901,
,founh901,
114344,fourh101,fournhe01
114343,fourj101,fournja01
114345,fousb101,fousebi01
114346,foutd101,foutzda01
114347,foutf101,foutzfr01
114352,fowla001,fowlkal01
114349,fowla101,fowlear01
114350,fowlb101,fowlebo01
451594,fowld001,fowlede01
641583,fowld002,fowledu01
114351,fowld101,fowledi01
819490,fowle101,fowlker01
,fowlg901,
114348,fowlj101,fowleje01
,fowlw901,
114353,fox-a001,foxan01
114365,fox-b101,foxbi01
114354,fox-c001,foxch02
114355,fox-c101,foxch01
114356,fox-e001,foxer01
114360,fox-h101,foxho01
114359,fox-h102,foxhe01
444844,fox-j001,foxja02
114363,fox-j101,foxja01
114362,fox-j102,foxjo01
665650,fox-l001,foxlu01
460257,fox-m001,foxma01
114361,fox-n101,foxne01
114358,fox-p101,foxpa01
114357,fox-p102,foxpe01
114364,fox-t101,foxte01
114366,foxeb101,foxenbi01
114367,foxxj101,foxxji01
699537,foxxl701,
114368,foy-j101,foyjo01
114369,foytp101,foytapa01
114370,fraik101,frailke01
641584,fralj001,fraleja01
,frana901,
450204,franb001,francbe01
670102,franb002,francbo01
819482,franb101,francbi01
,franb102,
114379,franc101,frankch01
575070,frane001,francen01
114372,frane101,francea01
407911,franf001,francfr01
114381,franf101,frankfr02
114380,franf102,frankfr01
114387,franh101,frankhe01
114374,franj001,francjo01
212297,franj002,francju01
433585,franj003,francje01
425796,franj004,francje02
464433,franj005,francju02
641585,franj006,francjp01
114384,franj101,frankja02
114383,franj102,frankja01
435623,frank001,frandke01
819485,franl101,
,franl102,
114376,franm001,francma01
114385,franm002,frankmi01
133980,franm003,frankmi02
596748,franm004,francma02
114386,franm101,frankmo01
,franm102,
500392,franm701,
545338,frann001,frankni01
114371,frano101,francos01
819484,frano102,francot01
211041,franr001,frankry01
114373,franr101,francra01
571676,frans001,frankse01
114378,frant001,francte01
664034,frant002,francty01
114377,frant101,francti01
114382,franu101,frank01
276356,franw001,frankwa01
677551,franw002,francwa01
431025,franw701,
621350,frarc001,frareca01
,frarr901,
114389,frasc101,frasech01
114388,frasj001,frascjo01
430630,frasj002,frasoja01
,frasj801,
114391,frasv101,frasivi01
114390,frasw001,frasewi01
693087,frawt801,
624428,fraza001,fraziad01
819478,fraza101,frazial01
640449,frazc001,frazicl01
819477,frazf101,frazifl01
114393,frazg001,frazige01
,frazg801,frazege99
455095,frazj001,frazije01
114394,frazj101,frazijo01
114392,frazl001,frazilo01
819476,frazo101,frazior01
453943,frazt001,frazito01
114395,fredj101,fredejo01
407864,fredk001,fredeke01
431026,fredm701,
114396,freds001,fredrsc01
690976,freea001,freelal01
114400,freeb101,freembu02
114406,freeb102,freembu01
114399,freeb103,freehbi01
819474,freeb104,freembi01
,freeb901,
425551,freec001,freemch01
673965,freec002,freemca01
683227,freec003,freemco01
501896,freed001,freesda01
489955,freed701,
114397,freee101,freeded01
518692,freef001,freemfr01
114412,freeg101,freesge01
114411,freeg102,freesge02
114403,freeh101,freemhe01
114402,freeh102,freemha01
543178,freej001,freemju02
114405,freej101,freemjo01
114413,freej102,freezja01
114407,freej103,freemju01
114404,freej104,freemji01
114401,freej105,freemje01
607536,freek001,freelky01
,freek101,
114408,freel001,freemla01
114410,freem001,freemma02
502273,freem002,freemmi01
114409,freem101,freemma01
150472,freer001,freelry01
114398,freer101,freedro01
518693,frees001,freemsa01
671289,freet001,freemty01
,freet901,
114414,fregj101,fregoji01
439421,freia001,freiral01
571679,freid001,freitda01
114417,freid101,freisda01
114416,freih101,freigho01
474384,frein001,freimna01
114418,freit101,freitto01
114415,freiv101,freibve01
686217,frels001,frelisa01
114425,frenb101,frencbi01
114419,frenc101,frencch01
,frend801,
114423,frenj101,frencji01
448287,frenl001,frenclu01
114421,frenl101,frencla01
114420,frenp101,frencpa01
114422,frenr101,frencra01
114424,frenw101,frencwa01
819470,fresu101,fresn01
114426,freyb101,freybe01
492566,freyj801,freyji99
114427,freyl101,freylo01
114428,freys001,freyst01
516910,friac001,friasca01
114429,friah001,friasha01
666818,frial001,friaslu01
114430,friap101,friaspe01
114431,fribb101,fribebe01
114432,fricm101,fricama01
114434,fridj101,fridlji01
114433,frids101,fridask01
114443,frieb101,frierbu01
114442,frieb102,frienbo01
114438,frieb103,frielbi01
114436,frieb104,friedbo01
543184,friec001,friedch01
114435,friec101,friedcy01
114439,fried101,frienda01
457117,friee001,frierer01
114440,frief101,frienfr01
608331,friem001,friedma01
114441,frieo101,frienow01
114444,friep101,friespe01
114437,friep102,frielpa01
670770,friet001,friedtj01
114445,frilj101,frilljo01
114446,frinf101,frinkfr01
114447,frisc101,frisbch01
114449,frisd101,friseda01
431027,frisd701,
114450,frise101,friskem01
114448,frisf101,friscfr01
431028,fritb701,
455007,fritb801,
114451,fritc101,fritzch01
114452,frith101,fritzha01
114453,fritl101,fritzla01
114454,froab101,froatbi01
114455,frobd001,frobedo01
114456,frocs101,frocksa01
114457,froeb101,froelbe01
427173,froeb901,
,froeg901,
114458,froht001,frohwto01
114459,froma101,frommar01
114460,frosd101,frostda01
464254,frute001,frutoem01
681807,fry-d001,fryda01
605240,fry-j001,fryja01
114462,fry-j101,fryjo01
114461,fry-j102,fryje01
643316,fry-p001,frypa01
114463,fryec101,fryech01
518700,fryee001,fryerer01
114464,fryej001,fryeje01
114465,frymt001,frymatr01
114466,frymw101,frymawo01
114467,fuchc101,fuchsch01
,fuche801,fuchsju99
,fuchl901,
150118,fuenb001,fuentbr01
800311,fuend001,fuentdi01
658069,fuenj001,fuentjo01
114468,fuenm001,fuentmi02
114469,fuenm101,fuentmi01
571681,fuenr001,fuentre01
114470,fuent101,fuentti01
,fugej901,
,fugip101,
114472,fuhro101,fuhrmol01
114471,fuhro102,fuhros01
493117,fujik001,fujikky01
660261,fujis001,fujinsh01
493120,fukuk001,fukudko01
506429,fukuk002,fukumka01
445246,fulcj001,fulchje01
453539,fulds001,fuldsa01
690924,fulfb001,fulfobr01
114474,fulgd101,fulghdo01
114473,fulgj101,fulghjo01
114485,fullb001,fullmbr01
114484,fullc101,fullich01
114483,fullc102,fullecu01
114476,fulle101,fulleed01
114477,fullf101,fullefr01
114478,fullh101,fulleha01
114480,fullj101,fullejo01
114479,fullj102,fulleji01
819464,fullj103,fulleji02
114475,fulln101,fulleni01
623936,fullr801,
114482,fulls101,fullesh01
431233,fullt901,
114481,fullv101,fulleve01
819465,fullw101,
608334,fulmc001,fulmeca01
114487,fulmc101,fulmech02
114486,fulmc102,fulmech01
605242,fulmm001,fulmemi01
114488,fulmw101,fulmewa01
150269,fulta001,fultzaa01
114489,fultb001,fultobi01
114490,fultd101,fultzda01
427175,fultf801,
681892,fundk001,fundeko01
114491,fundm001,fundema01
819468,funem101,funesma01
114493,funkf101,funkfr01
608335,funkk001,funkhky01
114492,funkl101,funkli01
114494,funkt001,funkto01
483584,funnt901,
518703,furbc001,furbuch01
279577,furcr001,furcara02
114495,furic101,furilca01
,furlb901,
434583,furmj001,furmajj01
136728,fussc001,fussech01
114496,fusse101,fusseed01
114497,fussf101,fussefr01
114498,fussl101,fussele01
,fyfel901,
114499,fyhrm001,fyhrimi01
451257,gabbk001,gabbaka01
471803,gabia001,gabinar01
114500,gablf101,gablefr01
114502,gablg101,gablega01
114501,gablg102,gablega02
114503,gablk101,gableke01
114505,gabrl101,gabrile01
114504,gabrl102,gabrile02
683769,gaddh001,gaddihu01
114506,gaddj101,gaddyjo01
819463,gadsg101,gadsdgu01
114507,gaede101,gaedeed01
114508,gaetg001,gaettga01
114509,gaffb001,gaffbr01
114510,gafff101,gaffkfa01
492642,gaffj801,gaffnjo99
657424,gagem001,gagema01
665673,gaget701,
114511,gaglp101,gagliph01
114512,gaglr101,gaglira01
114515,gagnc101,gagnoch01
543193,gagnd001,gagnodr01
150378,gagne001,gagneer01
114514,gagne101,gagnied01
114513,gagng001,gagnegr01
114516,gaguc101,gagusch01
114517,gaile001,gailled01
114518,gaind101,gainede01
114519,gainj001,gaineja01
114520,gainj101,gainejo01
819459,gainj102,gainejo02
114521,gainn101,gainene01
114522,gaint001,gainety01
114523,gaisf101,gaisefr01
133400,gajks001,gajkost01
114524,gaked001,gakelda01
114526,galaa001,galaran01
451482,galaa002,galarar01
114525,galaa101,galanau01
114527,galab101,galasbo01
114528,galam101,galatmi01
427177,galam801,galanma99
,galar101,
114530,galed101,galehde01
114529,galer001,galeri01
502570,galer002,galero01
114531,galla101,gallaal01
114541,gallb101,gallabo01
114546,gallb103,gallibe01
114543,gallb104,gallabi01
595956,gallc001,gallaca01
114549,gallc101,galloch01
114533,galld001,gallada01
114534,galld101,gallado01
114535,galle101,gallaed01
606149,gallg001,gallegi01
114540,gallg101,gallagi01
543194,galli001,gallois01
430571,gallj001,galljo01
608336,gallj002,gallojo01
114550,gallj101,galloji01
114547,gallj102,galliji01
114539,gallj103,gallajo02
114538,gallj104,gallaja01
114537,gallj105,gallajo01
114536,gallj106,gallaji01
,galll901,
114545,gallm001,gallemi01
429760,gallm002,gallomi01
114548,gallp101,galliph01
451595,galls001,gallase01
114532,galls101,gallash01
114544,galls102,gallest01
114542,gallw102,gallawi01
451596,gally001,gallayo01
668678,gallz001,galleza01
114551,galvb001,galveba01
819455,galvc101,galveca01
520471,galvf001,galvifr01
114554,galvj101,galvijo01
114553,galvj102,galviji01
114552,galvj103,galvipu01
114555,galvl101,galvilo01
114559,gambb101,gamblbo01
543195,gambe001,gamboed01
114556,gambj101,gambljo01
114557,gambl101,gamblle01
114558,gambo001,gamblos01
427179,gambt801,
819449,gambw101,gamblwi01
592325,gameb001,gamelbe01
451143,gamem001,gamelma01
819452,gamid101,gamizdo01
819448,gamim101,gamizma01
114560,gammd101,gammoda01
114562,gandb101,gandybo01
114561,gandc101,gandich01
282861,gandg001,gandagu01
114563,ganlb101,ganlebo01
114566,gannb101,gannobi01
114564,ganng101,gannogu01
114565,gannj101,gannojo01
819450,gansj101,gansju01
114569,gantj001,gantnji01
607231,gantj002,gantjo01
114568,gantj101,gantejo01
114567,gantr001,gantro01
114571,ganzb101,ganzeba01
114570,ganzc101,ganzech01
114572,ganzj101,ganzejo01
408199,garae001,garabed01
642520,garag001,garabge01
114573,garaj101,garagjo01
114574,garak001,garagke01
466339,garav001,garatvi01
114580,garba101,garboal01
114579,garbb001,garbeba01
114578,garbb101,garbebo01
114576,garbb102,garbabo01
114577,garbg001,garbege01
114575,garbm101,garbami01
150362,garca001,garciam01
457483,garca002,garcian01
541645,garca003,garciav01
611177,garca004,garciad01
666969,garca005,garciad02
605244,garca006,garciar01
650530,garcb001,garcibr01
805299,garcb002,garcibr02
114583,garcc001,garcica01
451600,garcc002,garcich02
114595,garcc101,garcich01
819447,garcc102,garcich03
819443,garcc103,garcico01
114584,garcd001,garcida01
430162,garcd002,garcida03
665620,garcd003,garcide01
660650,garcd004,garcide02
114585,garcd101,garcida02
492643,garcd801,garcida99
658305,garce001,garcied01
114587,garcf001,garcifr01
150119,garcf002,garcifr03
571057,garcf003,garcefr01
136306,garcg001,garcigu01
594824,garcg002,garcigr01
460648,garch001,garciha01
150019,garcj001,garcije01
433586,garcj002,garcija01
462911,garcj003,garcijo01
448802,garcj004,garcija02
592329,garcj005,garcija03
606424,garcj006,garcija04
676480,garcj007,garcijo02
691373,garcj008,garcijh01
114582,garck001,garciki01
114588,garck002,garcika01
114589,garcl001,garcile01
150193,garcl002,garcilu01
408202,garcl003,garcilu02
544725,garcl004,garcile02
472610,garcl005,garcilu03
671277,garcl006,garcilu04
677651,garcl007,garcilu05
114590,garcm001,garcimi02
237694,garcm002,garcimi03
672580,garcm003,garcima01
114586,garcm101,garcimi01
445887,garcm801,
114596,garcn001,garcino01
607162,garco001,garcion01
114591,garcp101,garcipe01
114581,garcr001,garceri01
114594,garcr002,garcira03
424505,garcr003,garcire01
425450,garcr004,garciro01
596825,garcr005,garciro02
670329,garcr006,garciri01
665621,garcr007,garciro03
676395,garcr008,garciro04
114593,garcr101,garcira01
114592,garcr102,garcira02
819435,garcr103,
,garcr901,
819434,garcs101,garcisi01
591994,garcw001,garciwi01
554340,garcy001,garciyi01
114603,garda101,gardnar01
114602,garda102,gardnal01
114600,garda103,gardiar01
114597,garda104,gardeal01
458731,gardb001,gardnbr01
114616,gardb101,gardnbi02
114615,gardb102,gardnbi01
114604,gardc001,gardnch01
114598,gardd101,gardeda01
114605,garde101,gardnea01
114611,gardg101,gardngl01
114606,gardg102,gardngi01
114607,gardh101,gardnha01
114609,gardj001,gardnje01
114608,gardj101,gardnji01
820808,gardj102,gardnje02
,gardj103,
421104,gardl001,gardnle01
114617,gardl101,gardnla01
114610,gardm001,gardnma01
114601,gardm002,gardimi01
643320,gardn001,gardeni01
819432,gardp101,gardnpi01
114599,gardr001,gardero01
114613,gardr101,gardnro01
114612,gardr102,gardnra01
114614,gardw001,gardnwe01
114618,garfb101,garfibi01
114619,garia101,garibar01
114620,garib101,garibbo01
150133,garid001,garibda01
434939,garkr001,garkory01
279782,garlj001,garlajo01
664247,garlk001,garliky01
114621,garll101,garlalo01
114622,garlw101,garlawa01
114624,garmd101,garmsde01
,garmj901,
114623,garmm101,garmami01
451198,garnc001,garneco01
572863,garnd001,garnedu01
666101,garnj701,
114625,garnp001,garneph01
592330,garnp002,garnepe01
114626,garow101,garonwi01
607237,garra001,garream01
114631,garra101,garread01
666129,garrb001,garrebr01
114635,garrc101,garricl01
114634,garrc102,garrice01
114629,garrc103,garrecl01
,garrc901,
114636,garrf101,garrifo01
114633,garrg101,garrigi01
114630,garrg102,garregr01
819420,garrg103,garrigi02
114638,garrh101,garriha01
114639,garrj101,garryji01
657585,garrr001,garrere01
114627,garrr101,garrra01
114628,garrs001,garresc01
477237,garrs002,garrist01
656448,garrs003,garrest01
819427,garrs101,garresp01
819421,garrt101,garreto01
114637,garrw001,garriwe01
114632,garrw101,garrewa01
623439,gartr001,gartory01
114642,garvj101,garvije01
641598,garvm001,garvemi01
114643,garvn101,garvine01
114640,garvn102,garvene01
114641,garvs001,garvest01
819422,garvu101,garvi02
819418,garyc101,garych01
621057,garzj001,garzaju01
490063,garzm001,garzama01
621248,garzr001,garzara01
114644,gasph101,gaspaha01
681508,gaspm001,gaspemi01
114645,gaspr101,gasparo01
114646,gassc101,gassach01
434559,gassd001,gassnda01
688107,gassr001,gassero01
114649,gasta101,gastoal01
114650,gastc101,gastoci01
114648,gaste101,gastfed01
114653,gasth101,gastrha01
518713,gastj001,gastjo01
114651,gastm101,gastomi01
819416,gastr101,gastoro01
114647,gastt101,gastato01
114652,gastw101,gastowe01
114657,gatea101,gatewau01
114654,gateb001,gatesbr01
819408,gateb101,gatewbi01
819411,gatee101,gatewer01
114655,gatej101,gatesjo01
819409,gatel101,
114656,gatem101,gatesmi01
431157,gathj001,gathrjo01
114658,gatif101,gatinfr01
594828,gatte001,gattiev01
453304,gaubj001,gaubjo01
429985,gaudc001,gaudich01
114659,gaudj101,gaudeji01
114660,gaulm101,gaulemi01
592332,gausk001,gausmke01
114661,gautd101,gautrdo01
114662,gauts101,gautrsi01
114663,gaveu101,gaver01
543208,gavis001,gavigsa01
819407,gaviu101,gavin01
114664,gaw-c101,gawch01
,gay-f101,
819410,gay-h101,gayhe01
819406,gay-w101,gaywi01
114665,gazem101,gazelmi01
114670,gearb101,gearybo01
518715,gearc001,gearrco01
114668,geard101,gearidi01
114666,geard102,gearda01
407783,gearg001,gearyge01
114667,gearg101,gearhga01
114669,gearh101,gearyhu01
114671,gebhb101,gebhabo01
114672,gebrp101,gebripe01
114673,geddj101,geddeji01
114675,gedej101,gedeojo01
114674,gedej102,gedeoel01
114676,gedmr001,gedmari01
114677,gednc101,gedneco01
518716,gee-d001,geedi01
114678,gee-j101,geejo01
819400,gee-r101,geeri01
819401,gee-s101,geesa01
819405,gee-t101,geeto01
114679,geerb101,geerbi01
,geerc101,
446207,geerj001,geerjo01
114682,gehrc101,gehrich01
114681,gehrh101,gehrihe01
114680,gehrl101,gehrilo01
114683,gehrp101,gehrmpa01
669525,geibj701,
114684,geiep101,geierph01
114685,geigg101,geigega01
114687,geisb101,geisbi01
114688,geisd001,geiseda01
114690,geise101,geissem01
,geish901,
114689,geisv101,geishve01
114691,gelbc101,gelbech01
610971,gellm801,
114692,gelnj101,gelnajo01
680869,geloz001,gelofza01
544993,gelts001,geltzst01
114693,genej101,genewjo01
114694,genif101,geninfr01
571697,genns001,gennesc01
114695,genog101,genovge01
502226,gentc001,gentrcr01
114698,gentg101,gentrga01
114699,genth101,gentrha01
114696,gentj101,gentiji01
114700,gentr101,gentrru01
114697,gents101,gentisa01
694355,gentt001,gentrty01
114701,geora101,georgal01
114705,georb101,georgbi01
114703,georc001,georgch01
150203,georc002,georgch02
,geore901,
114702,georg101,georggr01
819402,georj101,georgjo01
114704,georl101,georgle01
114706,georo101,georgos01
819404,geraa101,geraral01
114707,gerab101,geragbe01
114708,gerad101,gerarda01
114709,gerbc001,gerbecr01
114711,gerbg101,gerbege01
680702,gerbj001,gerbejo01
595222,gerbm001,gerbemi01
114710,gerbw101,gerbewa01
114712,gereb001,gerenbo01
114716,gerha101,gerheal01
114714,gerhj101,gerhajo01
114715,gerhk001,gerhake01
114713,gerhr101,gerharu01
819396,gerhu101,gerha02
114717,gerkg101,gerkege01
114718,gerks101,gerkist01
114719,gerlj101,gerlajo01
593334,germd001,germado01
407397,germe001,germaes01
407883,germf001,germafr01
681464,germf002,germafr02
542674,germg001,germego01
430683,germj001,germaju01
114720,germl101,germale01
114722,gernd101,gernedi01
114721,gerne101,gerneed01
114723,geroc101,geronce01
114724,gertl101,gertelo01
425506,geruj001,gerutjo01
114725,gervl101,gervale01
801434,gervp001,gervapa01
463645,gervs001,gervasa01
114727,gessc101,gessnch01
114726,gessd101,gessldo01
114728,getta101,getteal01
430656,gettb001,gettiby01
114729,gettc101,gettich01
114731,gettj101,gettmja01
114730,gettt101,gettito01
460051,getzc001,getzch01
114732,getzg101,getzgu01
114733,getzp101,getzich01
114734,geyer101,geyerru01
114735,geygc101,geygach01
114736,gharp101,gharrpa01
114737,ghelt101,ghelfto01
114738,gialb101,giallbo01
114739,giamj001,giambja01
136605,giamj002,giambje01
623508,giamt001,giambtr01
114741,gianj101,giannjo01
114740,gianr001,giannra01
,giarb901,
114742,giarj101,giardjo01
435218,giart001,giarrto01
543213,giavj001,giavojo01
664139,gibai001,gibauia01
,gibbb901,
114744,gibbj001,gibbojo02
400158,gibbj002,gibboja01
114745,gibbj101,gibbsja01
114743,gibbj102,gibbojo01
819395,gibbj103,gibbojo03
819398,gibbw101,gibbowa01
114746,gibrs001,gibrast01
114757,gibsb001,gibsobo02
114756,gibsb101,gibsobo01
806188,gibsc001,gibsoca01
114748,gibsc101,gibsoch02
114747,gibsc102,gibsoch01
136763,gibsd001,gibsode01
114749,gibsf101,gibsofr01
114750,gibsg101,gibsoge01
427184,gibsg901,
503586,gibsh902,
,gibsj101,gibsojo99
819389,gibsj102,
114752,gibsk001,gibsoki01
502043,gibsk002,gibsoky01
114754,gibsn101,gibsono01
114755,gibsp001,gibsopa01
819392,gibsp101,gibsopa02
114758,gibsr101,gibsoro01
114751,gibsr102,gibsoru01
114759,gibss101,gibsosa01
114753,gibsw101,gibsowh01
114760,gickg101,gickge01
114761,gideb001,gideobr01
114762,gidej101,gideoji01
492488,gider801,
114764,giebf101,giebefl01
114763,giebj101,giebejo01
114765,gielp101,gielpa01
435500,giesd001,gieseda01
819391,giffj801,giffoji99
114766,giggb101,giggibo01
114767,gigon101,gigonno01
114768,gil-b001,gilbe01
282594,gil-g001,gilge01
114769,gil-g101,gilgu01
430667,gil-j001,gilje01
661563,gil-l001,gillu01
114772,gilba101,gilbean01
114786,gilbb101,gilbrbi01
114771,gilbb102,gilbebi01
114784,gilbb103,gilbebi02
114774,gilbb104,gilbebu01
114773,gilbc101,gilbech01
687551,gilbd001,gilbedr01
114776,gilbh101,gilbeha01
114779,gilbj101,gilbeja01
114778,gilbj102,gilbejo01
114777,gilbj103,gilbejo02
656458,gilbl001,gilbrlu01
669302,gilbl002,gilbelo01
114780,gilbl101,gilbela01
114781,gilbm001,gilbema01
114782,gilbp101,gilbepe01
114785,gilbr101,gilbrro01
114770,gilbs001,gilbesh01
656457,gilbt001,gilbety01
114775,gilbt101,gilbeto01
114783,gilbw101,gilbewa01
819390,gilcd101,gilchde01
114788,gileb001,gilesbr01
114789,gileb002,gilesbr02
114787,giled101,giledo01
819385,gileg101,gilesge01
571704,gilek001,gileske01
279578,gilem001,gilesma01
429360,gilfj001,gilfija01
,gilgh101,gilgahu01
114791,gilhf101,gilhofr01
114790,gilhg101,gilhage01
114792,gilkb001,gilkebe01
114793,gilkb101,gilksbo01
819378,gilla101,
114812,gillb101,gilliba01
114809,gillb102,gillebo01
543216,gillc001,gillaco01
502261,gillc002,gilleco01
687362,gillc003,gillico01
114803,gillc101,gillecl01
114802,gillc102,gilleca01
114794,gille101,gilled01
114815,gillg101,gillpge01
114814,gillg102,gilligr01
114795,gillg103,gillge01
819384,gillg104,gillge02
114796,gillh101,gillha01
819383,gillh102,gillehe01
114813,gillj101,gillija01
114810,gillj102,gilliji01
114806,gillj103,gillejo01
114805,gillj104,gilleji01
114798,gillj105,gilljo01
114797,gillj106,gillji01
670810,gilll001,gillalo01
819380,gillm101,gillimu01
114808,gillp101,gillepe01
114811,gillp102,gillipa01
114807,gillp103,gillepa01
819382,gillp104,gillipe01
114800,gills101,gillesa01
114804,gillt001,gilleto02
114801,gillt101,gilleto01
,gillt901,
,gillt902,
114799,gillw101,gillwa01
114819,gilmf101,gilmofr01
114818,gilmg101,gilmogr01
114820,gilmj101,gilmoji01
114816,gilmj102,gilmaji01
114821,gilml101,gilmole01
819381,gilml102,gilmole02
114817,gilmp101,gilmapi01
543219,gilms001,gilmase01
819377,gilpu101,gilpi01
114823,gilrj101,gilrojo01
114822,gilru101,gilro01
114824,gilsh101,gilsoha01
819376,gilyl101,gilyalu01
665926,gimea001,gimenan01
460269,gimec001,gimench01
430591,gimeh001,gimenhe01
518725,gindc001,gindlca01
114825,gingb101,gingbi01
114826,gingj101,gingrjo01
656464,ginkk001,ginkeke01
669372,ginnj001,ginnjt01
114827,ginnt101,ginnti01
114828,ginsj101,ginsbjo01
348562,gintk001,ginteke01
215197,gintm001,gintema01
608337,gioll001,giolilu01
114829,giona101,gionfal01
114830,giort101,giordto01
114831,giove001,giovaed01
819373,gipsa101,gipsoal01
133420,gipsc001,gipsoch01
687830,gipss001,gipsosa01
114832,girac101,girarch01
,giraf101,
114833,giraj001,girarjo01
643325,giroc001,girodch01
819375,gisew101,gisenwi01
580621,gisot901,
277414,gissc001,gissech01
656467,gittc001,gittech01
431030,giulj701,
114834,giult101,giulito01
114835,giusd101,giustda01
114836,giveb001,givenbr01
571710,givem001,givenmy01
819370,giveo101,givenos01
114841,gladb101,gladmbu01
114838,gladd001,gladdda01
114840,gladf101,gladefr01
114839,gladf102,gladdfr01
114837,gladj101,gladdji01
114842,gladr101,gladuro01
,gladu110,gladn01
114843,glaij101,glaisjo01
114844,gland001,glanvdo01
819372,glasb101,glaspbe01
819369,glasc101,glassca01
114846,glasj101,glassja01
,glasn101,glaseno01
607192,glast001,glasnty01
114845,glast101,glassto01
819368,glasu101,glass02
150177,glauk001,glaubke01
136267,glaut001,glaustr01
114847,glavl101,glavelu01
430403,glavm001,glavimi01
114849,glavt001,glavito02
114848,glavt101,glavito01
114850,glazr101,glazera01
114851,glazw101,glaznwh01
114859,gleab101,gleasbi03
114857,gleab102,gleasbi01
114856,gleab103,gleasbi02
114852,gleah101,gleasha01
114860,gleaj001,gleatje01
114854,gleaj101,gleasjo01
114853,gleaj102,gleasja01
114858,gleak101,gleaski01
114855,glear101,gleasro01
114861,gleej101,gleesji01
114862,gleif101,gleicfr01
543223,glenb001,glennbr01
114865,glenb101,glennbo01
114863,glenb102,glenabo01
114867,glene101,glenned02
114866,glene102,glenned01
114868,glenh101,glennha01
819371,glenh102,glennha02
819364,glenh103,glennhu01
114871,glenj101,glennjo02
114870,glenj102,glennjo01
114869,glenj103,glennjo03
114864,glenm101,glendma01
819363,glens101,glennst01
114872,glias101,gliatsa01
114873,gling001,glinage01
340393,gloar001,gloadro01
114874,glocn101,glockno01
114875,glosa101,glossal01
,glovf901,
150474,glovg001,glovega01
606983,glovk001,gloveko01
819362,glovt101,gloveto01
819365,glovu101,glove02
114877,glynb101,glynnbi01
114876,glyne001,glynned01
427186,glyng801,
150281,glynr001,glynnry01
114878,goarj101,goarjo01
425471,gobbj001,gobblji01
114879,gochj101,gochnjo01
114880,godaj101,godarjo01
114881,godbd101,godbyda01
114882,goddj101,goddajo01
453232,godfg001,godfrgr01
819366,godim101,godinma01
643327,godlz001,godleza01
608422,godoj001,godoyjo01
114883,godwj101,godwijo01
434880,godwt001,godwity01
114884,goebe101,goebeed01
572876,goebj001,goebbja01
114885,goecb101,goeckbi01
,goece901,
592340,goede001,goedder01
595963,goedt001,goeddty01
114886,goetg101,goetzge01
114887,goetj101,goetzjo01
,goetl901,
819361,goetm101,
,goetr901,
114888,goffj001,goffje01
491820,goffm801,
592341,gofod001,goforda01
114889,goggc101,goggich01
114890,gogob101,gogolbi01
627894,gohal001,goharlu01
114891,gohrg001,gohrgr01
572365,goinr001,goinsry01
819360,goinw901,goinewa01
680446,golam701,
643329,goldb001,goldbbr01
819354,goldc101,goldecl01
,goldd101,
114898,goldf101,goldsfr01
,goldf102,
114896,goldg101,goldsgo01
114899,goldh101,goldsha01
114901,goldi101,goldsiz01
114895,goldj101,goldmjo01
114892,goldj102,goldeji01
114902,goldl101,goldslo01
114893,goldm101,goldemi01
502671,goldp001,goldspa01
114903,goldp101,goldypu01
114894,goldr101,goldero01
114900,goldw101,goldswa01
114897,goldw102,goldswa02
114904,goles101,goletst01
819355,golif101,goliafr01
114905,golim101,goliami01
449172,golsg001,golsogr01
114906,goltd101,goltzda01
114907,golvw101,golviwa01
596295,gomba001,gombeau01
346796,gomea001,gomezal01
460156,gomeb001,gomesbr01
114909,gomec001,gomezch02
460576,gomec002,gomezca01
114910,gomec101,gomezch01
819349,gomed101,gomezda01
467143,gomeh001,gomezhe01
430404,gomej001,gomesjo01
491646,gomej002,gomezje01
114911,gomel001,gomezle02
114912,gomel101,gomezlu01
114917,gomel102,gomezle01
450855,gomem001,gomezma01
622497,gomem002,gomezmi01
427189,gomeo801,
114913,gomep001,gomezpa01
114914,gomep101,gomezpr01
114915,gomer001,gomezra01
596816,gomer002,gomezro01
114916,gomer101,gomezru01
819351,gomes101,gomezsi01
114908,gomew001,gomeswa01
543228,gomey001,gomesya01
672782,gomey002,gomezyo01
114918,gondj101,gondeje01
624427,gonss001,gonsast01
664062,gonst001,gonsoto01
114924,gonza001,gonzaal01
136460,gonza002,gonzaal02
408236,gonza003,gonzaad01
462413,gonza004,gonzaan01
471868,gonza005,gonzaal03
554054,gonza006,gonzaal04
471865,gonzc001,gonzaca01
592346,gonzc002,gonzach01
114926,gonzd001,gonzade01
276508,gonzd002,gonzadi01
114919,gonzd101,gonzada01
429440,gonze001,gonzaed01
434619,gonze002,gonzaen01
452989,gonze003,gonzaed02
570481,gonze004,gonzaer01
114927,gonze101,gonzaeu01
456598,gonze801,
114930,gonzf101,gonzafe01
427190,gonzf801,gonzafr99
114929,gonzg001,gonzage01
133242,gonzg002,gonzaga02
461829,gonzg003,gonzagi01
819342,gonzg101,
114931,gonzj001,gonzajo02
114932,gonzj002,gonzaju03
114928,gonzj003,gonzaje01
114933,gonzj101,gonzaju02
114934,gonzj102,gonzaju01
114920,gonzj103,gonzajo01
114935,gonzl001,gonzalu01
114921,gonzl002,gonzala01
136764,gonzl003,gonzala02
430840,gonzl004,gonzalu02
670768,gonzl005,gonzalu03
819338,gonzl101,
283166,gonzm001,gonzami02
503556,gonzm002,gonzama01
456068,gonzm003,gonzami03
544838,gonzm004,gonzami04
594835,gonzm005,gonzama02
646057,gonzm006,gonzami05
642571,gonzm007,gonzame01
114936,gonzm101,gonzami01
484499,gonzm901,
693304,gonzn001,gonzani01
660757,gonzo001,gonzaos01
114937,gonzo101,gonzaor01
114938,gonzp101,gonzape01
114922,gonzr001,gonzare01
279912,gonzr002,gonzara01
663853,gonzr003,gonzaro01
819334,gonzr101,
605894,gonzs001,gonzase01
114925,gonzt101,gonzato01
819353,gonzu101,
624647,gonzv001,gonzavi02
114923,gonzv101,gonzavi01
150435,gonzw001,gonzawi01
682790,gonzw002,gonzawi02
114939,goocc101,goochch01
114940,goocj101,goochjo01
114941,goocl101,goochle01
425627,gooda001,goodan01
114954,gooda101,goodwar01
571718,goodb001,goodwbr01
114952,goodb101,goodmbi01
114948,goodb102,goodebi01
114957,goodc001,goodwcu01
114956,goodc101,goodwcl01
,goodc901,
114947,goodd001,goodedw01
114958,goodd101,goodwda01
114953,goode101,goodsed01
819328,goode102,goodeer01
114942,goodg101,goodge01
696100,goodh001,goodmhu01
114945,goodh101,goodahe01
114950,goodi101,goodmiv01
114946,goodj101,goodejo01
114959,goodj102,goodwji01
114951,goodj103,goodmja01
819321,goodj104,goodrjo01
819331,goodj105,
114949,goodm101,goodfmi01
114960,goodm102,goodwma01
580792,goodn001,goodyni01
592348,goodn002,goodrni01
114955,goodp101,goodwpe01
114943,goodr101,goodra01
114961,goodt001,goodwto01
819329,goodu101,
114944,goodw101,goodwi01
114962,goolr101,goolsra01
114963,goosg101,goossgr01
114964,gorbg101,gorbogl01
460086,gorda001,gordoal01
430950,gordb001,gordobr01
819324,gordb101,gordobu01
676467,gordc001,gordoco01
114966,gordd001,gordodo01
543829,gordd002,gordode01
819323,gordh101,gordohe01
114967,gordj101,gordojo01
114968,gordk001,gordoke01
114969,gordm101,gordomi01
624503,gordn001,gordoni01
114965,gordr101,gordira01
114970,gords101,gordosi01
819325,gords102,
114971,gordt001,gordoto01
685299,gordt002,gordota01
819322,gordu101,gordo02
819317,gordw101,
,gorea901,
114972,goreg101,gorege01
669022,gorem001,gorema01
114973,gorer001,gorecri01
434698,gorer002,gorecre01
605253,goret001,gorete01
114975,gorib101,gorinbo01
114974,goric101,gorinch01
427192,gormb901,
114977,gormh101,gormaho01
114976,gormh102,gormahe01
114978,gormj101,gormaja01
114982,gormj102,gormljo01
669357,gormn001,gormano01
114981,gormt001,gormato03
114980,gormt101,gormato01
114979,gormt102,gormato02
114983,gornh101,gorniha01
430951,gornn001,gorneni01
114984,gorsj101,gorsijo01
685301,gorsm001,gorskma01
114985,goryj101,goryljo01
452733,gorzt001,gorzeto01
543238,gosea001,gosean01
488912,goset001,gosewtu01
114986,gosgj101,gosgeji01
114987,goslg101,gosligo01
428420,goslm001,goslimi01
503789,gosnj901,
605254,gossd001,gosseda01
114990,gossd101,gossedi01
114988,gossh101,gossho01
594838,gossp001,gosseph01
114989,gossr001,gossari01
114991,gotaj101,gotayju01
430905,gotar001,gotayru01
114992,gottj001,gottji01
641627,gottt001,gotttr01
623485,gouda001,goudeas01
114994,goula101,gouldal01
114995,goulc101,gouldch01
819319,goulh101,gouldha01
819320,goull101,
114996,gouln101,goulini01
114993,goult101,goulate01
114997,gouzc101,gouzzcl01
819312,govar101,
114998,gowdh101,gowdyha01
114999,gowel101,gowella01
115000,gozzm001,gozzoma01
115003,graba101,graboal01
115001,grabb101,grababi01
276543,grabj001,graboja01
346848,grabj002,grabojo02
115004,grabj101,grabojo01
115005,grabr101,grabore01
115002,grabr102,grabero01
115010,grace101,graceea01
407927,gracf001,gracefr01
700669,gracg001,gracego01
115006,gracj101,gracejo01
115007,gracm001,gracema01
115008,gracm002,gracemi02
594840,gracm003,gracema02
115009,gracm101,gracemi01
819311,gracw101,gracewi01
115011,gradj101,gradyjo01
115012,gradm101,gradymi01
,graes101,
115013,graff101,grafffr01
115014,grafj101,graffjo01
115015,grafl101,grafflo01
115016,grafm101,graffmi01
,grafm801,graffma99
115017,graft001,graffto01
115033,grahb101,grahabi02
115034,grahb102,grahabi01
115022,grahb103,grahabe02
115021,grahb104,grahabe01
115020,grahb105,grahaba01
558753,grahb801,
115023,grahc101,grahach01
115024,grahd101,grahada01
819313,grahd102,grahade01
115035,grahj001,grahejo01
543242,grahj002,grahajr01
115027,grahj101,grahaja01
,grahj901,
115029,grahl101,grahale01
115018,grahm101,grahamo01
115030,graho101,grahaos01
115026,grahp101,grahape01
115031,grahr101,graharo01
115028,grahs101,grahask01
115019,grahs102,grahask02
,grahs901,
488917,graht001,grahaty01
115025,graht101,grahati01
115032,grahw101,grahawa01
407800,grama001,gramaal01
115037,grama101,grammal01
115038,gramh101,grampha01
115036,gramt101,gramlto01
701552,grana001,granian01
434158,granc001,grandcu01
819308,granc101,
115042,grane101,granted01
506630,granf101,grantfr99
115043,grang101,grantge02
115049,grang102,grantge01
115040,granj001,grangje01
115046,granj101,grantmu01
115045,granj102,grantji01
115044,granj103,grantji02
115039,granj104,graneja01
819301,granl101,grantle01
115047,granm001,grantma01
819306,granr101,
,grans101,
115048,grant101,grantto01
115041,granw101,grangwa01
518735,grany001,grandya01
643335,granz001,graniza01
115050,grapr001,graperi01
115051,grasl101,grasmlo01
115052,grasm101,grassmi01
150194,gratb001,gratebe01
660813,gratb002,gratebr01
115053,gratd101,gratedo01
492802,gratj001,grateju01
115054,gratm001,gratema01
115055,graul101,graulle01
605255,gravb001,gravebr01
819305,gravb101,gravebo01
115056,gravd001,graveda01
115057,gravf101,gravefr01
115058,gravj101,gravejo01
608665,gravk001,graveke01
115059,gravs101,gravesi01
819304,gravu101,grave02
819300,graya101,grayab01
115063,grayc101,graych02
115060,grayc102,graych01
819295,grayc103,graych03
819297,grayc104,graych04
115075,grayd101,graydo01
115071,grayd102,graydi01
115061,grayd103,grayda01
819296,graye101,
115062,grayg101,grayga01
819293,grayg102,
115066,grayj001,grayje01
462522,grayj002,grayje02
592351,grayj003,grayjo02
680686,grayj004,grayjo03
115067,grayj101,grayjo01
115065,grayj102,grayji01
819290,grayj103,
115068,grayl101,graylo01
115069,graym101,graymi01
115070,grayp101,graype01
,grayr101,gormato04
543243,grays001,grayso01
115073,grays101,graydo02
115072,grays102,graysa01
656484,grayt001,graytr01
115074,grayt101,grayte01
819294,grayw101,graywi01
115076,grbae101,grbael01
115077,greab101,greasbi01
203984,greau101,greys01
115078,grebc001,grebecr01
433477,greea001,greenan01
435279,greea002,greenad01
115097,greea101,greenal01
115111,greeb101,greerbr01
115110,greeb102,greenbi01
115109,greeb103,greenbo01
115080,greec001,greench01
115098,greec002,greench02
643338,greec003,greench03
641632,greec004,greenco01
819289,greec101,greencu01
115081,greed001,greenda03
115088,greed101,greenda02
115093,greed102,greendi01
115082,greed103,greenda01
115083,greee101,greened01
115112,greee102,greered01
115085,greef101,greenfr01
115086,greeg001,greenga01
502205,greeg002,greengr01
115087,greeg101,greenge01
,greeg102,
493026,greeg801,
668881,greeh001,greenhu01
115089,greeh101,greenha02
115096,greeh102,greenha01
819288,greeh103,greenho01
,greeh104,
276357,greej001,greenja01
115107,greej101,greenjo01
115106,greej102,greenji02
115100,greej103,greenju01
115091,greej104,greenjo02
115090,greej105,greenji01
819284,greej106,greenjo03
819286,greej107,greenju02
819280,greej108,greenjo04
115113,greek001,greerke01
425867,greek002,greenkh01
115105,greek101,greenke01
115092,greel101,greenle01
819287,greel102,greenle02
115108,greem001,greenmi01
407797,green001,greenni01
572889,green002,greenni02
115101,green101,greenne01
115102,greep101,greenpa01
115084,greep102,greenpu01
115114,greer001,greerru01
214294,greer002,greenri02
682985,greer003,greenri03
115094,grees001,greensh01
115079,grees002,greensc01
279561,grees003,greenst01
434958,grees004,greense01
572888,grees005,greensh02
,grees801,
115099,greet001,greento01
115095,greet002,greenty01
115103,greet003,greento02
460022,greet004,greenty02
488919,greet005,greenta01
819283,greev101,greenvi01
115104,greew001,greenwi01
819282,greew101,greenwi02
819279,greew102,
608339,greez001,greenza01
544369,gregd001,gregodi01
115115,gregd101,greggda01
,grege901,
115119,gregf101,gregofr01
495397,gregg801,
115121,gregh101,gregoho01
115116,gregh102,greggha01
276514,gregk001,greggke01
502381,gregl001,gregelu01
115120,gregl101,gregole01
115122,gregp101,gregopa01
115118,gregt001,greggto01
408054,gregt002,gregoto01
115117,gregv101,greggve01
115123,greib101,greifbi01
606988,greig001,greingr01
133960,greis001,greisse01
425844,greiz001,greinza01
115125,gremb101,grempbu01
115124,greme101,gremmed01
115126,grevb101,grevebi01
115128,greyb101,greybi01
115127,greyr101,greyre01
115130,gricb001,grichbo01
545341,gricr001,grichra01
115132,grieb001,grievbe01
,grieb901,
819276,griec101,griercl01
115133,griet101,grievto01
115131,griet102,griesti01
115137,grifa001,griffal01
456167,grifa002,griffaj01
115149,grifb101,griffbe01
819265,grifb102,griffro02
115150,grifc101,griffcl01
819273,grifc102,griffcb01
115138,grifd101,griffdo01
115152,grifd102,griffde01
,grife901,
656492,griff001,grifffo01
115151,griff101,grifffr01
115141,grifh101,griffha01
115140,grifi101,griffiv01
425515,grifj001,griffje01
424366,grifj002,griffjo01
115136,grifk001,griffke01
115135,grifk002,griffke02
115134,grifl101,griffle01
819271,grifl102,
115144,grifm001,griffmi02
115143,grifm101,griffmi01
115142,grifm102,griffma01
115139,grifp101,griffpu01
115145,grifp102,griffpa01
437073,grifp801,grifope99
819267,grifr101,griffro01
819269,grifr102,
115148,grifs101,griffsa01
819264,grifs102,griffsi01
115146,grift101,griffto02
115153,grift102,griffto01
115147,grift103,griffth01
819266,grift104,griffte01
115154,griga101,griggar01
819262,griga102,griggac01
,griga103,
115156,grigd101,grigsde01
115155,grigh101,griggha01
819263,grigw101,griggwi01
115157,grilg101,grillgu01
276351,grilj001,grillja01
115158,grils101,grillst01
819257,grima101,grimead01
115162,grimb101,grimebu01
115160,grimb102,grimbo01
115167,grimc101,grimmch01
115163,grime101,grimeed01
115169,grimj001,grimsja01
518748,grimj002,grimmju01
115159,grimj101,grimjo01
115164,grimj102,grimejo01
,grimj901,
115168,grimm101,grimsmy01
115165,grimo101,grimeos01
115171,grimr101,grimsro02
115170,grimr102,grimsro01
115166,grimr103,grimera01
115161,grimr104,grimero01
819258,grimu101,
115172,grind101,grineda01
,grins901,
115173,grisl101,grissle01
115174,grism001,grissma02
115175,grism101,grissma01
663757,grist001,grishtr01
687093,grisv001,grissva01
115176,groad101,groatdi01
115177,grobc101,grobco01
115178,grodj101,grodzjo01
115179,grohh101,grohhe01
115180,grohl101,grohle01
115181,groms101,gromest01
473137,gronl001,gronkle01
115183,groob001,groombu01
115182,groob101,groombo01
,groor901,
115185,grosd101,grossdo01
115186,grose101,grossem01
115188,grosg001,grossgr01
408212,grosg002,grossga01
115192,grosg101,grossge01
115193,grosh101,grossha01
115184,grosh102,groskho01
677954,grosj001,groshjo01
115189,grosk001,grosske01
115190,grosk002,grosski01
543257,grosr001,grossro01
115187,grost101,grosstu01
819261,grosu101,
115191,grosw001,grosswa01
115197,grote101,grother02
115196,grote102,grother01
115195,grotj001,groteje02
115194,grotj101,groteje01
115198,grotj102,grothjo01
115199,grotm001,grottma01
665093,grotz001,grotzza01
115202,grovc101,grovech01
115201,grovl101,grovele01
675627,grovm001,grovemi01
115200,grovo101,groveor01
115203,grovr101,grovero01
819259,grovu101,grove02
115207,grubf101,grubefr01
115208,grubh101,grubehe01
115204,grubh102,grubbha01
115205,grubj001,grubbjo01
459439,grubj002,grubeja01
115209,grubk001,grubeke01
115206,grubt101,grubbto01
115210,grudm001,grudzma01
620453,gruld001,grullde01
115212,gruna101,grunwal01
115211,grunk001,grundke01
407839,grybk001,gryboke01
,grygg901,
115213,gryss101,grysksi01
132900,grzam001,grzanmi01
115214,grzej101,grzenjo01
607229,gselr001,gsellro01
515052,guaim001,guaipma01
115215,guanc001,guantce01
115216,guare001,guarded01
150166,gubac001,gubancr01
115217,gubim001,gubicma01
427197,guccc901,
,gucke901,
115218,gudam101,gudatma01
594056,gudur001,guduare01
674944,guens001,guentse01
648717,guera001,guerral01
500610,guerd001,guerrde01
,guere801,
602115,guerg001,guerrga01
115220,guerj001,guerrju01
457915,guerj002,guerrja01
448855,guerj003,guerrju02
642770,guerj004,guerrja02
692285,guerl001,guerrlu01
407825,guerm001,guerrma02
115221,guerm101,guerrma01
115219,guerm102,guerrmi01
819254,guerm103,guerrma03
492489,guerm801,
115222,guerp001,guerrpe01
463313,guerp801,
594027,guert001,guerrta01
605260,guert002,guerrta02
115223,guerv001,guerrvl01
665489,guerv002,guerrvl02
115224,guerw001,guerrwi01
115225,guesw101,guesewh01
115226,guetl001,guettle01
454581,guevc001,guevaca01
115227,guevg001,guevagi01
,gugla901,
115228,guidr001,guidrro01
408224,guiea001,guielaa01
136722,guilc001,guillca01
819253,guilf101,guilbfe01
115229,guilj001,guilljo01
819246,guilj101,guilbju01
641645,guill001,guilllu01
115230,guilo001,guilloz01
543258,guilp001,guilmpr01
607555,guilt001,guilbta01
115234,guinb101,guintbe01
115232,guinb102,guinebe01
115231,guinb103,guindbo01
115233,guins101,guinnsk01
115236,guisl101,guistlo01
115235,guisl102,guisele01
115237,gulam001,gulanmi01
115238,guldb001,guldebr01
115242,gullb001,gullibi01
115239,gulld101,gulledo01
115243,gullg101,gulligl01
819247,gulln101,gullena01
115241,gullt101,gullite01
115240,gullt102,gulleto01
115244,gumba101,gumbead01
115246,gumbb101,gumbebi01
115245,gumbh101,gumbeha01
819242,gumbu101,gumbs01
115247,gumpd001,gumpeda01
115248,gumpr101,gumpera01
115249,gunde001,gundeer01
115251,gunkf101,gunklfr01
115250,gunkr101,gunkere01
115252,gunnh101,gunnihy01
115253,gunnt101,gunnito01
819244,gunnt102,gunnte01
115254,gunsj101,gunsojo01
115255,gural001,gurala01
543261,gurkj001,gurkaja01
819243,gurle101,gurleea01
666971,gurrl001,gurrilo01
493329,gurry001,gourryu01
819238,gurtij10,gutiejo01
656494,gusht001,gushuta01
,gustd901,
115256,guste101,guster01
115257,gustf101,gustifr01
594311,gustj001,gustaja01
687473,gustr001,gustory01
115258,guthb101,guthbu01
,guthb901,
115259,guthc101,guthch01
656495,guthd001,guthrda01
425386,guthj001,guthrje01
115260,guthm001,guthrma01
115261,gutic101,gutiece01
429711,gutif001,gutiefr01
115262,gutij001,gutieja01
434641,gutij002,gutieju01
642721,gutik001,gutieke01
115263,gutir001,gutieri01
661269,gutiv001,gutievl01
115264,guttd101,guttedo01
446386,guyeb001,guyerbr01
425768,guzma001,guzmaan01
150217,guzmc001,guzmacr01
150436,guzmd001,guzmado01
694203,guzmd002,guzmade01
150270,guzme001,guzmaed01
430686,guzmf001,guzmafr01
275698,guzmg001,guzmage01
115266,guzmj001,guzmajo01
115265,guzmj002,guzmajo02
115267,guzmj003,guzmaju01
433591,guzmj004,guzmajo03
461882,guzmj005,guzmaje01
660422,guzmj006,guzmajo04
608597,guzmr001,guzmaro01
115268,guzms101,guzmasa01
115269,gwosd001,gwosddo01
115271,gwync001,gwynnch01
461880,gwynm001,gwynma01
115270,gwynt001,gwynnto01
448242,gwynt002,gwynnto02
576397,gyorj001,gyorkje01
115272,gysed101,gyseldi01
150251,haady001,haadya01
115274,haasb101,haasbr01
115273,haasb102,haasbe01
115278,haasd001,haasda01
606992,haase001,haaseer01
115276,haase101,haased01
115275,haasm001,haasmo01
115277,haasm101,haasmu01
115279,habeb101,habenbo01
115280,habee101,haberem01
115281,habyj001,habyajo01
115282,hachi101,hachir01
819239,hackc801,hackech99
459345,hacke001,hackeer01
115286,hackj101,hackeji01
235097,hackl001,hackmlu01
115287,hackm101,hackeme01
115284,hackr101,hackeri01
115283,hacks101,hackst01
819240,hacks102,hackesp01
115288,hackw101,hackewa01
115285,hackw102,hackewa02
115290,haddg101,haddoge01
115289,haddh101,haddiha01
819234,haddj101,
623352,hadej001,haderjo01
115291,hadlb101,hadlebu01
115292,hadlk101,hadleke01
819235,hadlr101,hadlere01
,hadrm901,
115293,haefb101,haeffbi01
115294,haefm101,haefnmi01
446624,haegc001,haegech01
115296,hafeb101,hafeybu01
115295,hafec101,hafeych01
115297,hafet101,hafeyto01
115298,haffl101,haffole01
,hafnb901,
115299,hafnf101,hafnefr01
400098,hafnt001,hafnetr01
115300,hagaa101,haganar01
444935,hagan001,hagadni01
543266,hageb001,hagenbr01
115301,hagec101,hagemca01
606993,hagej001,hagerja01
663795,hagej002,hagenju01
115302,hagek001,hagenke01
115303,hager101,hagerri01
664059,haggs001,haggesa01
115305,hagub101,haguebi01
115304,haguj101,haguejo01
518755,hagum001,haguema01
115309,hahnd101,hahndi01
115306,hahnd102,hahndo01
115310,hahne101,hahned01
115308,hahnf101,hahnfr01
534910,hahnj001,hahnje01
115307,hahnn101,hahnno01
115311,haidh101,haidha01
115312,haige101,haighed01
534388,haina801,
115313,hainh101,hainehi01
115314,hainj101,haineje01
819236,hairh101,hairsha01
115315,hairj001,hairsje01
150020,hairj002,hairsje02
115316,hairj101,hairsjo01
819230,hairj102,
819233,hairn101,hairsna01
430668,hairs001,hairssc01
115317,hairs101,hairssa01
115318,haisj101,haislji01
115319,hajdc101,hajduch01
115320,hajed001,hajekda01
115321,halag101,halasge01
134280,halaj001,halamjo01
,halba901,
115322,halbe101,halbred01
115323,haldj101,haldejo01
115328,haleb101,halebo01
115330,halec001,halech01
571735,haled001,haleda02
115327,haled101,haleda01
427204,haled801,
,halee901,
115331,halef101,haleyfr01
115325,haleg101,halege01
595234,halej001,haleyju01
115326,halej101,halejo01
115324,haleo101,haleod01
115332,haler101,haleyra01
819227,haler102,haleyre01
819231,haler103,halere01
115329,hales101,halesa01
819228,haleu101,haley02
115333,halie101,haliced01
115334,halla001,hallal02
115336,halla101,hallal01
407849,hallb001,hallbi03
115366,hallb101,hallmbi01
115365,hallb102,hallmbi02
115351,hallb103,hallbo02
115358,hallb104,hallabi01
115356,hallb105,hallbi02
115352,hallb106,hallbo01
115355,hallb107,hallbi01
115340,hallb108,hallbe01
819226,hallb109,hallbl01
819224,hallb110,hallba01
,hallb111,
,hallb901,
595235,hallc001,hallco01
115338,hallc101,hallch01
115367,hallc102,hallsch01
115337,hallc103,hallch02
819225,hallc105,hallch03
115335,halld001,halldr01
115349,halld002,hallda01
669742,halld003,hallda02
669084,halld004,halldl01
115350,halld101,halldi01
537491,halld701,
115363,halle101,hallied01
115339,hallg101,hallge01
115341,hallh101,hallhe01
115342,halli101,hallir01
115346,hallj001,halljo02
425406,hallj002,halljo03
115364,hallj101,halliji01
115362,hallj102,hallijo01
115343,hallj103,hallji01
115357,hallj104,hallajo01
115360,hallj105,halleja01
115345,hallj106,halljo01
115344,hallj107,hallji02
115348,hallm001,hallme01
664180,hallm002,hallma02
115347,hallm101,hallma01
506912,hallm801,
115361,halln101,halline01
819216,hallp101,hallpe01
136880,hallr001,hallaro01
115353,hallr101,hallru01
819220,halls101,
,halls901,
150134,hallt001,hallto02
115354,hallt101,hallto01
115359,hallt102,halleto01
427206,hallt901,
471897,halmg001,halmagr01
115368,halpj101,halpiji01
690984,halpp001,halpipe01
433517,halsb001,halsebr01
115369,halta101,haltal01
115370,halts001,haltesh01
488936,halts002,haltose01
678020,halvs001,halvose01
115371,ham-r101,hamra01
503077,hamaa901,
115372,hamad101,hamando01
115374,hambc101,hambuch01
115375,hambj101,hambyji01
523648,hambm001,hambuma01
115373,hambr101,hambrro01
115376,hameb001,hamelbo01
430935,hamec001,hamelco01
687589,hamed001,hameldo01
571740,hamib001,hamilbi02
115386,hamib101,hamilbi01
643348,hamic001,hamilca01
115378,hamid001,hamilda02
666152,hamid002,hamilda03
115379,hamid101,hamilda01
115380,hamie101,hamilea01
819218,hamie102,hamilep01
641656,hamii001,hamilia01
115382,hamij001,hamilje01
115383,hamij002,hamiljo02
285078,hamij003,hamiljo03
115381,hamij101,hamilja01
115377,hamij102,hamiljo01
819209,hamij103,hamilji01
819214,hamil101,hamill01
819211,hamil102,hamiljh01
453236,hamim001,hamilma01
457139,hamim801,
,hamir901,
115384,hamis101,hamilst01
115385,hamit101,hamilto01
819212,hamit102,hamilte01
819217,hamiu101,
115387,hamlk101,hamlike01
115388,hamll101,hamlilu01
115390,hamma001,hammaat01
115391,hammc001,hammoch01
819213,hammd101,hammodo01
115394,hammj001,hammoje01
434628,hammj002,hammeja01
670456,hammj003,hammejd01
115393,hammj101,hammoja01
115389,hammp101,hammpe01
425631,hammr001,hammoro01
115392,hamms101,hammost01
115397,hamng101,hamnega01
115395,hamng102,hamnegr01
115396,hamnr101,hamnera01
641658,hampg001,hampsga01
115398,hampi101,hamptik01
430618,hampj001,hampsju01
819204,hampl101,hamptle01
115399,hampm001,hamptmi01
115400,hamrb101,hamribe01
543271,hamre001,hamreer01
115401,hamrr101,hamrira01
425787,hamut001,hamulti01
665297,hanat901,
819205,hanca101,hancoar01
115402,hancb101,hanckbu01
819208,hancc101,hancoch01
676106,hance001,hancoem01
115403,hancf101,hancofr01
115405,hancg001,hancoga01
407820,hancj001,hancojo01
606995,hancj002,hancoju01
115404,hancl001,hancole01
115406,hancr001,hancory01
543272,handb001,handbr01
115413,handb101,handsbi01
819207,handb102,
518764,handd001,handdo01
115410,handg101,handlge01
819206,handg102,handyge01
115409,handj101,handiji01
115411,handl101,handlle01
668974,handm001,handlma01
115408,handm101,handimi01
115407,handr101,handri01
115412,handv101,handrve01
115415,hanec001,haneych01
115416,hanef101,haneyfr01
115414,haneh101,hanebha01
115418,hanel101,haneyla01
115417,hanet001,haneyto01
115419,hanfc101,hanfoch01
621098,hanhe001,hanhoer01
669724,hanib001,hanifbr01
,hanif101,
571745,hanim001,hanigmi01
452672,hanir001,hanigry01
115420,hankd101,hankido01
115422,hankf101,hankifr01
115421,hankj101,hankija01
115425,hanlb101,hanlobi01
115423,hanlj101,hanleji01
115424,hanln101,hanlone01
,hannd901,
115429,hanng101,hannage01
819202,hannh101,hannohe99
435219,hannj001,hannaja01
595238,hannj002,hanneja01
115432,hannj101,hannija01
115430,hannj102,hannaji01
115426,hannj103,hannajo01
819197,hannj104,
115433,hannl101,hannilo01
819201,hannl102,hannile01
115427,hannp101,hannapr01
115431,hannp102,hannipa01
115428,hannt101,hannatr01
430629,hanrj001,hanrajo01
593700,hansa001,hansoal01
115435,hansa101,hansean01
115439,hansb101,hansebo01
475022,hansc001,hansecr01
115436,hansd001,hanseda01
468962,hansd002,hansade01
115437,hansd101,hansedo01
115444,hansd102,hanskdo01
115446,hanse001,hansoer01
115443,hansf101,hansff.01
115434,hansg001,hansegr01
434239,hansg801,
115447,hansh101,hansoha01
,hansh901,
115438,hansj001,hanseje01
115445,hanso101,hansool01
115442,hansr101,hansero01
115440,hansr102,hansero02
559225,hansr801,
115441,hanss101,hansesn01
462102,hanst001,hansoto01
,hantb901,
115448,hanye101,hanyzed01
664023,happi001,happia01
457918,happj001,happja01
115449,happj101,happejo01
421685,haraa001,haranaa01
115450,harbb101,harbibi01
115461,harda101,hardyal01
543278,hardb001,hardybl01
115456,hardb101,hardibu01
115460,hardc101,hardyca01
115457,hardc102,hardich01
,hardc104,
115463,hardh101,hardyha01
819188,hardh102,hardiha01
115466,hardj001,hardyja02
115459,hardj002,hardtja01
429666,hardj003,hardyjj01
115455,hardj101,hardiji01
115465,hardj102,hardyja01
115464,hardl101,hardyla01
115454,hardl102,hardilo01
115458,hardl103,hardilo02
819194,hardl104,hardelo01
115451,hardm101,hardeme01
115453,hardp101,hardgpa01
819190,hardp102,hardypa01
425848,hardr001,harderi01
115462,hardr101,hardyre01
819189,hardr102,hardiro01
115452,hards101,hardesc01
819181,hardw101,hardywa01
819195,hardw102,hardiwe01
429717,hared001,harenda01
115467,hares001,haresh01
115469,harga001,hargeal01
115471,hargb101,hargrbu01
115473,hargc101,hargrch01
115470,hargg101,hargiga01
115474,hargm001,hargrmi01
115472,hargp101,hargrpi01
115468,hargs101,hargast01
115475,harit001,harikti01
115477,harkj101,harkijo01
115476,harkm001,harkemi01
115478,harks101,harknsp01
115479,harkt101,harknti01
115481,harld101,harledi01
115480,harld102,harledi02
115482,harll101,harlola01
465705,harmb001,harmabr01
115485,harmb101,harmobo01
115483,harmb102,harmabi01
115484,harmc101,harmoch01
115486,harmt101,harmote01
476807,harmt801,
819178,harng101,harnege01
115487,harnp001,harnipe01
819185,harnu101,
115488,harpb001,harpebr01
276353,harpb002,harpebr02
547180,harpb003,harpebr03
115496,harpb101,harpebi01
819176,harpc101,harpech01
819174,harpd101,harpeda01
115491,harpg101,harpege02
115490,harpg102,harpege01
115492,harph101,harpeha01
115493,harpj101,harpeja02
115489,harpj102,harpeja01
819177,harpj103,harpejo01
607560,harpr001,harpery01
115494,harpt001,harpete01
150135,harpt002,harpetr01
115495,harpt101,harpeto01
819173,harpw101,harpewa01
115506,harra101,harrian02
115505,harra102,harrian01
819170,harra103,harrian03
430593,harrb001,harribr01
695391,harrb002,harribr02
115502,harrb101,harrebu01
115510,harrb102,harribi02
115501,harrb103,harrebi01
115516,harrb104,harribu02
115538,harrb105,harribi01
115534,harrb106,harribu01
115537,harrb107,harribu03
115525,harrb108,harribi04
115532,harrb109,harribo01
115504,harrb110,harrebi02
115513,harrb111,harribe02
115539,harrb112,harribi03
115541,harrb113,
115542,harrb114,harribo02
819165,harrb115,harribi06
819163,harrb116,harribe03
,harrb117,harribi05
115540,harrc101,harrich02
115517,harrc102,harrich01
115511,harrc103,harrica01
819167,harrc104,harricu01
819166,harrc105,harrich03
115519,harrd001,harrido01
133743,harrd002,harride01
687957,harrd003,harridu01
115518,harrd101,harrida01
115547,harre101,harriea01
819143,harre102,harriea02
115520,harrf101,harrifr01
115521,harrg001,harrigr01
115522,harrg002,harrigr02
115535,harrg003,harrige01
115514,harrg101,harriga01
665048,harrh001,harriho02
663687,harrh002,harriho03
802686,harrh003,harriha01
115523,harrh101,harrihe01
819157,harrh102,harriho01
441266,harrj001,harrije02
543281,harrj002,harrijo05
115526,harrj101,harrijo04
115528,harrj102,harrijo02
115527,harrj103,harrijo03
115508,harrj104,harrije01
115509,harrj105,harrijo01
115498,harrj106,harrejo01
819152,harrj107,
690986,harrk001,harriky01
115503,harrk101,harreke01
115529,harrl001,harrile01
449173,harrl002,harrelu01
115515,harrl101,harrilu01
,harrl901,
457448,harrm001,harrima01
518771,harrm002,harrimi03
656509,harrm003,harrimo01
671739,harrm004,harrimi04
115530,harrm101,harrimi01
115507,harrm102,harrimi02
820805,harrm103,harrimo02
115533,harrn101,harrine01
819151,harrn102,
819154,harrn103,
115524,harrp001,harripe01
525969,harrp701,
,harrp901,
115531,harrr001,harrire01
115545,harrr101,harriri01
115543,harrr102,harriro01
115500,harrr103,harrera01
819149,harrr105,harriro02
115546,harrs101,harrisl01
115512,harrs102,harrisp01
115499,harrs103,harresl01
819148,harrs104,harrisa01
819150,harrs105,harriso01
115497,harrt001,harrato01
802419,harrt002,harrito03
115544,harrt101,harrito01
819147,harrt102,harrito02
819175,harru101,harri11
115536,harrv101,harrivi01
819145,harrv102,harrivi02
819137,harrv103,harrive01
,harrv901,
407483,harrw001,harriwi02
501789,harrw002,harriwi10
819144,harrw101,harriwi11
819146,harrw102,
115549,harsj101,harshja01
115550,harso101,harstos01
115548,harss101,harshsa01
429580,hartb001,hartbo01
115559,hartb101,hartbi03
115562,hartb102,hartfbr01
115556,hartb103,hartbi02
115551,hartb104,hartbu01
115571,hartb105,hartmbo01
115558,hartb106,hartbi01
,hartb901,
430611,hartc001,hartco01
115564,hartc101,hartjch01
115579,hartc102,hartucl01
115568,hartc103,hartmch01
115567,hartc104,hartlch01
115560,hartc105,hartech01
115563,hartd001,hartgde01
643354,hartd002,hartdo01
431031,hartd701,
115569,hartf101,hartmfr01
115561,hartf102,hartefr01
664129,hartg001,hartlge01
701643,hartg002,hartwgr01
115575,hartg101,hartsgr01
115565,hartg102,hartlgr01
115572,hartg103,hartnga01
819135,hartg104,hartmga01
115552,harth101,harthu01
,harti901,
115578,hartj001,hartsje01
400071,hartj002,hartja01
115570,hartj101,hartmj_01
115554,hartj102,hartji01
580128,hartj801,hartjo99
492647,hartj802,hartji99
,hartj901,
453954,hartk001,hartke01
606996,hartk002,hartky01
115555,hartm001,hartmi02
115566,hartm002,hartlmi01
115553,hartm101,hartmi01
115580,hartp001,hartzpa01
115573,hartp101,hartnpa01
670057,hartr001,hartmry01
115577,hartr101,hartsro01
115581,hartr102,hartzro01
115574,hartr103,hartrra01
115557,hartt101,hartto01
115576,hartt102,hartsto01
819131,hartu102,hartw01
115583,harvb001,harvebr01
819132,harvb101,harvebi01
819134,harvb102,harvebo01
150420,harvc001,harvich01
,harvd901,harvedo99
115584,harve101,harveza01
640451,harvh001,harvehu01
642840,harvj001,harvejo01
407396,harvk001,harveke01
115582,harvl101,harvelu01
819128,harvl102,
518774,harvm001,harvema01
,harvr901,
115585,hasbz101,hasbrzi01
656514,hasea001,haselad01
115587,haseb001,haselbi01
115588,hased101,hasendo01
115586,hases001,hasegsh01
115589,hashh101,hashhe01
,haskj901,
492931,haslc801,
115590,haslm101,haslimi01
115591,hasnp101,hasnepe01
115595,hassa001,hasslan01
572910,hassa002,hassaal01
115593,hassb101,hassebu01
115592,hassb102,hassabi01
115597,hassg101,hassoge01
115596,hassj101,hassljo01
,hassj901,
115594,hassr001,hassero01
690987,hassr002,hassero02
115600,hastb101,hastybo01
115598,hastc101,hastich01
115599,hasts101,hastisc01
115602,hatcb001,hatchbi01
136721,hatcc001,hatchch01
501822,hatcc002,hatchch02
115601,hatcm001,hatchmi01
819129,hatcr101,
641672,hatct001,hatchto01
115603,hatff101,hatfifr01
115604,hatfg101,hatfigi01
115605,hatfj101,hatfijo01
115606,hathh001,hathahi01
115607,hathr101,hathara01
643355,haths001,hathast01
502281,hatlm001,hatlema01
115610,hattc101,hattecl01
115611,hattg101,hattogr01
434596,hattj001,hattijo01
115609,hattj101,hattejo01
819125,hattr101,hatteru01
115608,hatts001,hattesc01
115612,hauga101,haugear01
115613,haugc101,haughch01
115614,haugg001,haughga01
115615,haugp101,haugsph01
115616,hausa101,hausear01
115619,hausc101,hausmcl01
115620,hausg101,hausmge01
115617,hausj101,hausejo01
623434,hausm001,hauscmi01
115618,haust101,hausmto01
115621,hautc101,hautzch01
115622,haveb001,havenbr01
115623,hawbr001,hawblry01
115625,haweb101,hawesbi01
115624,hawer101,hawesro01
115630,hawka001,hawkian01
458003,hawkb001,hawksbl01
115627,hawkb101,hawkebi01
115632,hawkc101,hawksch01
115626,hawke101,hawked01
819123,hawkj101,hawkijo01
115629,hawkl001,hawkila01
819124,hawkl101,hawkile01
819119,hawkr101,hawkiro01
115628,hawkt101,hawketh01
115631,hawkw101,hawkiwy01
819122,hawkw102,
115633,hawlp101,hawlepi01
115634,hawls101,hawlesc01
115635,hawoh101,haworho01
425547,hawpb001,hawpebr01
819118,hay-u101,hay03
115636,haydh101,haydeha01
115638,haydj101,haydeja01
115637,haydl101,haydele01
451109,hayeb001,hayesbr01
115647,hayeb101,hayesbi01
115639,hayeb102,hayesbe01
819115,hayeb103,hayesbu01
819112,hayeb104,hayesbu02
115640,hayec001,hayesch01
819111,hayec104,hayesch02
502457,hayed001,hayesdr01
115641,hayef101,hayesfr01
115645,hayej101,hayesja02
115643,hayej102,hayesja01
115642,hayej103,hayesji01
819113,hayej104,hayesjo01
663647,hayek001,hayeske01
115644,hayem101,hayesmi01
115646,hayev001,hayesvo01
460602,hayhd001,hayhudi01
,hayhh901,
819102,hayne101,haynees01
115648,haynh001,haynehe01
115649,haynj001,hayneji01
115650,haynj101,haynejo01
819101,haynj102,hayneja01
,haynj901,
819103,haynl101,haynele01
279566,haynn001,haynena01
819100,hayns101,haynesa01
819097,haynw101,haynewi01
669720,haysa001,haysau01
819096,haysc101,hayslcl01
115652,haywb101,haywobi01
115651,haywr001,haywara01
115654,haywr101,haywora01
115653,haywr102,haywore01
115655,hazed101,hazewdr01
571757,hazej001,hazelje01
115656,hazlb101,hazlebo01
115657,hazld101,hazledo01
687396,headb001,headrbr01
452104,headc001,headlch01
115658,heade101,headed01
502968,headj001,headje01
545343,headl001,headlo01
115659,headr101,headra01
115663,heale101,healyjo01
115662,healf101,healyfr01
115661,healf102,healyfr02
592387,healr001,healyry01
115660,healt101,healeto01
115664,healt102,healyth01
571760,heana001,heanean01
115670,hearb101,hearnbu02
115667,hearb102,hearnbu01
115665,hearc101,heardch01
115669,heare001,hearned02
115668,heare101,hearned01
115672,hearh101,hearnhu01
115673,hearj001,hearrje01
115671,hearj102,hearnji01
115666,hearj103,heardja01
621368,heart001,hearnta01
669169,heasj001,heasljo01
115680,heatb101,heathbi01
115682,heatc101,heathcl01
445177,heatd001,heathde01
115681,heatj001,heathje02
115674,heatj101,heathje01
115675,heatk101,heathke01
115676,heatm001,heathmi02
150320,heatm002,heathmi03
115677,heatm101,heathmi01
115683,heatn001,heatone01
670084,heatn002,heathni01
571761,heats001,heathsl01
115678,heats101,heathsp01
115679,heatt101,heathto01
819095,heatu102,heath04
115684,heavd101,heaveda01
819091,hebeu101,
115685,hebew101,heberwa01
115686,hebnr001,hebneri01
282880,hebsb001,hebsobr01
588751,hecha001,hechaad01
115687,hechm101,hechimi01
,hechm901,
819089,hechr101,
115688,heckg101,heckegu01
595978,hedga001,hedgeau01
115689,hedgh101,hedgpha01
,hedib101,
115690,hedlm101,hedlumi01
572913,hedmd801,
115691,heepd001,heepda01
115692,heffb001,heffebe01
115694,heffb101,heffnbo01
115693,heffd101,heffndo01
115695,heflb001,heflibr01
115696,heflr101,heflira01
819094,hefna101,hefnear01
458550,hefnj001,hefneje01
115697,hegaj101,heganji01
115698,hegam101,heganmi01
,hegew901,
115699,hegmb001,hegmabo01
115700,hehlj101,hehlja01
115702,heide101,heidrem01
115701,heidj101,heideja01
115703,heiff101,heifefr01
408310,heila001,heilmaa01
115704,heilc101,heilech01
115705,heilh101,heilmha01
492648,heill801,heilblo99
115707,heimf101,heimafr01
115708,heimg001,heimugo01
641680,heimj001,heimjo01
115706,heimv101,heimva01
115709,heinb101,heinebu01
425863,heinc001,heintch01
115710,heind001,heinkdo01
115713,heinj101,heinzja01
115711,heink101,heintke01
595981,heins001,heinesc01
623168,heint001,heinety01
115712,heint101,heintto01
115719,heisa101,heistal01
115716,heisb101,heisebo01
502317,heisc001,heisech01
115718,heisc101,heismcr01
115714,heisc102,heisecl01
115715,heisj101,heiseji01
150453,heisr001,heiseri01
115717,heisr101,heisero01
,heitd901,
115721,heith101,heitmhe01
115720,heith102,heitmha01
,helbh901,
115722,heldm101,heldme01
115723,heldw101,heldwo01
115725,helfe001,helfaer01
115724,helfh101,helfha01
115726,helft101,helfrty01
621294,hellb001,hellebe01
476451,hellj001,hellije01
518782,hellj002,hellwjo01
819087,hellm101,hellema01
115727,hellr001,helliri01
115729,hellt101,hellmto01
115728,hellu101,helli01
115730,helmh101,helmbho01
,helmj901,
680737,helmm001,helmami01
115731,helmt101,helmsto01
136500,helmw001,helmswe01
664854,helsr001,helslry01
115733,helth101,heltzhe01
115732,heltt001,heltoto01
115734,hemar101,hemanru01
592390,hembh001,hembrhe01
115735,hemie101,hemined01
115736,hemmg101,hemmige01
115737,hemos001,hemonsc01
150005,hempb001,hemphbr01
115739,hempc101,hemphch01
115738,hempd101,hempdu01
115740,hempf101,hemphfr01
115741,hemsr101,hemslro01
115742,hemus101,hemusso01
430608,hendb001,hendrbe01
115753,hendb101,hendlbo01
115752,hendb102,hendebi01
115743,hendb103,hendebe01
819081,hendb104,hendebe02
819082,hendb105,hendebu01
,hendb801,hendebi99
115760,hendc101,hendrcl01
819075,hendc102,hendecu01
115744,hendd001,hendeda01
115759,hendd101,hendrdo01
115745,hende101,hendeed01
115756,hende102,hendred01
115757,hende103,hendrel01
115754,hendg001,hendrge01
683002,hendg002,hendegu01
115755,hendh101,hendrha01
115746,hendh102,hendeha01
819074,hendh103,hendehe01
449104,hendj001,hendeji01
115758,hendj101,hendrja01
115747,hendj102,hendejo01
543294,hendk001,hendrky01
115748,hendk101,hendeke01
521230,hendl001,hendrli01
701656,hendl002,hendelo01
819076,hendl102,hendele02
819077,hendl110,hendele01
424805,hendm001,hendrma01
115749,hendr001,henderi01
115750,hendr002,hendero01
641682,hendr003,hendrry01
819073,hendr101,henderu01
819078,hendr102,hendera01
427214,hendr801,
115751,hends001,hendest01
819069,hends101,
115761,hendt101,hendrti01
,hendt901,
115762,hengd001,hengeda01
,henge801,hengled99
115763,hengm101,henglmo01
115764,henil101,heniola01
115765,henkt001,henketo01
133726,henlb001,henlebo01
668874,henlb002,henlebl01
115768,henlb101,henlibu01
115766,henlg101,henlega01
115767,henlw101,henlewe01
430913,hennb001,hennebr01
115770,henng101,hennege01
431032,hennj701,
427218,hennk701,
115771,hennl101,hennele01
115769,hennm001,hennemi01
115773,hennp101,hennipe01
115772,hennp102,henniph01
115775,hennr001,hennira01
115774,hennr101,henniri01
430675,henns001,hennse01
115783,henrb001,henrybu01
115793,henrb101,henrybi01
115792,henrb102,henrybi02
115777,henrb103,henribo01
,henrb901,
669371,henrc001,henryco01
819067,henrc101,henrych01
115781,henrd001,henrydw01
115790,henrd002,henrydo01
115784,henrd101,henrydu01
683618,henre001,henried01
115782,henre101,henryea01
115776,henrf101,henrifr01
115786,henrg101,henryge01
115789,henrj101,henryjo02
115788,henrj102,henryjo01
115787,henrj103,henryji01
,henrj104,
492067,henrj901,
115780,henro001,henrios01
115779,henro101,henriol01
819066,henro102,henryot01
668721,henrp001,henrypa01
819065,henrp101,henrypr01
678692,henrr001,henriro01
115791,henrr101,henryro01
115785,henrs101,henrysn01
674072,henrt001,henryto01
115778,henrt101,henrito01
115796,hensc001,henslch01
454535,hensc002,henslcl01
408214,hensd001,hensodr01
682073,hensd002,henslda01
819068,hensl101,hensllo01
425778,hensm001,henslma01
115795,hensp101,hensiph01
115794,hensr101,henshro01
115797,hentp001,hentgpa01
656529,hents001,hentgsa01
115798,heplb101,heplebi01
115800,herbe101,herbeer01
115801,herbf101,herbefr01
115802,herbr101,herbera01
115799,herbr102,herbero01
115803,heref001,heredfe01
115804,hereg001,heredgi01
628338,hereg002,heredgu01
819064,herer101,heredra01
115805,hereu001,heredub01
115806,herew001,heredwi01
623474,hergj001,hergeji01
643361,hergk001,hergeke01
150382,hergm001,hergema01
115807,herma101,hermaar01
115810,herma102,hermaal01
819063,herma103,hermaal02
115809,hermb101,hermabi01
115808,hermb102,hermaba01
150252,hermc001,hermach01
115812,hermd001,hermadu01
115811,hermg101,hermage01
435181,hermj001,hermije01
641684,hermm001,hermomi01
115813,hermr101,hermore01
150253,herna001,hernaal01
406324,herna002,hernaad01
435038,herna003,hernaan01
554374,herna004,hernaar01
819062,herna101,hernaal02
427220,herna901,
,hernb901,
115815,hernc001,hernaca01
115816,hernc002,hernace01
150059,hernc003,hernaca02
400056,hernc004,hernaca03
514917,hernc005,hernace02
672578,hernc006,hernaca04
115835,hernc101,hernach01
819056,hernc102,hernach02
431163,hernc801,
452671,hernd001,hernadi01
456696,hernd002,hernada01
458589,hernd003,herndda01
650382,hernd004,hernada02
678226,hernd005,hernada03
687231,hernd006,hernada04
571771,herne001,hernaen02
622694,herne002,hernael01
609274,herne003,hernael02
115821,herne101,hernaev01
115818,herne102,hernaen01
115819,hernf001,hernafe01
433587,hernf002,hernafe02
467761,hernf003,hernafe03
,hernf901,
491676,herng001,hernago01
681715,hernh001,hernahe01
115825,hernj001,hernajo01
115824,hernj002,hernaje02
400146,hernj003,herndju01
642546,hernj004,hernajo02
669796,hernj005,hernajo03
115814,hernj101,hernaje01
115823,hernj102,hernaja01
115826,hernk001,hernake01
115836,hernl001,herndla01
115827,hernl002,hernale01
115817,hernl003,hernali01
434682,hernl004,hernalu01
115828,hernm001,hernama01
150089,hernm002,hernami01
593523,hernm003,hernama02
663321,hernn001,hernani01
133340,herno001,hernaor01
591712,herno002,hernaos01
517060,hernp001,hernape02
115829,hernp101,hernape01
115832,hernr001,hernaro01
150421,hernr002,hernara02
424465,hernr003,hernaru03
115834,hernr101,hernaru01
115831,hernr102,hernara01
115833,hernr103,hernaru02
819046,hernr104,hernara03
819044,hernr105,
446973,hernr801,
115830,hernt001,hernato01
606192,hernt002,hernate01
115837,hernt101,hernoto01
115822,hernw001,hernawi01
115820,hernx001,hernaxa01
470279,herny001,hernayo01
628450,herny002,hernaya01
660634,herny003,hernayo02
407789,herra001,herreal01
115848,herra101,herriar01
115851,herrb101,herribi01
115844,herrb102,herrebo01
819038,herrb103,
543302,herrc001,herrmch01
502609,herrd001,herreda01
599096,herrd002,herredi01
467070,herre001,herreel01
115838,herre101,herred01
115852,herre102,herrmed01
497807,herrf001,herrmfr01
115849,herrh101,herrihe01
671056,herri001,herreiv01
115842,herrj001,herrejo02
468406,herrj002,herrejo03
645444,herrj003,herrejo04
115855,herrj101,herrnjo01
115841,herrj102,herrejo01
516969,herrk001,herreke01
115853,herrl101,herrmle01
115850,herrl102,herrile01
115845,herrm101,herremi01
115854,herrm102,herrmma01
819036,herrm103,herrimo01
546318,herro001,herreod01
115843,herrp101,herrepa01
622703,herrr001,herrero01
594011,herrr002,herrero02
115856,herrr101,herrsri01
115839,herrt001,herrto01
682120,herrt002,herriti01
115847,herrt101,herrito01
115846,herrt102,herritr01
115840,herrw101,herrewa01
,herrw901,
506648,herry001,herreyo01
115857,herse101,hershea01
115860,hersf101,hershfr01
115858,hersm101,hershmi01
115861,herso001,hershor01
115859,hersw101,hershwi01
431033,hertb701,
115862,hertn101,hertwne01
115863,herts101,hertzst01
115864,herzb101,herzobu01
687792,herzd001,herzdj01
115865,herzw101,herzowh01
115866,heskj001,heskejo01
605276,hessd001,hessda01
115869,hessg101,hessege01
,hessh101,
594857,hessk001,hesslke01
425634,hessm001,hessmmi01
115867,hesso101,hessot01
115868,hesst101,hessto01
518790,hestc001,hestoch01
452105,hestj001,hestejo01
115870,hestl101,hestela01
115871,hetkj101,hetkijo01
115872,hetlg101,hetligu01
484489,hetrd701,
115873,hetze001,hetzeer01
115874,heubg101,heubege01
676051,heuec001,heuerco01
115875,heuse101,heussed01
115877,hevij101,hevinjo02
115876,hevij102,hevinjo01
819037,hewew801,hewetwa99
115878,hewij101,hewitja01
819034,hewij102,hewitjo01
115879,heydg101,heydegr01
,heydj901,
115880,heydm101,heydomi01
115881,heynj101,heynejo01
819031,heywc101,heywoch01
518792,heywj001,heywaja01
,hezeb801,
115882,hiatj101,hiattja01
115883,hiatp001,hiattph01
115884,hibbg001,hibbagr01
115886,hibbj101,hibbsji01
115885,hibbj102,hibbajo01
543305,hicka001,hicksaa01
819030,hicka101,hicksal01
115887,hickb001,hickebr01
518794,hickb002,hicksbr01
676551,hickb003,hicklbr01
115898,hickb101,hicksbu01
115893,hickc101,hickmch01
115895,hicke101,hickmer01
115888,hicke102,hickeed01
427224,hicke901,
819032,hickf101,hicksfr01
543308,hickj001,hicksjo02
663855,hickj002,hicksjo03
115901,hickj101,hicksjo01
115894,hickj102,hickmji01
115896,hickj103,hickmji02
115897,hickj104,hickmje01
115899,hickj105,hicksji01
115890,hickj106,hickeja01
115889,hickj107,hickeji01
819033,hickj108,hicksji02
433717,hickj801,
,hickj901,
115891,hickk001,hickeke01
689414,hickl001,hicksli01
115892,hickm101,hickemi01
115900,hickn101,hicksna01
,hickw101,hickswe01
819027,hidah101,
115902,hidar001,hidalri01
425880,hietj001,hietpjo01
543309,higak001,higasky01
115903,higbk101,higbeki01
115904,higbm101,higbema01
819025,higbr101,
115905,higbu101,higby01
115906,higdb101,higdobi01
819028,higdb102,higdoba01
115915,higgb001,higgibo02
115914,higgb101,higgibi01
115912,higgb102,higgibo01
115908,higgd101,higgide01
115913,higge101,higgied01
115907,higgi101,higgiir01
,higgj901,
115909,higgk001,higgike01
115910,higgm001,higgima01
115911,higgm101,higgipi01
,higgm102,
664731,higgp001,higgipj01
427225,higgs901,
115916,higha101,highan01
115917,highc101,highch01
115920,highd101,highadi01
115918,highe101,highed01
115919,highh101,highhu01
115921,higut001,higuete01
115922,hilaj101,hilanjo01
115923,hilcw101,hilchwh01
115924,hildg101,hildege01
115925,hildo101,hildeor01
115926,hildp101,hildepa01
115927,hildr101,hilde01
657610,hildt001,hildetr01
115928,hilgt101,hilgeto01
150195,hilje001,hiljuer01
431094,hilla001,hillaa01
407930,hillb001,hillbo01
115929,hillb101,hillbe01
115945,hillb102,hillbi01
819021,hillb103,hillbe02
657611,hillc001,hillca02
115948,hillc101,hillech01
115930,hillc102,hillca01
819020,hillc103,hillch01
115933,hilld001,hilldo01
656537,hilld002,hillde01
115932,hilld101,hillda01
115954,hilld102,hillmda01
115955,hille001,hillmer01
115952,hille101,hilleed01
115949,hillf101,hillefr01
819019,hillf102,hillfr01
115935,hillg001,hillgl01
682051,hillg002,hillga02
115934,hillg101,hillga01
115939,hillh101,hillhu01
115937,hillh102,hillhe02
115946,hillh103,hilleho01
115938,hillh104,hillhu02
115936,hillh105,hillhe01
115950,hillh106,hilleho02
150204,hillj001,hillje02
677955,hillj002,hillja01
115951,hillj101,hillejo01
115940,hillj102,hillje01
819018,hillj103,hilljo01
819014,hillj104,hillji01
819017,hillj105,hilljo02
819015,hillj106,
115941,hillk001,hillke01
425542,hillk002,hillko01
819016,hilll101,hillle01
115942,hillm001,hillma01
115943,hillm002,hillmi01
115953,hillm101,hillima01
115944,hillo101,hillol01
115956,hillp101,hillypa01
819009,hillp102,hillpe99
427228,hillp801,
448179,hillr001,hillri01
115931,hillr101,hillre01
115947,hills001,hillesh01
150167,hills002,hillesh02
429718,hills003,hillsh01
518799,hills004,hillst01
656541,hills005,hillisa01
819012,hills101,hillsa01
592398,hillt001,hillta01
657612,hillt002,hillti01
527068,hillt801,hillmtr99
,hillt802,
115957,hilsc101,hilsech01
115959,hiltd101,hiltoda01
115958,hilth001,hiltoho01
115960,himej101,himesja01
492651,himsv801,himslve99
134460,hinca001,hincha.01
150120,hincb001,hinchbr01
115962,hincb101,hinchbi01
115961,hinch101,hinchha01
434479,hincm001,hinckmi01
677956,hindr001,hindsre01
115963,hinds101,hindssa01
,hineb801,
547750,hineb802,
115964,hineh101,hineshu01
819013,hinej101,hinesjo01
115965,hinem101,hinesmi01
115966,hinep101,hinespa01
115967,hinkg101,hinklgo01
648737,hinod001,hinojda01
115969,hinrd101,hinridu01
115968,hinrp101,hinripa01
450527,hinsa001,hinshal01
400134,hinse001,hinsker01
115970,hinsg101,hinshge01
115971,hinsj101,hinslje01
115972,hinsp101,hinsopa01
819004,hinta101,hintoar01
115973,hintc101,hintoch01
115974,hintj101,hintojo01
115975,hintr101,hintori01
115976,hinzt001,hinzoto01
115977,hipph101,hippahe01
673633,hiray001,hiranyo01
682274,hiray002,hiralya01
444865,hirsj001,hirshja01
427229,hirsj901,
427230,hirsm901,
115978,hiseg101,hiserge01
115979,hisll101,hislela01
115980,hisnh101,hisneha01
115983,hitcb101,hitchbi01
115981,hitcj101,hitchji01
115982,hitcs001,hitchst01
115984,hittb101,hittbr01
115986,hittl101,hittlll01
115985,hittr101,hittro01
669374,hiurk001,hiurake01
663546,hjels001,hjellse01
115987,hoagm101,hoagmy01
,hoagw901,
115988,hoakd101,hoakdo01
819003,hoaru101,hoard01
115989,hobae101,hobaued01
115992,hobbb101,hobbsbi01
431034,hobbd701,
115990,hobbg101,hobbigl01
115991,hobbj101,hobbsjo01
573596,hobep901,
819007,hobgf101,hobgofr01
115993,hobld101,hoblidi01
115994,hobsb101,hobsobu01
819006,hobsb102,hobsoba01
115995,hochh101,hochha01
460024,hochl001,hochelu01
819008,hockb101,hockebr01
115997,hockc101,hockech01
116000,hockd001,hockide01
115996,hocke101,hocked01
115999,hockg101,hockege01
115998,hocko101,hockeor01
116001,hodaj101,hodapjo01
116003,hodec101,hodesch01
116002,hodem101,hoderme01
,hodga902,
116006,hodgb101,hodgebe01
818999,hodgb102,hodgebi01
116005,hodge001,hodgeed01
116008,hodgg101,hodgegi01
116007,hodgg102,hodgego01
277406,hodgk001,hodgeke01
,hodgm901,
687863,hodgp001,hodgepo01
116011,hodgp101,hodgspa01
116009,hodgr001,hodgero01
116010,hodgr101,hodgira01
116004,hodgs101,hodgesh01
408074,hodgt001,hodgetr01
819001,hodgu101,hodge02
116012,hodke101,hodkeel01
116013,hodnc101,hodnech01
116014,hodsg101,hodsoge01
116015,hoefb101,hoeftbi01
663773,hoeib001,hoeinbr01
116016,hoela101,hoelsar01
116017,hoerj101,hoernjo01
116018,hoerl101,hoersle01
663538,hoern001,hoernni01
543321,hoesl001,hoeslj01
,hoeyf801,hoeyfr99
460597,hoeyj001,hoeyja02
116019,hoeyj101,hoeyja01
694851,hoffa001,hoffman01
116035,hoffb101,hoffmbi01
116021,hoffb102,hoffebi01
116024,hoffd101,hoffmda01
116023,hoffd102,hoffmdu01
116026,hofff101,hoffmfr01
116027,hoffg001,hoffmgl01
116028,hoffg002,hoffmgu01
116032,hoffh101,hoffmhi01
116029,hoffi101,hoffmiz01
469845,hoffj001,hoffmja01
459440,hoffj002,hoffpja01
656546,hoffj003,hoffmje02
116037,hoffj101,hoffojo01
116036,hoffj102,hoffmje01
116030,hoffj104,hoffmjo01
116031,hoffl101,hoffmla01
451687,hoffm001,hoffpmi01
676510,hoffn001,hoffmno01
116033,hoffr101,hoffmra01
116020,hoffr102,hoffre01
116022,hoffs101,hoffest01
116034,hofft001,hoffmtr01
116025,hofft101,hoffmte01
116039,hofmb101,hofmabo01
116040,hofmf101,hofmafr01
116038,hofms101,hofmaso01
116046,hogae101,hoganed01
116041,hogag101,hogange01
116042,hogah101,hoganha01
116044,hogak101,hoganke01
116045,hogam101,hoganma01
,hogam102,hoganed02
116043,hogas101,hogansh01
818994,hogau101,hogan03
116047,hogaw101,hoganwi01
116050,hoggb101,hoggbi01
116048,hoggb102,hoggbr01
116049,hoggb103,hoggbe01
680684,hoglg001,hoglugu01
116051,hogrg101,hogrige01
116052,hogsc101,hogsech01
116054,hogub101,hoguebo01
116053,hoguc101,hogueca01
116055,hohmb101,hohmabi01
427234,hohnb901,
116056,hohne101,hohnhed01
116057,hoilc001,hoilech01
592407,holab001,holadbr01
116058,holba001,holbeaa01
116060,holbb101,holbebi01
116059,holbr001,holbera01
116062,holbs101,holbrsa01
427235,holbs901,
116061,holbw101,holbowa01
818997,holcg101,holcoge01
116063,holck101,holcoke01
116065,holdb101,holdebi01
670059,holdc001,holdeco01
136266,holdd001,holdrda01
116066,holdf101,holdsfr01
458720,holdj001,holdzjo01
656547,holdj002,holdejo02
116067,holdj101,holdsji01
116064,holdj102,holdejo01
818993,holdu101,holde03
116068,holkw101,holkewa01
116070,holla001,hollaal01
116081,holla101,hollial01
116088,hollb101,hollobo01
116082,hollb102,hollibo01
116078,hollb103,hollibu01
116069,hollb104,hollabi01
116074,hollb105,hollabi02
818988,hollb106,hollabi03
818990,hollb107,
116087,hollc101,holloch01
116079,hollc102,hollica01
818984,hollc103,hollocr01
818991,hollc104,hollicu01
116083,holld001,hollida01
132360,holld002,hollida02
502706,holld003,hollade01
116072,holld101,holladu01
116077,holle101,holleed01
116091,holle102,hollyed01
818989,hollf101,hollifl01
518813,hollg001,hollagr01
668970,hollg002,holloga01
116076,hollg101,hollega01
116080,hollh101,holliho01
116084,hollj001,hollije01
656548,hollj002,hollojo01
702616,hollj003,hollija01
116089,hollj101,holloji01
116092,hollj102,hollyje01
116085,hollj103,hollijo01
,hollj901,
116090,hollk101,holloke01
818992,holll101,hollale01
407812,hollm001,hollima01
446132,hollm002,hollimi01
571786,hollm003,hollama01
116071,hollm101,hollamu01
427238,hollm901,
116086,holls101,hollmst01
818982,holls102,hollyst01
,holls901,
116075,hollt001,hollato01
116073,hollw101,hollawi01
116096,holmb001,holmabr01
116095,holmb002,holmabr02
116094,holmb101,holmbi01
605280,holmc001,holmecl01
116101,holmc101,holmech01
116100,holmd001,holmeda01
571787,holmd002,holmbda01
116105,holmd101,holmedu01
116103,holmd102,holmedu02
475541,holmd801,
,holmd802,
116102,holmf101,holmefr01
656550,holmg001,holmegr01
680880,holmg002,holmagr01
116097,holmg101,holmaga01
116104,holmj101,holmeji01
818977,holmp101,holmeph01
116099,holms001,holmash01
455725,holms002,holmst01
116098,holms101,holmasc01
116106,holmt101,holmeto01
116093,holmw101,holmwa01
,holom901,
818976,holsf101,holsefr01
818978,holsf102,holstfl01
116107,holsh101,holshhe01
116113,holtb001,holtobr01
571788,holtb002,holtbr01
116108,holtc001,holtch01
458017,holtc801,
818981,holtd101,holtda01
818970,holte101,holtzed01
,holtg801,
116110,holtj101,holtji01
116115,holtk101,holtzke01
116114,holtm001,holtzmi01
116111,holtr101,holtro01
116109,holtr102,holtre01
534627,holtt001,holtty01
663947,holtt002,holtoty01
116112,holtv101,holtgve01
116116,holzm001,holzema01
,homob901,
116117,honam101,honanma01
482170,honbm701,
641703,honeb001,honeybr01
116118,honer001,honeyri01
,honoj901,
116119,hooda101,hoodab01
543329,hoodd001,hoodde01
116120,hoodd101,hooddo01
818971,hoodd102,hooddo02
116122,hoodw101,hoodwa01
116121,hoodw102,hoodwa02
116126,hooka101,hooksal01
116125,hookb101,hookebu01
116123,hookc001,hookch01
116124,hookj101,hookja01
818974,hookl101,hookele01
116129,hoopb101,hoopebo01
116127,hooph101,hoopeha01
407918,hoopk001,hoopeke01
116128,hoopm101,hoopemi01
116131,hootb001,hootobu01
116130,hootl101,hootele01
116136,hoovb101,hoovebu01
116132,hoovc101,hoovech01
116134,hoovd101,hoovedi01
116133,hoovj001,hoovejo02
543331,hoovj002,hoovejj01
116135,hoovj101,hoovejo01
150137,hoovp001,hoovepa01
116137,hopej001,hopejo01
116138,hopes101,hopesa01
116141,hopkb101,hopkibu01
116139,hopkd101,hopkido01
818972,hopke101,hopkiem01
116140,hopkg101,hopkiga01
116143,hopkm101,hopkimi01
116142,hopkm102,hopkima01
116144,hopkp101,hopkipa01
686759,hopkt001,hopkitj01
818965,hoplu101,hopli01
116148,hoppb101,hoppebi01
116147,hoppj101,hoppeji01
116145,hoppj102,hoppjo01
116146,hoppl101,hoppele01
440361,hoppn001,hoppeno01
818968,hopwr101,hopwore01
116150,horaj101,horanjo01
116149,horas101,horansh01
425820,horgj001,horgajo01
116151,horlj101,horlejo01
116154,hornb001,hornebo01
690544,hornb002,hornba01
818967,hornb101,hornebi01
116155,hornj101,horneja01
116157,hornm101,hornujo01
116156,hornr101,hornsro01
116152,horns001,hornsa01
116153,hornt101,hornetr01
818959,hornu101,horne02
818969,hornw101,
618781,horrj701,
116158,horsh101,horseha01
456662,horsj001,horstje01
116160,horso101,horstos01
116159,horsv001,horsmvi01
690990,hortc001,hortoca01
116162,horte101,hortoel01
116163,hortr001,hortori01
116161,hortt101,hortoto01
116164,hortw101,hortowi01
447849,horwb001,horwibr01
687462,horws001,horwisp01
,hoscv801,
116165,hosed001,hoseydw01
116166,hoses001,hoseyst01
818962,hoskb101,hoskibi01
116167,hoskd101,hoskida01
656555,hoskr001,hoskirh01
116168,hoslt101,hosleti01
543333,hosme001,hosmeer01
116170,hostc101,hostech01
116171,hostd001,hosteda01
116169,hostg101,hostge01
,hoswu901,
116172,hotap101,hotalpe01
116173,hottk101,hottmke01
459415,hottt001,hottoto01
116174,houcb101,houckby01
116175,houcs101,houcksa01
656557,houct001,houckta01
116176,hougc001,houghch01
,hougp901,
116177,houkr101,houkra01
434885,hould001,houltdj01
605288,housa001,housead01
691781,housb001,housebr01
116188,housb101,housebe01
331633,housc001,housecr01
116182,housc101,housech01
116183,housc102,housech02
818964,housc103,housech03
116184,house101,houseed01
116181,housf101,housefr02
116186,housf102,housefr01
116178,housf103,housefr03
407399,housj001,housejr01
446901,housj002,houseja01
116189,housj101,housejo02
116187,housj102,housejo01
818960,housj103,houstje01
116185,housp001,housepa02
116179,housp101,housepa01
116191,houst001,houstty01
543334,houst002,housetj01
116180,houst101,houseto01
818961,houst102,houstti01
116190,housw001,housiwa01
116192,houta101,houttar01
116193,houtl101,houtzle01
116195,hovle101,hovlied01
116196,hovlj101,hovlijo01
116194,hovls101,hovlest01
407806,howab001,howarbe01
116197,howab101,howarbr01
116199,howac001,howarch01
116198,howac002,howarch02
818957,howac101,howarca01
818949,howac102,howarca02
,howac901,
,howac902,
116201,howad001,howarda02
116202,howad101,howardo01
116207,howad102,howarde01
116200,howad103,howarda01
116204,howae101,howarel01
116203,howae102,howarea01
116206,howaf101,howarfr02
116205,howaf102,howarfr01
116208,howai101,howariv01
116217,howaj101,howarji01
446858,howak801,
116210,howal101,howarle01
116209,howal102,howarla01
116211,howam001,howarma01
116212,howam101,howarmi01
818948,howan101,howarna01
116213,howap101,howarpa01
818951,howap102,howarpe01
429667,howar001,howarry01
818950,howar101,howarre01
116214,howas001,howarst01
607572,howas002,howarsa01
675921,howas003,howarsp01
116215,howat001,howarth01
818946,howat101,howarte01
116216,howaw101,howarwi01
116218,howea001,howear01
116233,howeb101,howerbi01
116219,howec101,howeca01
116228,howed101,howeldi01
116224,howed102,howeldi02
,howed801,
116223,howeh101,howelha01
818945,howeh102,
116226,howej001,howelja01
116225,howej002,howelja02
434442,howej003,howeljp01
116227,howek001,howelke01
116221,howel101,howele01
116230,howep001,howelpa01
116232,hower001,howelro02
116231,hower101,howelro01
116229,hower102,howelre01
116222,howes001,howest01
116220,howes101,howesh01
116234,howid001,howitda01
116235,howld101,howleda01
133982,howrb001,howrybo01
116236,howsd101,howsedi01
116238,hoy-d101,hoydu01
116237,hoy-p001,hoype01
428442,hoyej901,
592419,hoyij001,hoyinja01
116239,hoylt101,hoylete01
624586,hoytj001,hoytja01
116240,hoytl001,hoytla01
116241,hoytw101,hoytwa01
116242,hraba101,hraboal01
116243,hrbek001,hrbekke01
116244,hrinw101,hriniwa01
464341,hu--c001,huch01
629496,hu--c002,huch02
658791,huanw001,huangwe01
116245,hubba101,hubbaal01
116250,hubbb101,hubbebi01
116249,hubbc101,hubbeca01
,hubbc901,hubbaca99
438632,hubbd801,
116246,hubbg001,hubbagl01
818944,hubbj101,hubbaje01
,hubbj801,
116251,hubbk101,hubbske01
818941,hubbl101,hubbala01
116247,hubbm001,hubbami01
116248,hubbt001,hubbatr01
116252,hubec101,hubercl01
408311,hubej001,huberju01
435679,hubej002,huberjo01
818939,hubej101,huberjo02
,hubem901,
116253,hubeo101,huberot01
818938,hubew101,huberwi01
116254,hucke101,hucklea01
279570,huckk001,huckake01
116255,hudej001,hudekjo01
116256,hudgd101,hudgeda01
116257,hudgj101,hudgeji01
116258,hudlr001,hudlere01
116259,hudlw101,hudliwi01
663542,hudsb001,hudsobr01
116261,hudsc001,hudsoch02
116260,hudsc101,hudsoch01
818935,hudsc102,hudsoch03
543339,hudsd001,hudsoda01
641712,hudsd002,hudsoda02
116262,hudsh101,hudsoha01
116265,hudsj001,hudsojo02
621529,hudsj002,hudsojo03
116264,hudsj101,hudsojo01
116263,hudsj102,hudsoje01
543340,hudsk001,hudsoky01
346873,hudsl001,hudsolu01
427243,hudsm901,
116266,hudsn101,hudsona01
407861,hudso001,hudsoor01
116267,hudsr101,hudsore01
818932,hudsr102,hudspro01
116268,hudss101,hudsosi01
218596,hudst001,hudsoti01
,hudsv901,
116269,huelf101,huelsfr01
116270,huena101,huenkal01
333492,huffa001,huffau01
116272,huffb101,huffmbe01
502151,huffc001,huffmch01
453307,huffd001,huffda01
818933,huffe101,huffed01
492653,huffg801,huffge99
116271,huffm001,huffmi01
116273,huffp001,huffmph01
669087,huffs001,huffsa01
116274,hug-e101,huged01
116275,huggm101,huggimi01
132962,hughb001,hughebo01
676714,hughb002,hughebr01
116293,hughb101,hughebi01
116292,hughb102,hughebi02
458250,hughd001,hughedu01
116283,hughd101,hughedi01
116276,hughe101,hugheed01
453172,hughj001,hugheja02
116280,hughj101,hughejo01
116294,hughj102,hugheji01
116279,hughj103,hugheji02
116278,hughj104,hugheji03
116277,hughj105,hugheja01
116281,hughk001,hugheke01
471863,hughl001,hughelu01
116282,hughm101,hughemi01
461833,hughp001,hugheph01
446560,hughr001,hugherh01
116284,hughr101,hughero01
818926,hughs101,hughech01
407889,hught001,hughetr01
116290,hught101,hugheto04
116295,hught102,hughste01
116288,hught103,hugheto01
116287,hught104,hugheto03
116286,hught105,hugheto05
116285,hught106,hughete01
116289,hught107,hugheto02
116291,hughv101,hugheve01
116296,huhne101,huhnem01
430619,huisj001,huismju01
116298,huism001,huismma01
116297,huisr001,huismri01
116299,huleb101,hulenbi01
116300,hulet001,huletti01
461834,hulet002,hulettu01
116301,hulih101,hulihha01
457820,hulle001,huller01
116302,hulsd001,hulseda01
116303,hulsr101,hulswru01
543343,hultd001,hultzda01
116304,hulvh101,hulveha01
818929,humbc101,humbech01
458950,humbp001,humbeph01
116305,humet001,humeto01
669450,hummc001,hummeco01
116306,hummj101,hummejo01
400019,hummt001,hummeti01
116307,humpa101,humphal01
116312,humpb101,humphbe01
116311,humpb102,humphbo01
116308,humpb103,humphbi01
116314,humpj101,humphjo02
116313,humpj102,humphjo01
116310,humpm001,humphmi01
,humpr901,
116309,humpt101,humphte01
818919,hundj101,hundljo01
460026,hundn001,hundlni01
116315,hundr101,hundlra01
116316,hundt001,hundlto01
116317,hungb101,hunglbe01
116318,hunnb101,hunnebi01
116327,huntb001,huntebr01
116326,huntb002,huntebr02
116319,huntb101,huntbe01
116341,huntb102,huntebi01
116340,huntb103,huntebi02
116332,huntb104,huntebu01
116331,huntb105,huntebi03
818917,huntb106,huntebe01
501986,huntc001,huntece01
116324,huntd101,huntdi01
116328,hunte101,hunteed01
818913,hunte102,hunteeu01
116330,huntg101,huntege01
818923,huntg102,huntgr01
116333,hunth101,huntehe01
116335,huntj001,hunteji01
116334,huntj101,hunteca01
116323,huntj102,huntjo01
,huntj901,
116322,huntk101,huntke02
116321,huntk102,huntke01
116337,huntl101,huntele01
116329,huntn101,huntene01
116320,huntr001,huntra01
116336,huntr002,hunteri01
116325,huntr101,huntro01
116342,hunts101,huntzst01
116338,huntt001,hunteto01
488984,huntt002,hunteto02
116343,huntw101,huntzwa01
116339,huntw102,huntewi01
116344,huppd001,huppeda01
116346,hurdc001,hurdlcl01
116345,hurdt101,hurdto01
116349,hurld101,hurledi01
,hurld901,
457922,hurle001,hurleer01
,hurle901,
,hurlg901,
116347,hurlj101,hurleje02
116348,hurlj102,hurleje01
116350,hursb001,hurstbr01
116355,hursb002,hurstbi01
116351,hursd101,hurstdo01
116354,hursj001,hurstjo01
116352,hursj002,hurstja01
116353,hursj003,hurstji01
592422,hursj004,hurshja01
656568,hurss001,hurstsc01
,hurst801,hurstti99
676428,hurtb001,hurtebr01
116356,hurte001,hurtaed01
674441,hurtj001,hurtuja01
669165,hurtk001,hurtky01
116357,huskb001,huskebu01
116358,husoj001,husonje01
116361,hustb101,hustibe01
116360,hustb102,hustebi01
116359,hustc101,hustaca01
116362,husth101,hustoha01
116363,hustw101,hustowa01
116369,hutcb101,hutchbi01
150454,hutcc001,hutchch01
571800,hutcd001,hutchdr01
116366,hutce101,hutched01
116367,hutcf101,hutchfr01
818909,hutcf102,hutchfr02
116368,hutci101,hutchir01
116365,hutcj101,hutchjo02
116364,hutcj102,hutchjo01
818908,hutcw101,hutchwi01
116370,hutsh101,hutsohe01
116371,hutsr101,hutsoro01
,hutsr901,
116372,huttj101,huttoji01
116373,huttm001,huttoma01
818911,hutto101,huttos01
116374,huttt101,huttoto01
666561,hwanj001,hwangja01
116375,hyath101,hyattha01
492493,hydeb801,hydebr99
818910,hydec101,hydeco01
116376,hyded101,hydedi01
116377,hyert001,hyersti01
116378,hyndj101,hyndmji01
518833,hynec001,hynesco01
116379,hynep101,hynespa01
283210,hyzda001,hyzduad01
455104,iannc001,iannech01
808887,iannl801,
437676,iapoa801,
427248,iassd901,
628451,ibana001,ibanean01
116380,ibanr001,ibanera01
500891,ibare001,ibarred01
116381,iburh101,iburgha01
579799,igarr001,igarary01
506432,igawk001,igawake01
578428,iglej001,iglesjo01
628452,igler001,iglesra01
116382,ignag101,ignasga01
116383,ignam001,ignasmi01
435338,iguct001,iguchta01
116384,ilslb001,ilslebl01
684007,imans001,imanash01
116385,imlad101,imlaydo01
116386,incap001,incavpe01
542255,incie001,inciaen01
663697,indij001,indiajo01
116387,infaa001,infanal01
500872,infag001,infangr01
408299,infao001,infanom01
276346,ingeb001,ingebr01
116388,ingeb101,ingerbo01
116389,inges101,ingersc01
818899,ingeu101,
446928,inglj001,inglejo01
116390,ingrc101,ingrach01
116391,ingrg001,ingraga01
688427,ingrk001,ingrako01
116392,ingrm101,ingrame01
116393,ingrr001,ingrari01
116394,inksb101,inksbe01
116395,innij001,innisje01
116396,iorgd001,iorgda01
116397,iorgg001,iorgga01
116399,iotth101,iottha01
116398,iotth102,iottho01
116400,irabh001,irabuhi01
116401,irelh101,irelaha01
116402,irelt101,irelati01
683568,iriaj001,iriarja01
454975,iribh001,iribahe01
661298,irvia701,
608344,irvic001,irvinco01
818898,irvic101,irvinca01
116405,irvid001,irvinda01
116404,irvie101,irvined01
663623,irvij001,irvinja01
116403,irvim101,irvinmo01
116406,irwia101,irwinar01
116411,irwib101,irwinbi01
116407,irwic101,irwinch01
116408,irwij101,irwinjo01
572947,irwip001,irwinph01
116409,irwit101,irwinto01
818901,irwiu101,irwin02
,irwiu901,
116410,irwiw101,irwinwa01
427250,isaal801,
116412,isalo101,isaleor01
116413,isbef101,isbelfr01
664728,isbek001,isbelky01
408193,ishik001,ishiika01
448170,ishit001,ishiktr01
818896,isrec101,isreacl01
,isree101,
116414,isrij001,isrinja01
663959,iveyt001,iveyty01
116415,iviem101,iviemi01
,ivorb901,
,ivorj101,
818895,ivork101,ivorykb01
547874,iwakh001,iwakuhi01
493127,iwama001,iwamuak01
407875,izquh001,izquiha02
116416,izquh101,izquiha01
285131,iztuc001,izturce01
430895,iztum001,izturma01
116417,jablr101,jablora01
676580,jachs901,
457706,jacka001,jacksau01
656577,jacka002,jacksal02
656578,jacka003,jacksan01
116419,jacka101,jacksal01
116446,jackb001,jacksbo01
571804,jackb002,jacksbr01
116447,jackb101,jacksbi01
818878,jackb102,jacksbi02
,jackb901,
116422,jackc001,jacksch03
433582,jackc002,jacksco01
116420,jackc101,jacksch01
116421,jackc102,jacksch02
,jackc901,
116424,jackd001,jacksda02
116426,jackd002,jacksda03
116423,jackd003,jacksda04
623515,jackd004,jacksdr01
116425,jackd101,jacksda01
818875,jackd102,jacksdi01
,jackd901,
429719,jacke001,jacksed01
818873,jacke101,jacksed02
116418,jackf101,jacklfr01
818874,jackf102,jacksfr01
818867,jackf103,jacksfr02
116428,jackg101,jacksgr01
116427,jackg102,jacksge01
818868,jackg103,jacksge02
818865,jackg104,
116429,jackh101,jackshe01
543351,jackj001,jacksja01
669236,jackj002,jacksje02
116432,jackj101,jacksjo01
116431,jackj102,jacksjo02
116430,jackj103,jacksji01
818864,jackj104,jacksje01
818866,jackj106,jacksja02
,jackj107,
800935,jackj702,
116433,jackk001,jackske01
592426,jackl001,jackslu01
116435,jackl101,jackslo01
116434,jackl102,jacksla01
818860,jackl103,jacksli01
818862,jackl104,
116436,jackm001,jacksmi02
116437,jackm101,jacksmi01
818863,jackm102,jacksma01
116439,jackr001,jacksre01
116442,jackr002,jacksro02
116443,jackr003,jacksro03
133224,jackr004,jacksry01
474249,jackr005,jacksry02
116441,jackr101,jacksro01
116438,jackr102,jacksra01
452259,jacks001,jacksst01
116444,jacks101,jackssa01
116440,jacks102,jacksso01
818849,jacks103,jackssa02
818854,jacks105,jackssa04
116445,jackt101,jackstr01
818851,jackt102,jacksto01
818850,jackw102,
818846,jackw103,
435638,jackz001,jacksza01
667427,jackz002,jacksza02
689690,jacoa001,jacobal01
116449,jacoa101,jacobar01
116461,jacob001,jacobbr01
430944,jacob002,jacobbu02
116457,jacob101,jacobbe01
116453,jacob102,jacobbu01
,jacoc801,
116456,jacoe101,jacobel01
818843,jacoe102,jacobed01
116462,jacoh101,jacobha01
116463,jacoj001,jacomja01
116451,jacoj101,jacobja01
116460,jacol101,jacobla01
408312,jacom001,jacobmi02
116452,jacom101,jacobmi01
116458,jacom102,jacobme01
431035,jacom701,
116454,jacoo101,jacobot01
116455,jacor101,jacobra01
116450,jacos101,jacobsp01
116448,jacot101,jacobto01
116459,jacow101,jacobba01
682175,jacqj001,jacqujo01
116464,jacqp101,jacqupa01
344924,jacqt001,jacquth01
116465,jaecj101,jaeckja01
116466,jaegc101,jaegech01
116467,jaegj101,jaegejo01
697960,jagee801,
116468,jahaj001,jahajo01
116469,jahna101,jahnar01
462089,jaimj001,jaimeju01
499856,jakuc001,jakubch01
116470,jakus101,jakucsi01
116472,jamea101,jamesar01
116484,jameb001,jamesbo01
116473,jameb101,jamesbe01
116487,jameb102,jamesbi02
116486,jameb103,jamesbi01
116483,jameb104,jamesbe02
116477,jamec001,jamesch02
460580,jamec002,jamesch03
116475,jamec101,jamescl01
116474,jamec102,jamesch01
116476,jamed001,jamesdi01
400126,jamed002,jamesde01
686753,jamed003,jamesdr01
818840,jameg101,
448241,jamej001,jamesju01
657624,jamej002,jamesjo02
116479,jamej101,jamesjo01
116478,jamej102,jamesje01
,jamej901,
818841,jamek101,
116471,jamel101,jamerle01
116485,jamel102,jamesle01
116480,jamem001,jamesmi01
116482,jamer101,jamesri01
116481,james101,jamessk01
818845,jamet101,jamesti01
818844,jamet102,jamerti01
116488,jamic101,jamiech01
116489,janej101,janesje01
457926,janip001,janispa01
543357,jankj001,jankojo01
608671,jankt001,jankotr01
595263,jannm001,jannimi01
116490,janov101,janowvi01
445163,jansc001,janssca01
643376,jansd001,janseda01
445276,jansk001,janseke01
116491,jansl101,jansela01
116492,jansr101,jansera01
116493,janth101,jantzhe01
,janud901,
116494,janvh101,janvrha01
116495,janzm001,janzema01
452232,jaraj001,jaramja01
427252,jarar801,
493870,jarat801,
818837,jarmd101,jarmodo01
818839,jarnh101,
686826,jarvb001,jarvibr01
116496,jarvk001,jarvike01
116499,jarvp101,jarvipa01
116498,jarvr101,jarvira01
116497,jarvr102,jarviro01
444379,jasoj001,jasojo01
116500,jasph101,jaspehi01
818829,jaspj101,jaspejo01
116501,jastl101,jastela01
116502,jatap101,jatapa01
492913,jausd801,
116503,javea101,javeral01
116504,javia101,javieal01
664299,javic001,javiecr01
116505,javij101,javieju01
593733,javij801,
116506,javis001,javiest01
,jawof101,
643377,jax-g001,jaxgr01
445055,jay-j001,jayjo02
116507,jay-j101,jayjo01
664079,jay-t001,jayty01
594867,jayem001,jayemy01
116508,jeand001,jeando01
676581,jeanj901,
116509,jeant101,jeanete01
,jeffb101,jeffebo01
641726,jeffd001,jeffeda01
818830,jeffd101,jeffedo01
818831,jeffe101,jeffeed01
116513,jeffg001,jeffegr01
116510,jeffg101,jeffcge01
818825,jeffg102,jeffege01
116511,jeffh101,jeffcha01
116517,jeffi101,jeffrir01
502026,jeffj001,jeffrje01
116514,jeffj101,jeffeje01
818828,jeffj102,jeffrji01
116512,jeffm001,jeffcmi01
116515,jeffr001,jeffere01
680777,jeffr002,jeffery01
818824,jeffr101,jeffera01
,jeffr901,
116516,jeffs001,jeffest01
818820,jeffs101,jeffrso01
818826,jeffw101,jeffewi01
,jeffw901,
116518,jelic001,jelicch01
116519,jelif101,jelinfr01
116520,jelkg001,jelksgr01
116521,jelts001,jeltzst01
818822,jemic101,jemisch01
408057,jenkb001,jenksbo01
818819,jenkb101,jenkiba01
818815,jenkb102,jenkibi01
554432,jenkc001,jenkich01
116522,jenkf101,jenkife01
818817,jenkf102,jenkifa01
132961,jenkg001,jenkige01
818814,jenkh101,jenkiho01
818818,jenkh102,jenkiho02
116526,jenkj101,jenkija01
116524,jenkj102,jenkijo01
116523,jenkj103,jenkijo02
818813,jenkj104,jenkijo03
,jenkj901,
,jenkm801,
818811,jenkp101,jenkipe01
592433,jenkt001,jenkity01
116525,jenkt101,jenkito01
116527,jenna101,jennial01
,jenna901,
116531,jennb101,jennibi01
,jennc101,
116529,jennd001,jennido01
457775,jennd002,jennide01
543359,jennd003,jennida01
,jennd801,jennida99
116528,jennh101,jennihu01
407298,jennj001,jennija01
116530,jennr001,jenniro01
820802,jennt101,jennith01
695600,jensc001,jenseca01
116533,jensj101,jenseja01
571812,jensk001,jenseky01
116534,jensm001,jensema01
276528,jensr001,jensery01
116535,jensw101,jensewi01
116532,jensw102,jensewo01
448178,jepsk001,jepseke01
605301,jerew001,jerezwi01
431036,jernr701,
136264,jerzm001,jerzemi01
116536,jessd101,jesseda01
818804,jessg101,jessuge01
116537,jestg101,jestaga01
116538,jestv101,jestevi01
116539,jeted001,jeterde01
116540,jetej101,jeterjo01
116541,jetes001,jetersh01
116542,jeths101,jethrsa01
,jevnf901,
657228,jewej001,jewelja01
116543,jewen101,jewetna01
492495,jewet801,
543362,jimea001,jimenaj01
818798,jimeb101,jimenbi01
430590,jimec001,jimerch01
462945,jimec002,jimence01
150090,jimed001,jimend'01
666204,jimed002,jimenda01
650391,jimee001,jimenel02
621592,jimee002,jimened01
116545,jimee101,jimenel01
818802,jimee102,jimeneu01
621660,jimee901,
664263,jimee902,
116546,jimeg001,jimenge01
116544,jimeh001,jimenho01
150455,jimej001,jimenjo01
423824,jimej002,jimenja01
641729,jimej003,jimenjo02
116547,jimej101,jimenju01
,jimej801,
459376,jimek001,jimenke01
455921,jimel001,jimenlu01
499864,jimel002,jimenlu02
677870,jimel003,jimenle01
116549,jimem001,jimenmi01
116548,jimem101,jimenma01
434622,jimeu001,jimenub01
623930,jirsj801,
492497,jirsm801,
471183,joaqw001,joaquwa01
695549,jobej001,jobeja01
407093,jodib001,jodiebr01
656582,joe-c001,joeco01
492706,johjk001,johjike01
407053,johna001,johnsad01
489567,johna002,johnsal02
116551,johna101,johnsau01
116563,johna102,johnsar02
116562,johna103,johnsar01
116560,johna104,johnsal01
116559,johna105,johnsab02
116556,johna106,johnsab01
482641,johna901,
503470,johna907,
116636,johnb001,johnsbi04
116566,johnb002,johnsbr01
434584,johnb003,johnsbe02
598271,johnb004,johnsbr02
669369,johnb005,johnsbr03
116565,johnb101,johnsbo04
116620,johnb102,johnsbo01
116619,johnb103,johnsbo03
116621,johnb104,johnsbo02
116571,johnb105,johnsba01
116637,johnb106,johnsbi01
116564,johnb107,johnsbe01
116640,johnb108,johnsbi03
116639,johnb109,johnsbi02
818779,johnb110,johnsbi05
818775,johnb111,johnsbe03
818770,johnb112,johnsbo05
818772,johnb113,johnsbu01
818771,johnb114,johnsbu02
818773,johnb115,johnsbi06
116573,johnc001,johnscl01
116569,johnc002,johnsch04
453400,johnc003,johnsch05
116570,johnc101,johnsch03
116591,johnc102,johnsch02
116572,johnc103,johnsco01
116568,johnc104,johnsch01
116567,johnc105,johnsca01
820800,johnc106,johnsce01
818764,johnc107,johnscl02
818769,johnc108,
818766,johnc109,
511409,johnc701,
,johnc901,
116578,johnd001,johnsda04
116574,johnd002,johnsda05
116552,johnd003,johnsdo04
430681,johnd004,johnsda06
597113,johnd005,johnsdj01
669288,johnd006,johnsda07
116581,johnd101,johnsdo02
116580,johnd102,johnsdo03
116579,johnd103,johnsde01
116577,johnd104,johnsda03
116576,johnd105,johnsda02
116575,johnd106,johnsda01
116648,johnd107,johnsdo01
818768,johnd108,johnsdi02
,johnd801,
116586,johne001,johnser03
471107,johne002,johnsel02
605304,johne003,johnser04
116588,johne101,johnser02
116587,johne102,johnser01
116585,johne103,johnsel01
116583,johne104,johnsed01
116582,johne105,johnsea01
818767,johne106,johnsed02
,johne107,
116590,johnf101,johnsfr01
116618,johnf102,johnsfo01
116589,johnf103,johnsfr03
116649,johnf104,johnsfr02
818763,johnf105,johnsfr04
818761,johnf106,johnsfr05
800936,johnf701,
408058,johng001,johnsga01
116642,johng101,johnsgr01
818762,johng102,johnsge01
818760,johng103,
,johng801,
116593,johnh001,johnsho01
116592,johnh101,johnsha01
818753,johnh102,johnshe01
116599,johnj001,johnsjo04
116650,johnj002,johnsja01
116602,johnj003,johnsjo05
116638,johnj004,johnsje02
116644,johnj005,johnsjo06
116651,johnj006,johnsjo07
116595,johnj007,johnsja02
150282,johnj008,johnsjo08
435178,johnj009,johnsjo09
462382,johnj010,johnsji04
116600,johnj101,johnsjo01
116627,johnj102,johnsji02
116597,johnj103,johnsjo03
116596,johnj104,johnsje01
116594,johnj105,johnsji03
116645,johnj106,johnsjo02
116643,johnj107,johnsji01
818744,johnj108,johnsju99
818745,johnj109,johnsjo11
818747,johnj110,johnsjo12
818742,johnj111,johnsjo13
818756,johnj112,johnsja04
818751,johnj113,johnsji07
818743,johnj114,johnsjo10
818758,johnj117,johnsji06
607890,johnj701,
461835,johnj801,
,johnj901,
133201,johnk001,johnske03
297292,johnk002,johnske04
430637,johnk003,johnske05
453241,johnk004,johnskr01
116605,johnk101,johnske01
116604,johnk102,johnske02
116603,johnl001,johnsla03
116606,johnl101,johnsla02
116608,johnl102,johnsll01
116607,johnl103,johnsla01
116609,johnl104,johnslo01
818746,johnl105,johnsle03
818738,johnl107,johnsle02
818739,johnl108,johnsle04
116610,johnm001,johnsma01
116611,johnm002,johnsmi02
150322,johnm003,johnsma02
276342,johnm004,johnsma05
430635,johnm005,johnsmi03
608672,johnm006,johnsmi04
116612,johnm101,johnsmi01
820797,johnm102,johnsmo01
818740,johnm103,johnsme01
818737,johnm104,johnsm06
818733,johnm105,
442470,johnm801,
,johnm901,
276376,johnn001,johnsni01
818732,johnn101,johnsna01
116613,johno101,johnsot01
116553,johno102,johnsol01
572955,johnp001,johnspi01
116555,johnp101,johnspe01
116614,johnp102,johnspa01
818735,johnp103,johnspe02
116616,johnr001,johnsra04
116622,johnr002,johnsro03
116625,johnr003,johnsro04
116623,johnr004,johnsro05
116615,johnr005,johnsra05
116641,johnr006,johnsru01
408225,johnr007,johnsro06
407862,johnr008,johnsre02
453531,johnr009,johnsro07
696270,johnr010,johnsry01
116617,johnr101,johnsra03
116624,johnr102,johnsro02
116626,johnr103,johnsro01
116558,johnr104,johnsra01
116557,johnr105,johnsra02
116647,johnr106,johnsdi01
116646,johnr107,johnsre01
818731,johnr108,johnsra07
818729,johnr109,johnsra06
,johnr111,
427256,johnr701,
489002,johns001,johnsst02
582473,johns002,johnssh01
686751,johns003,johnsse01
116630,johns101,johnssy01
116629,johns102,johnsst01
116628,johns103,johnssi01
116601,johns104,johnssp01
818725,johns105,johnssh02
818727,johns106,johnss03
818726,johns107,
686265,johns701,
,johns901,
116550,johnt001,johnto01
431164,johnt002,johnsty01
687859,johnt003,johnstr02
116561,johnt101,johnsto03
116632,johnt102,johnsti01
116631,johnt103,johnsto02
116554,johnt104,johnsto01
818728,johnt105,johnsto04
818723,johnt106,johnsto06
818724,johnt108,johnsto05
818716,johnu102,
818712,johnu103,johns15
116633,johnv101,johnsvi01
116634,johnw001,johnswa03
116584,johnw101,johnswa02
116635,johnw102,johnswa01
818715,johnw103,johnswa04
,johnw801,
,johnw901,
116598,johny104,johnsyo01
116652,joinr101,joinero01
116653,jok-s101,jokst01
518852,jokie001,jokiser01
116655,jolld101,jollyda01
116654,jolls101,jollesm01
116661,jonea001,jonesal02
116662,jonea002,jonesan01
430945,jonea003,jonesad01
116663,jonea101,jonesar01
116660,jonea102,jonesal01
818699,jonea103,jonesal03
818698,jonea105,jonesar02
818695,jonea106,jonesa03
658536,jonea901,
116719,joneb001,jonesbo02
116664,joneb002,jonesba01
116717,joneb003,jonesbo03
116718,joneb004,jonesbo04
447761,joneb005,jonesbr02
116738,joneb101,jonesbi02
116737,joneb102,jonesbi01
116720,joneb103,jonesbo01
116701,joneb104,jonesbi03
116700,joneb105,jonesbr01
116669,joneb106,jonesbu01
818694,joneb107,jonesbe01
,joneb108,jonesbr03
,joneb901,
116672,jonec001,jonesch04
116671,jonec002,jonesch05
116665,jonec003,jonesca01
116706,jonec004,jonesch06
116675,jonec101,jonesco02
116674,jonec102,jonescl01
116673,jonec103,jonescl02
116670,jonec104,jonesch01
116668,jonec105,jonesch02
116667,jonec106,jonesch03
116659,jonec107,jonesco01
818691,jonec108,jonesca03
818693,jonec109,jonesco03
116682,joned001,jonesdo01
116680,joned002,jonesda05
676103,joned003,jonesda07
116689,joned101,jonesde02
116695,joned102,jonesda03
116681,joned103,jonesdi01
116679,joned104,jonesda01
116678,joned105,jonesda04
116676,joned106,jonesda02
116666,joned107,jonesde01
,joned108,jonesda06
116684,jonee101,jonesel01
116683,jonee102,jonesea01
818684,jonee103,joneseu01
818686,jonee104,jonesea02
116686,jonef101,jonesfr01
116685,jonef102,jonesfi01
429983,joneg001,jonesgr01
434540,joneg002,jonesga02
675659,joneg003,jonesgr02
116688,joneg101,jonesgo01
116687,joneg102,jonesga01
433642,joneg801,
491220,joneh001,joneshu01
116693,joneh101,jonesho01
116691,joneh102,joneshe02
116692,joneh104,joneshe01
818687,joneh105,jonesha02
116690,joneh106,jonesha01
116698,jonej001,jonesje01
116694,jonej002,jonesji02
150218,jonej003,jonesja05
429961,jonej004,jonesja04
571825,jonej005,jonesja06
592444,jonej006,jonesja07
663330,jonej007,jonesja08
683003,jonej008,jonesja09
116699,jonej101,jonesje02
116724,jonej102,jonesja01
116703,jonej103,jonesjo02
116702,jonej104,jonesjo01
116697,jonej105,jonesji01
116696,jonej106,jonesja03
116677,jonej107,jonesja02
818679,jonej108,jonesjo03
434240,jonej801,
,jonej901,
116705,jonek101,joneske01
116707,jonel001,jonesly01
116656,jonel101,jones01
116711,jonem001,jonesmi02
289033,jonem002,jonesma02
462536,jonem003,jonesmi03
116710,jonem101,jonesmi01
116708,jonem102,jonesma01
818680,jonem103,jonesmi04
552828,jonem701,
518858,jonen001,jonesna01
666134,jonen002,jonesno01
116736,jonen101,jonesni01
116712,joneo001,jonesod01
116713,joneo101,jonesos01
116714,jonep101,jonespe01
818681,jonep102,jonespe02
116722,joner001,jonesro01
116723,joner002,jonesru01
116716,joner003,jonesri02
116721,joner004,jonesro02
624507,joner005,jonesry01
116715,joner101,jonesra01
116732,joner102,jonesri01
116709,joner103,jonesre01
818676,joner104,jonesru02
818682,joner105,jonesra02
,joner106,jonesro03
,joner901,
116704,jones001,jonesst02
116729,jones101,jonesst01
116728,jones102,jonessh02
116727,jones103,jonessh01
116726,jones104,jonessa01
116725,jones105,jonessa02
818672,jones106,jonessu01
818673,jones107,jonessl01
116735,jonet001,jonestr01
116740,jonet002,jonesti02
116734,jonet003,jonesto02
116730,jonet004,joneste02
622100,jonet005,jonesta01
116733,jonet101,jonesti01
116739,jonet102,joneste01
116731,jonet103,jonesto01
,jonet801,
658325,jonet901,
116657,joneu102,jones02
116658,joneu103,jones03
818709,joneu104,jones11
116741,jonew101,joneswi01
818666,jonew103,joneswi03
,jonew105,
116742,jonnb101,jonnabu01
116743,jonnc101,jonnacl01
116744,joose101,joosted01
116747,jordb001,jordabr01
116746,jordb101,jordabu01
818667,jordb102,
,jordb901,
116748,jordc101,jordach01
116745,jordd101,jordadu01
116750,jordh101,jordaha01
818671,jordh102,jordahe01
,jordh901,
116751,jordj101,jordaji01
116752,jordk001,jordake01
682119,jordl001,jordale01
818668,jordl101,jordala01
,jordl901,
116754,jordm101,jordami02
116753,jordm102,jordami01
116755,jordn101,jordani01
116756,jordr001,jordari02
116758,jordr002,jordari03
116757,jordr101,jordari01
116759,jords001,jordasc01
116749,jords101,jordasl01
518863,jordt001,jordata01
116761,jordt101,jordati01
116760,jordt102,jordato01
116762,jorga101,jorgear01
602928,jorgf001,jorgefe01
116766,jorgm001,jorgemi01
116763,jorgo101,jorgeor01
116764,jorgp101,jorgepi01
407932,jorgr001,jorgery01
116765,jorgs101,jorgesp01
116767,jorgt001,jorgete01
543377,josec001,josepco01
543376,josec002,josepca01
548348,josed001,josepdo01
116770,josed101,josepdu01
116768,josef001,josefe01
276529,josek001,josepke01
818665,josen101,josepne01
116769,joser101,josepri01
571830,joset001,josepto01
,joseu901,
818662,josew101,josepwi01
818664,joshu101,
116771,joshv101,joshuvo01
116772,jossa101,jossad01
,jostm901,
407867,jourj001,journji01
116773,jourt101,jourdte01
116774,joy-p101,joypo01
690829,joycb001,joycebe01
116779,joycb101,joycebi01
116778,joycb102,joycebo01
,joycc901,
116777,joycd101,joycedi01
427261,joycj901,
459964,joycm001,joycema01
116776,joycm101,joycemi01
116775,joycu101,joyce01
116780,joynw001,joynewa01
116781,juddm001,juddmi01
116783,juddo101,juddos01
116782,juddr101,juddra01
116784,judef101,judefr01
116785,judej001,judenje01
592450,judga001,judgeaa01
116786,judgj101,judgejo01
116787,judnw101,judniwa01
116788,judsh101,judsoho01
518865,judyj001,judyjo01
116789,judyl101,judyly01
116790,juelr101,juelire01
666397,julie001,julieed01
406402,julij001,juliojo01
,julij901,
667452,julkc001,julksco01
116791,jumog101,jumonge01
,jumph901,
818657,juncj101,
407784,junge001,jungeer01
673962,jungj001,jungjo01
690291,jungj002,jungja01
116792,jungk101,jungeke01
543380,jungt001,jungmta01
596001,junij001,junisja01
676083,junkj001,junkja01
642558,juraa001,juradar01
116793,jurae001,juraked01
818661,jurae101,juranel01
818659,juraj101,juranjo01
116794,jurem101,jurewmi01
116795,jurgb101,jurgebi01
116796,juria101,jurisal01
457453,jurrj001,jurrjja01
818658,justc101,justich01
116798,justd001,justida01
687145,juste001,justiev01
116797,justj101,justjo01
116799,justw101,justiwa01
116800,jutzs101,jutzesk01
116801,juulh101,juulhe02
116802,juulh102,juulhe01
451500,kaaik001,kaaihki01
116803,kaatj101,kaatji01
664842,kaczk001,kaczmke01
116804,kadij101,kadinja01
116805,kafoj101,kaforja01
116806,kahdi101,kahdoik01
116808,kahlb101,kahlebo01
116809,kahlg101,kahlege01
116807,kahln101,kahlni01
,kahnl801,
116810,kahno101,kahnow01
,kahns901,
592454,kahnt001,kahnlto01
116811,kahom101,kahoemi01
116812,kaind101,kainedo01
116813,kaisa101,kaiseal01
116816,kaisb101,kaisebo01
663731,kaisc001,kaiseco01
818652,kaisc101,kaisece01
116814,kaisd101,kaisedo01
116817,kaisg101,kaisege01
116815,kaisj001,kaiseje01
,kaisk901,
116818,kalaj101,kalahjo01
116819,kalbc101,kalbfch01
116820,kalfb101,kalfabi01
116822,kalia101,kalinal01
116821,kalif101,kalinfr01
501888,kalir001,kalisry01
116823,kallr101,kalliru01
641739,kamir001,kaminro01
116824,kamis001,kamiesc01
116826,kammb101,kammebo01
116825,kammw101,kammwi01
116828,kampa101,kampoal01
116827,kampi101,kampik01
116829,kanef101,kanefr01
116830,kaneh101,kaneha01
116835,kanej101,kaneje01
116833,kanej102,kanejo02
116832,kanej103,kanejo01
116831,kanej104,kaneji01
116836,kaner101,kanehro01
,kanes901,
116834,kanet101,kaneto01
628356,kangj001,kangju01
116837,kante101,kantler01
621483,kanzj801,
,kapla901,
,kaplb801,
137002,kaplg001,kaplega01
670603,kaplh701,
116838,kapph101,kappehe01
116839,kappj101,kappejo01
621076,kaprj001,kaprija01
116840,karcm001,karchma01
676689,karcr001,karchri01
116841,kardp101,kardopa01
116842,karge101,kargeed01
675916,karij001,karinja01
116843,karkr001,karkoro01
116844,karla101,karlan01
116846,karlb101,karlobi01
116845,karls001,karlsc01
116847,karnb101,karnsbi01
400112,karnj001,karnuja01
501992,karnn001,karnsna01
116848,karom101,karowma01
116850,karph101,karpehe01
431038,karph701,
116849,karpr001,karpry01
116851,karrb101,karrbe01
116852,karre001,karroer01
691720,karrk001,karroky01
444371,karsj001,karstje01
116854,karsj101,karstjo01
116853,karss001,karsast01
116855,kasht001,kashita01
116856,kaske101,kaskoed01
425632,katam001,katama01
641741,katog001,katohgo01
116857,katoj101,katolja01
116858,kattr101,kattra01
116859,katzb101,katzbo01
446363,katze801,
,katzt901,
116860,kaufb101,kauffbe01
116862,kaufc001,kaufmcu01
116861,kaufd101,kauffdi01
666154,kaufk001,kauffka01
116863,kauft101,kaufmto01
116864,kavac101,kavanch01
116865,kaval101,kavanle01
116866,kavam101,kavanma01
694359,kavan001,kavadni01
116867,kavau101,kavan01
,kavuj901,
499877,kawak001,kawakke01
493128,kawam001,kawasmu01
641743,kay-a001,kayan01
116868,kay-b101,kaybi01
400086,kayej001,kayeju01
692216,kayfc001,kayfucj01
116869,kazae101,kazaked01
116870,kazat101,kazante01
431148,kazms001,kazmisc01
453527,kazms002,kazmase01
116871,keagg001,keaglgr01
116872,keals101,kealest01
492654,keanj801,keanejo99
818654,keanw101,keanewl01
400290,keara001,kearnau01
116873,kearb001,kearnbo01
116876,keare101,kearsed01
116875,keart101,kearnto01
116874,keart102,kearnte01
818655,kearu101,kearn02
116877,kease101,keased01
807712,keasl001,keasclu01
116879,keatb101,keatibo01
116880,keatc101,keatich01
116881,keatg101,keatlgr01
116878,keatr101,keatira01
116882,keckc101,keckca01
116883,keedp001,keedypa01
116887,keefb101,keefebo01
116884,keefd101,keefeda01
116885,keefg101,keefege01
116886,keefj101,keefejo01
116888,keeft101,keefeti01
116890,keegb101,keegabo01
116889,keege101,keegaed01
116893,keelb101,keelybo01
116892,keelb102,keelebu01
,keelu101,keeli01
116891,keelw101,keelewi01
116895,keenb101,keenbi01
116901,keenh101,keeneha01
116899,keenj101,keeneje01
116900,keenj102,keenejo01
116898,keenj103,keenaji02
116897,keenj104,keenaji01
116896,keenk101,keenaki01
116894,keenv101,keenvi01
116902,keerg101,keerlge01
116903,keesj101,keeseji01
818647,keete101,keetoeu01
116904,keetr101,keetori01
116905,kefff101,keffefr01
116906,kehnc101,kehnch01
116907,keifk101,keifeka01
680577,keird001,keirsda01
116908,keisb101,keistbi01
342892,keisr001,keislra01
,keisw901,
690993,keitc001,keithco01
116909,kekim101,kekicmi01
605309,kelak001,kelake01
116910,kelbg101,kelbge01
672284,kelej001,kelenja01
116911,kelim101,kelihmi01
116923,kella101,kelleal01
116933,kella102,kelloal01
116931,kella103,kellnal01
116938,kellb001,kellybr01
116959,kellb002,kellyro01
641745,kellb003,kellebr01
116935,kellb101,kellobi01
116961,kellb102,kellybi03
116958,kellb103,kellybo01
116963,kellb104,kellybi02
116962,kellb105,kellybi01
543391,kellc001,kellyca01
608348,kellc002,kellyca02
116919,kellc101,kellech01
116939,kellc102,kellych01
430603,kelld001,kellydo01
116914,kelld101,kelledu01
116928,kelld102,kelledi01
427267,kelld801,
457528,kelld802,
665298,kelld901,
116941,kelle101,kellyed01
116930,kellf101,kellifr01
116922,kellf102,kellefr02
116915,kellf103,kellefr01
116942,kellg101,kellyge01
116913,kellg102,kellge01
,kellg901,
116925,kellh101,kelleha01
116944,kellh102,kellyhe01
116920,kellh103,kelleha03
116916,kellh104,kelleha02
523260,kellj001,kellyjo05
116951,kellj101,kellyjo04
116950,kellj102,kellyjo03
116948,kellj103,kellyjo01
116947,kellj104,kellyjo02
116945,kellj105,kellyji01
116926,kellj106,kellejo01
116917,kellj107,kellejo02
427269,kellj901,
,kellj902,
220305,kellk001,kellyke01
276341,kellk002,kellekr01
664918,kellk003,kelleky01
687330,kellk004,kellyke02
116953,kellk101,kellyki01
116949,kellk102,kellyki02
427268,kellk901,
818642,kelll101,kellmle01
116954,kellm001,kellymi02
518876,kellm002,kellyme01
656605,kellm003,kellemi03
547184,kellm004,kellymi03
116918,kellm101,kellemi02
116952,kellm102,kellymi01
116927,kellm103,kellemi01
,kellm801,
116934,kelln101,kellona01
116955,kellp001,kellypa03
116943,kellp101,kellypa01
116940,kellp102,kellypa02
818641,kellp103,
502462,kellr001,kellyry01
116921,kellr101,kellero01
116956,kellr102,kellyre02
116937,kellr103,kellyre01
116924,kellr104,kellere01
518875,kells001,kellesh01
116957,kells101,kellysp01
116912,kells102,kellsk01
571841,kellt001,kellyty01
665001,kellt002,kelletr01
116946,kellt101,kellyto01
116929,kellt102,kelleto01
,kellt901,
116960,kellv101,kellyva01
116932,kellw101,kellnwa01
116936,kellw102,kelluwi01
818633,kellw103,kellywi01
818638,kellw104,kellywh01
,kellw901,
677161,kellz001,kellyza01
116965,kelsb101,kelsobi01
116964,kelsb102,kelsebi01
818631,kelsu101,kelse02
407778,keltd001,keltoda01
116967,keltj101,keltyjo01
116966,keltk101,keltnke01
116968,kemmb101,kemmebi01
116969,kemmr101,kemmeru01
116970,kemmr102,kemmlru01
116971,kemnd101,kemnedu01
818634,kempe101,kemped01
818632,kempg101,kempga01
818630,kempg102,kempge01
818635,kempj101,kempjo01
461314,kempm001,kempma01
805249,kempo001,kempot01
116972,kemps001,kempst01
643393,kempt001,kempto01
116975,kenda101,kendeal01
116973,kendf101,kendafr01
435062,kendh001,kendrho01
116974,kendj001,kendaja01
452718,kendk001,kendrky01
150456,kenna001,kennead01
116995,kenna101,kennear01
664028,kennb001,kennebr02
671083,kennb002,kennebu01
116994,kennb101,kennebr01
116993,kennb102,kennebi01
116991,kennb103,kennebi02
116987,kennb104,kennebo01
431039,kennb701,
,kennc901,
116984,kennd101,kennedo01
818629,kennd102,kennada01
116992,kenne101,kenneed02
116978,kenne102,kenneed01
116977,kenne103,kennaed01
116976,kenne104,kennaed02
453178,kenni001,kenneia01
406773,kennj001,kennejo04
116982,kennj101,kenneju01
116997,kennj102,kennejo01
116996,kennj103,kenneje01
116981,kennj104,kennejo02
116980,kennj105,kennejo03
116979,kennj106,kenneji01
,kennj801,kenneji99
492655,kennk801,kenneke99
116985,kennm101,kennemo01
116986,kennr101,kennera01
116988,kenns101,kennesn01
116989,kennt001,kennete02
116990,kennt101,kennete01
116983,kennv101,kenneve01
434137,kensl001,kensilo01
116998,kente101,kented01
116999,kentj001,kentje01
,kentj901,
117000,kentm101,kentma01
407902,kents001,kentst01
687849,kentz001,kentza01
117002,kenwd101,kenwobi01
117001,kenwd102,kenwodi01
818624,kenwu101,kenwo02
818620,kenyh101,kenyoha01
117003,keouj101,keougjo01
117004,keoum001,keougma02
117005,keoum101,keougma01
596146,keplm001,keplema01
430670,keppb001,keppebo01
433898,keppj001,keppije01
117006,kepsk001,kepshku01
117007,kerfc001,kerfech01
117008,kerig101,keriagu01
117009,kerij101,kerinjo01
,kerij901,
117010,kerkb101,kerksbi01
689147,kerko001,kerkeor01
117011,kerlo101,kerlior01
117013,kernb101,kernbi01
117015,kerng101,kernege01
117012,kernj001,kernji01
117014,kernj101,kernajo01
818623,kernj102,kernejo01
117016,kernr101,kernsru01
117019,kerrb101,kerrbu01
117021,kerrd101,kerrdi01
117018,kerrd102,kerrdo01
,kerrf101,
117022,kerrj101,kerrijo01
117017,kerrj102,kerrjo01
117020,kerrm101,kerrme01
678061,kerrr001,kerrra01
,kerrt101,
818621,kerru101,kerry01
477132,kersc001,kershcl01
424625,kersj001,kershja01
117023,kerwd101,kerwida01
117024,kessd101,kessido01
666197,kessg001,kessigr01
117026,kessh101,kesslhe01
117025,kessk001,kessike01
818622,kessu101,kessl02
117027,kestr101,kesteri01
117029,ketcf101,ketchfr01
117028,ketcg101,ketchgu01
117030,kettp101,ketteph01
572971,keucd001,keuchda01
117031,keuph101,keupphe01
117032,key-j001,keyji01
818619,keyer101,keyesro01
117033,keysb001,keysebr01
818615,keysr101,
117034,khals001,khalisa01
117035,kibbh101,kibbiho01
117036,kibbj101,kibblja01
,kiblj901,
592464,kickm001,kickhmi01
150196,kidam001,kidama01
666198,kiebc001,kieboca01
571851,kiebs001,kiebosp01
117037,kiecd001,kieckda01
117038,kiefj101,kiefejo01
117039,kiefm001,kiefema01
117040,kiefs001,kiefest01
518883,kiekd001,kiekhde01
282878,kielb001,kieltbo01
117041,kielj001,kielyjo01
117042,kiell101,kielyle01
117043,kienb101,kienzbi01
595281,kierk001,kiermke01
117044,kiesb001,kiescbr01
523261,kiesr001,kiescro01
456577,kigem001,kigerma01
579328,kikuy001,kikucyu01
489020,kilbb001,kilbybr01
117045,kildp101,kildupe01
117046,kiled001,kileda01
117047,kilej101,kileyjo01
117048,kilgp001,kilgupa01
117049,kilhp101,kilhupa01
668873,kilic001,kiliaca01
117050,kilkm101,kilkemi01
117055,killb101,killebi01
117057,kille101,killied01
117052,kille102,killeev01
117056,killf101,killefr01
117053,killh101,killehe01
117051,killh102,killeha01
117058,killj101,killija01
117054,killr101,killere01
642584,kilof001,kilomfr01
117060,kilrm101,kilromi01
117059,kilrm102,kilroma01
218294,kim-b001,kimby01
547957,kim-h001,kimhy01
673490,kim-h002,kimha01
808975,kim-h003,kimhy02
547942,kim-k001,kimkw01
279615,kim-s001,kimsu01
427276,kim-w801,
518886,kimbc001,kimbrcr01
501993,kimbc002,kimbaco01
117065,kimbd101,kimbldi01
117061,kimbg101,kimbage01
117064,kimbh101,kimbeha01
818616,kimbh102,kimbrhe01
818617,kimbh103,
818609,kimbl101,kimbrla01
117062,kimbn101,kimbane01
117063,kimbs101,kimbesa01
,kimbs901,
818614,kimbt101,
117066,kimeh101,kimeha01
117067,kimmb101,kimmbr01
117068,kimmw101,kimmiwa01
117069,kimsc101,kimsech01
818613,kinar101,kinarro01
818611,kinch101,kincaha01
818610,kindb101,kindlbi01
117071,kinde101,kindeel01
117070,kindj101,kindaje01
643396,kinei001,kineris01
117072,kiner101,kinerra01
818612,kineu101,kine02
687911,kingb001,kingbr02
117091,kingb101,kingmbr01
818608,kingb102,kingbo01
818605,kingb103,kingbr01
117076,kingc001,kingcu01
117075,kingc101,kingcl01
117074,kingc102,kingch01
818607,kingc103,kingch02
,kingc901,
117092,kingd001,kingmda01
,kingd101,kingdo01
117078,kinge001,kinger01
818600,kinge101,kingea01
,kinge102,
117094,kingg001,kingsge01
117093,kingh101,kingmha01
117079,kingh102,kingha01
117081,kingj001,kingje01
667463,kingj002,kingjo01
117080,kingj101,kingji01
117082,kingk001,kingke01
117077,kingl101,kingle01
117084,kingl102,kingly01
117083,kingl103,kingle02
117090,kingm001,kingemi01
650633,kingm002,kingmi01
117085,kingm101,kingma01
592468,kingn001,kinghni01
117086,kingn101,kingne01
150037,kingr001,kingra01
818601,kingr101,kingri01
664068,kings001,kingesc01
117088,kings101,kingst01
117087,kings102,kingsa01
117073,kings103,kingsi01
117089,kingw101,kingdwe01
818599,kingw102,kingwi01
136726,kinkm001,kinkami01
641755,kinlt001,kinlety01
117095,kinlw101,kinlowa01
,kinnb901,
117096,kinnd101,kinnede01
448337,kinnj001,kinnejo01
117098,kinnm001,kinnumi01
150219,kinnm002,kinnema01
117097,kinnw101,kinnewa01
117100,kinsb101,kinsebo01
117099,kinse101,kinseed01
435079,kinsi001,kinslia01
117102,kinst101,kinslto01
117101,kinsu101,kinsl01
445213,kintb001,kintzbr01
117105,kinzh101,kinzyha01
117103,kinzm001,kinzema01
117104,kinzw101,kinziwa01
543401,kipnj001,kipnija01
117107,kippb001,kippebo01
117109,kippe101,kippeed01
,kippe901,
117106,kippf101,kippfr01
117108,kippt101,kippeth01
117110,kirbc101,kirbycl01
669923,kirbg001,kirbyge01
117112,kirbj101,kirbyjo01
117111,kirbj102,kirbyji01
,kirbk901,
117113,kirbl101,kirbyla01
117114,kirbw001,kirbywa01
117115,kircm101,kirchmi01
666135,kiria001,kirilal01
672386,kirka001,kirkal01
117117,kirkb101,kirkbi01
117122,kirkd101,kirkwdo01
117121,kirke101,kirkpen01
117120,kirke102,kirkped01
818593,kirki101,kirksiv01
117118,kirkj101,kirkeja01
457779,kirkm001,kirkmmi01
117116,kirkt101,kirkto01
117119,kirkw101,kirklwi01
117123,kirrj101,kirrejo01
117124,kirsh101,kirscha01
117125,kiseg001,kiserga01
117126,kishe101,kisher01
117127,kisir101,kisinru01
117128,kisob001,kisonbr01
117129,kissb101,kissibi01
650050,kissg801,
685116,kitca001,kitchau01
117131,kitsc101,kitsoch01
117130,kitsf101,kitsofr01
552640,kitta001,kittran01
650051,kitth801,
117133,kittm101,kittrma01
117132,kittr001,kittlro01
623182,kivlp001,kivlepa01
677008,kjerh001,kjershe01
117134,klaeh101,klaerhu01
117135,klagf101,klagefr01
135782,klasd001,klassda01
117137,klaub101,klausbi01
117136,klaub102,klausbo01
117138,klawa101,klawial01
117139,klawt001,klawito01
117140,kleeo101,kleeol01
117141,kleic101,kleinch01
,kleig901,
117143,kleih101,kleinha01
117142,kleil101,kleinlo01
117145,klein101,kleinnu01
607309,kleip001,kleinph01
117146,kleir101,kleinre01
482386,kleir701,
117144,kleit101,kleinte01
,kleiu901,
694361,kleiw001,kleinwi01
427281,klemb901,klembi99
427282,klemj901,
117147,klepe101,klepfed01
117148,klesr001,kleskry01
117149,klevj101,kleveja01
117150,kliee101,kliemed01
117151,kliml101,klimclo01
117152,klimr101,klimkro01
571858,klinb001,klinebr01
117163,klinb101,klingbo01
117160,klinb102,klingbi01
117154,klinb103,klinebo01
117153,klinb104,klinebo02
117164,klinj001,klinkjo01
117158,klinj101,klingjo01
117162,klinj102,klingjo02
117159,klinr101,klingru01
117155,klinr102,klinero01
117161,klins001,klingsc01
117157,klins002,klinest02
117156,klins101,klinest01
117165,klipj101,klippjo01
117166,klobf101,klobefr01
656620,klobg001,kloboga01
680572,klofa001,kloffad01
427283,klonc701,
117167,klops101,kloppst01
117168,klozn101,klozana01
446372,klubc001,klubeco01
117169,klugj101,klugmjo01
117170,klume101,klumpel01
117171,klusb101,klusmbi01
117172,klust101,kluszte01
117174,klutc101,kluttcl01
117173,klutm101,kluttmi01
117175,kmakj001,kmakjo01
117176,knabo101,knabeot01
117177,knacb001,knackbr01
689017,knacl001,knackla01
595284,knapa001,knappan01
117178,knapc101,knappch01
561170,knapr801,
117179,knauc101,knaupco01
117180,knauf101,knausfr01
,knauj901,
608349,knebc001,knebeco01
663753,knehr001,knehrre01
117181,kneir101,kneisru01
117182,knelp101,knellph01
117184,knepb001,kneppbo01
117183,knepc101,kneppch01
117185,knerl101,knerrlo01
117186,knete101,knetzel01
117187,knica001,kniceal01
117188,knica101,knickau01
117189,knicb101,knickbi01
427285,knifc801,
150284,knigb001,knighbr01
427286,knigb901,
643400,knigd001,knighdu01
818592,knigd101,knighda01
117193,knigg101,knighge01
117195,knigj101,knighjo01
117194,knigj102,knighjo02
117192,knigj103,knighja01
117190,knigl101,knighlo01
117191,knigr001,knighra01
117196,knisp101,knisepe01
668800,kniza001,kniznan01
117197,knobc001,knoblch01
117198,knodm101,knodemi01
117199,knodr101,knodera01
430653,knoej001,knoedju01
117201,knolh101,knollhu01
117200,knolp101,knollpu01
117202,knoob101,knoopbo01
117203,knorr001,knorrra01
407482,knote001,knotter01
117205,knotf101,knothfr01
276352,knotg001,knottga01
117204,knotg101,knothge01
431160,knotj001,knottjo02
117207,knotj101,knottjo01
117206,knotj102,knottja01
117208,knoue101,knoufed01
117213,knowb101,knowlbi01
117210,knowd101,knowlda01
117211,knowj101,knowlji01
117209,knowj102,knowdja01
117212,knowt101,knowlto01
117214,knoxa101,knoxan01
117215,knoxc101,knoxcl01
117216,knoxj101,knoxjo01
605317,knudg001,knudsgu01
117217,knudk001,knudsku01
117218,knudm001,knudsma01
493131,kobam001,kobayma01
117219,koban101,kobacni01
571862,kobej001,koberje01
117220,kobek101,kobelke01
117221,kocha101,kochal01
150477,kochb001,kochbi01
117223,kochb101,kochebr01
117222,kochb102,kochba01
667428,kochg001,kochgr01
686799,kochj001,kochaja01
571863,kochm001,kochma01
117224,koecd101,koechdi01
117225,koegp101,koegepe01
117226,koehb101,koehlbe01
117227,koehp101,koehlpi01
543408,koeht001,koehlto01
117228,koelb001,koellbr01
,koenf801,
657649,koenj001,koenija01
117229,koenl101,koenele01
117230,koenm101,koenima01
117231,koenw101,koeniwi01
621259,koerb001,koernbr01
117232,koese101,koestel01
117233,kohlh101,kohlehe01
117234,kohlj101,kohlmjo01
332792,kohlr001,kohlmry01
670128,kohlt001,kohlwta01
543409,kohnm001,kohnmi01
117235,kokod101,kokosdi01
592473,kolaa001,kolarad01
276524,kolbb001,kolbbr01
150285,kolbd001,kolbda01
117236,kolbe101,kolbed01
117237,kolbg101,kolbga01
663568,koles001,kolekst01
117238,kolld101,kollodo01
827136,kollh101,
,kolll901,
656627,kolom001,kolozma01
117239,kolpr101,kolpra01
117241,kolsh101,kolstha01
117240,kolsk101,kolseka01
518900,komae001,komater01
407894,komis001,komiysa01
455005,komis002,kominsh01
117243,kommb001,kommibr01
117242,kommf101,kommefr01
117245,konee101,koneted01
117244,konep001,konerpa01
117247,konia101,konikal01
117246,konid101,koniedo01
117248,konnm101,konnimi01
117249,konob101,konopbr01
117250,konsj101,konstji01
502004,kontg001,kontoge01
117251,konud001,konusde01
435082,koo-d001,kooda01
117252,koobe101,koober01
117253,koonc101,kooncca01
425449,koong001,kooncgr01
117254,koonh101,koonsha01
117255,koosj001,koosmje01
117256,kopag101,kopacge01
656629,kopem001,kopecmi01
117258,kopfl101,kopfla01
117257,kopfw101,kopfwa01
117259,koplh101,kopliho01
407377,koplm001,koplomi01
117261,koppj101,koppejo01
117260,koppm101,koppme01
117262,kopsg101,kopshge01
117263,korcs101,korchst01
117264,korea101,koresar01
445090,koreb001,korecbo01
117265,korig101,koringe01
425655,koroj001,koronjo01
117266,korwj101,korwaji01
117267,kosca101,koscoan01
,koscg901,
117268,koshc101,koshocl01
459423,koshj001,koshajo01
117269,koskb101,koskibi01
136731,koskc001,koskico01
117270,kosld101,kosloda01
117271,koslk001,kosloke01
117272,kosmm101,kosmami01
683766,kossc001,kossch01
117275,kostf101,kostrfr01
117274,kostf102,kostefr01
117273,kostj101,kostajo01
425773,kotcc001,kotchca01
117276,kotsm001,kotsama01
435459,kottg001,kottage01
117277,koufs101,koufasa01
117278,koukj101,koukajo01
117279,koupl101,koupalo01
450260,kouzk001,kouzmke01
117280,kowaf101,kowalfa01
663804,kowaj001,kowarja01
117281,kowib001,kowitbr01
117282,koy-e101,koyer01
117283,kozaa101,kozaral01
420684,kozlb001,kozlobe01
431041,kozlh701,
518902,kozmp001,kozmape01
117284,kracj101,krachjo01
117285,kraej001,kraemjo01
117286,krafc101,kraftcl01
,krahg101,
117287,krakj101,krakajo01
117288,kralj101,kralija01
117289,krals101,kralyst01
117290,kramj101,krameja01
596012,kramk001,krameke01
117291,kramr001,kramera01
117292,kramt001,krameto01
117293,krane101,kraneed01
818589,kranf101,kransfl01
668820,kranm001,kranima01
492899,kranr801,
117294,krapg101,krappge01
,krast101,
456124,krate001,kratzer01
117296,krauc101,krausch01
117297,krauh101,krausha01
117295,krauj101,krausja01
117299,kraul101,krausle01
117298,kraul102,krausle02
571868,kraum001,krausma01
117301,kravd101,kravida01
667478,krave001,kraveev01
117300,kravk101,kraveke01
117302,krawr001,krawcra01
117303,kreef101,krieg01
117304,kreem101,kreevmi01
117305,krehc101,krehmch01
607216,krehj001,krehbjo01
117306,kreim101,kreitmi01
668952,kreir001,kreidry01
117307,kreir101,kreitra01
665152,kremd001,kremede01
117309,kremj001,kremeji01
117310,kremj101,kremmji01
117308,kremr101,kremera01
117311,krenw001,krencwa01
117312,kresc101,kressch01
117313,kresr101,kressre01
117314,kretl101,kretllo01
117316,kreuc001,kreutch01
117317,kreuf101,kreutfr01
117315,kreur101,kreugri01
117318,kricp101,krichpa01
117319,krieb101,kriegbi01
117320,kriek101,kriegku01
621139,krisb001,kriskbr01
117321,krish101,kristho01
670219,krisz001,kristza01
117322,krivr001,krivdri01
607249,krizj001,krizaja01
431042,krizt701,
117323,krocg101,krockgu01
430669,kroej001,kroegjo01
476127,kroez001,kroenza01
117324,krohr101,krohru01
117325,krolg101,krollga01
571871,kroli001,krolia01
492656,krolj801,krolja99
117326,kronj101,kronejo01
117327,kroom001,kroonma01
640454,kroom002,krookma01
117328,krsnm101,krsnimi01
117329,krsnr101,krsniro01
117332,krueb001,kruegbi01
117331,kruee101,krueger01
117330,krueo101,kruegot01
117338,kruga101,krugear01
117337,kruga102,krugeab01
117333,krugc101,krugch01
117334,krugg101,krugge01
117335,krugh101,krughe01
667674,krugj001,krugeja01
117336,krugm101,krugma01
117339,krukj001,krukjo01
117340,krukm001,krukomi01
117341,kruma101,krummal01
117342,kryhd101,kryhodi01
425858,krynd001,krynzda01
,kubar101,
136606,kubej001,kubenje01
430585,kubej002,kubelja01
117343,kubet101,kubekto01
117346,kubij101,kubisja01
605323,kubik001,kubitky01
117345,kubit001,kubinti01
117344,kubit101,kubiate01
117347,kubsg101,kubskgi01
117348,kucaj101,kucabjo01
117349,kucej101,kucekja01
117350,kuckj101,kucksjo01
117352,kuczb101,kuczybe01
117351,kuczs101,kuczest01
117353,kuehb101,kuehnbi01
492657,kuehk801,kuehlka99
117354,kuenh101,kuennha01
117355,kuhaf101,kuhaufr01
117356,kuhej101,kuheljo01
641771,kuhlc001,kuhlch01
117357,kuhnb101,kuhnbu01
117360,kuhnc101,kuhnsch01
669270,kuhnj001,kuhnejo01
117358,kuhnk101,kuhnke01
117359,kuhnw101,kuhnwa01
117361,kuipd001,kuipedu01
117362,kullj101,kulljo01
427292,kulpr901,
117363,kumem101,kumemi01
117365,kunkb101,kunkebi01
117364,kunkj001,kunkeje01
117366,kuntr001,kuntzru01
446333,kunze001,kunzed01
117367,kunze101,kunzea01
425539,kuo-h001,kuoho01
493133,kuroh001,kurodhi01
117368,kuror101,kurosry01
117369,kurow101,kurowwh01
117370,kurth101,kurtzha01
701762,kurtn001,kurtzni01
117371,kusee101,kuseled01
117372,kushe101,kushem01
117373,kusic101,kusiccr01
117374,kusna101,kusnyar01
117375,kustj101,kustuju01
117376,kutcr001,kutchra01
117377,kutij101,kutinjo01
117378,kutym101,kutynma01
117379,kutzj001,kutzlje01
506555,kuwam001,kuwatma01
117380,kuzab101,kuzavbo01
117381,kvasa101,kvasnal01
680757,kwans001,kwanst01
117382,kylea101,kylean01
818583,kylea102,
455563,kyles801,
117383,laabc101,laabsch01
430612,labaj001,labanjo01
818587,labew101,
117384,labic101,labincl01
117385,laboc101,laboyco01
607951,laboj001,labouja01
493867,laboj701,
117386,laceb001,laceybo01
818586,lacep101,laceype01
117390,lacha101,lachoal01
,lachb801,
117387,lachc101,lachaca01
117388,lachm101,lachema01
117389,lachr101,lachere01
407793,lackj001,lackejo01
818580,lacko101,lackeob01
117391,lacku101,lacke01
117394,lacof001,lacorfr01
117395,lacom001,lacosmi01
117393,lacop101,lacocpe01
117398,lacyg101,lacygu01
117396,lacyk001,lacyke01
117397,lacyl001,lacyle01
818582,lacyr101,lacyra01
117399,laddh101,laddhi01
117400,laddp001,laddpe01
117401,laded101,ladedo01
117402,lades101,ladewst01
502285,ladet001,ladenty01
607609,ladwa001,ladwiaj01
117403,lafaj101,lafatjo01
444836,laffa001,laffeaa01
117404,lafff101,laffefl01
117405,lafie101,lafited01
425526,lafop001,laforpe01
117406,lafot101,laforty01
489039,lafrb001,lafrobo01
117407,lafrr101,lafraro01
501571,lagaj001,lagarju01
117408,lagam001,lagami01
117409,lagge101,laggeed01
117410,lagrl101,lagrole01
613598,lagrp701,
445933,lahab001,lahaibr01
117411,lahoj101,lahoujo01
117412,lahtj001,lahtije01
,lai-b101,
621078,lailb001,lailbr01
477186,lairb001,lairdbr01
408042,lairg001,lairdge01
117413,lajed101,lajesdi01
117414,lajon101,lajoina01
624930,lajor701,
117419,lakea101,lakemal01
117415,lakee101,lakeed01
117416,lakef101,lakefr01
516809,lakej001,lakeju01
117417,lakej101,lakejo01
117418,lakes001,lakest01
117420,laket001,lakerti01
664042,lakit001,lakintr01
503351,lallb001,lallibl01
,lallb901,
117421,lalld101,lallyda01
117423,lamaa101,lamacal01
117427,lamab101,lamarbi01
818575,lamac101,lamarcl01
117426,lamaf101,lamanfr01
117424,lamah101,lamanfr02
818574,lamah102,lamarho01
117422,lamaj101,lamabja01
818572,lamaj102,lamarji01
534606,lamar001,lamarry01
117425,lamar101,lamanra01
117428,lamaw101,lamaswa01
518911,lamba001,lamboan01
461836,lambc001,lambech01
117432,lambc101,lambecl01
150138,lambd001,lambda01
117433,lambg101,lambege01
,lambh901,
571875,lambj001,lambja01
543424,lambj002,lambjo02
669424,lambj003,lambeji01
117429,lambj101,lambjo01
,lambj901,
117430,lambl101,lambly01
150286,lambm001,lambmi01
818573,lambn101,lambene01
117434,lambo101,lambeot01
663567,lambp001,lambepe01
117431,lambr101,lambra01
659275,lamed001,lametdi01
,lamee101,
117435,lamep101,lamerpe01
117436,lamlf101,lamlifr01
117438,lamob101,lamotbo01
117437,lamog101,lamonge01
,lamot801,
117439,lampd001,lampde01
117441,lamph101,lampehe01
,lampi901,
117440,lampk101,lampake01
117442,lampt001,lampkto01
117443,lanad101,lanahdi01
117445,lancg101,lancega01
117444,lancl001,lancale01
117446,lancr001,lanceri01
117462,landb001,landrbi01
117453,landb101,landibi01
818569,landb102,
117457,landc001,landrce01
117458,landd101,landrdo01
117452,landd102,landido01
117448,landd103,landdo01
117447,landg101,landgr01
117456,landh101,landrho01
117460,landj101,landrjo01
117459,landj102,landrje01
117451,landj103,landiji01
818563,landj104,
117454,landk001,landrke01
117449,landk101,landeke01
117455,landl101,landrla01
117450,landr001,landera01
,lands901,
117461,landt001,landrti01
818566,lanea101,laneal01
818567,laneb101,
117463,lanec101,lanech01
117467,laned101,lanedi01
,lanef901,
117465,laneh101,lanehu01
820799,lanei101,laneis01
407835,lanej001,laneja01
117464,lanej101,laneje01
818564,lanel101,lanele01
117466,lanem101,lanema01
117468,lanfs101,lanfosa01
117469,lanfw101,lanfrwa01
656638,langa001,langeal01
117479,langb101,langsbo01
117476,langb102,langebi01
117472,langc101,langch01
117475,langd101,langedi01
117470,langd102,langdo01
117473,lange101,langeer01
117474,langf101,langefr01
,langj901,
117480,langm001,langsma01
543426,langm002,langwma01
117471,langm101,langma01
117478,langr001,langfri01
407798,langr002,langery01
669127,langs001,langesh01
117477,langs101,langfsa01
818559,langu101,langr01
694671,langw001,langfwy01
,lanic901,
117481,lanih101,lanieha01
117482,lanim101,laniema01
117483,lanir101,lanieri01
818558,lanka101,
283039,lankf001,lankffr01
117484,lankr001,lankfra01
458709,lannj001,lannajo01
117485,lannj101,lannijo01
117486,lannr101,lannire01
117487,lannt101,lannito01
117488,lansc001,lansfca01
117490,lansg101,lansige01
117489,lansj101,lansfjo01
117491,lansm001,lansimi01
818561,lansw101,lansiwi01
818562,lante101,lantien01
493787,lantj701,
818556,lanup101,lanuzpe01
666659,lao-s001,laosa01
117493,lapap101,lapanpe01
117492,lapap102,lapalpa01
117494,lapia101,lapihan01
,lapir901,
117495,lapod001,lapoida01
117497,lapof101,laporfr01
453181,lapom001,laporma01
117496,lapor101,lapoira01
117498,lappj101,lappja01
691251,laraa001,laraan01
444312,laraj001,laraju01
282881,laray001,larayo01
460252,larij001,larisje01
117500,larka001,larkian01
117501,larkb001,larkiba01
117502,larke101,larkied01
117503,larkg001,larkige01
117505,larkh101,larkihe01
117499,larkn101,larkeno01
117506,larkp101,larkipa01
203718,larks001,larkist02
117507,larks101,larkist01
444515,larks801,
117504,larkt101,larkite01
137201,larku101,larki01
117508,larmb101,larmobo01
663616,larnt001,larnatr01
425560,laroa001,larocad01
451188,laroa002,larocan01
117509,larod101,larocda01
342992,larog001,larocgr01
117513,laroh101,larosha01
117511,laroj101,larosjo01
117510,laros101,laroqsa01
117512,larov101,larosvi01
276053,larsb001,larsobr01
117516,larsd101,larsoda01
117514,larsd102,larsedo01
677223,larsj001,larseja01
117515,larss101,larsesw01
150178,laruj001,larueja01
117517,larut101,larusto01
117518,larya101,laryal01
117519,laryf101,laryfr01
117520,laryl101,laryly01
117521,lashf101,lashefr01
117522,laskb001,laskebi01
117523,laslb101,laslebi01
686747,lasoj001,lasorjo01
117524,lasot101,lasorto01
117525,lassd101,lassedo01
600303,lastt001,lasteto01
117528,latha101,lathaar01
117529,lathb001,lathabi01
117531,lathb101,lathrbi01
117526,lathc001,lathach01
117530,lathc101,lathech01
117527,lathj101,lathaju01
117532,latit101,latimta01
818555,latiu101,latim02
117533,latmb101,latmaba01
502009,latom001,latosma01
117534,lattb101,lattibi01
818554,lattd101,lattidu01
656641,latzj001,latzja01
117535,lau-c101,lauch01
117536,laudb101,laudebi01
,laudb901,
117537,laudt001,laudnti01
117538,lauec101,lauerch01
641778,lauee001,lauerer01
117539,laugb101,laughbe01
818547,laurm101,lauremi01
657656,laurr001,laurera01
117540,lautb101,lautebi01
117541,lauzg101,lauzege01
,lauzj901,
681526,lavab001,lavasbr01
117542,lavac101,lavagco01
117544,lavad101,lavando01
117543,lavam001,lavalmi01
543432,lavar001,lavarry01
117545,laveg001,lavelga01
117546,lavej101,lavenji01
117547,lavia101,lavigar01
117548,lavij101,lavinjo01
571882,law-d001,lawde01
117550,law-r001,lawru01
117549,law-r101,lawro01
117551,law-v001,lawva01
117552,law-v101,lawve01
689520,lawec001,lawerco01
117553,lawig101,lawinga01
691783,lawlj001,lawlajo01
,lawlj901,
117555,lawlm101,lawlomi01
117554,lawlt001,lawleto01
400147,lawrb001,lawrebr02
543434,lawrb002,lawribr01
117559,lawrb101,lawrebi01
117558,lawrb102,lawrebo01
117556,lawrb103,lawrebr01
596271,lawrc001,lawreca01
150478,lawrj001,lawrejo01
664875,lawrj002,lawreju01
117557,lawrj101,lawreji01
117560,lawro101,lawryot01
136423,lawrs001,lawrese01
117562,lawsa101,lawsoal01
117563,lawsb101,lawsobo01
,lawsb901,
,lawsd801,
818550,lawsp101,lawsoph01
117561,lawsr101,lawsoro01
117564,lawss101,lawsost01
117565,lawtm001,lawtoma01
117566,lawtm002,lawtoma02
150423,laxtb001,laxtobr01
117567,laxtb101,laxtobi01
117568,layat001,layanti01
117569,laydg101,laydege01
117570,laydp101,laydope01
117572,laynh101,laynehi01
117571,laynh102,laynehe01
427299,laynj901,
518927,laynt001,layneto01
117573,laytl101,laytole01
818541,layto101,
818545,lazaa101,lazagag01
117574,lazad101,lazarda01
676661,lazam001,lazarma01
,lazar901,
117576,lazoj001,lazorja01
117575,lazoj101,lazorjo01
612272,lazor001,lazora01
117577,lazzt101,lazzeto01
117578,lea-c001,leach01
489052,leacb001,leachbr01
117579,leacf101,leachfr01
,leach901,
407379,leacj001,leachja01
117580,leacr001,leachri01
818544,leacr101,
117581,leact001,leachte01
117582,leact101,leachto01
492658,leadb801,leadlbo99
434181,leagb001,leagubr01
117583,leahd101,leahyda01
681517,leahk001,leahyky01
117584,leaht101,leahyto01
502190,leakm001,leakemi01
117585,leall001,leallu01
818540,leara101,
117588,learb101,leardbi01
117589,learf101,learyfr01
117587,learf102,learfr01
117591,learj101,learyjo01
117590,learj102,learyja01
117586,leark101,learki01
444677,learr801,
117592,leart001,learyti01
673929,leasj001,leasujo01
117593,leath101,leathha01
605333,leatj001,leathja01
117594,lebee101,leberem01
641779,leblc001,leblach01
818537,leblj101,leblajo01
453281,leblw001,leblawa01
492947,leboa801,
117595,lebob101,leboube01
203719,leclg101,laclage01
600917,leclj001,leclejo01
,leclu901,
150220,lecrm001,lecroma01
459967,lecus001,lecursa01
117596,ledbr101,ledbera01
117597,ledea001,ledesaa01
133342,leder001,ledeeri01
425656,ledew001,ledezwi01
117598,ledwm101,ledwimi01
657658,lee-b001,leebr01
686797,lee-b002,leebr02
117617,lee-b101,leebi03
117618,lee-b102,leebi01
117616,lee-b103,leebi02
117611,lee-b104,leebo01
150324,lee-c001,leeca01
150287,lee-c002,leeco01
424324,lee-c003,leecl02
547348,lee-c004,leech01
695445,lee-c005,leech02
117599,lee-c101,leecl01
117600,lee-d001,leede01
117601,lee-d002,leede02
150049,lee-d003,leeda01
493193,lee-d004,leeda02
669276,lee-d005,leedy01
117603,lee-d101,leedu01
117602,lee-d102,leedo01
681885,lee-e001,leeev01
117604,lee-h101,leeha01
808982,lee-j001,leeju01
663079,lee-j701,
666137,lee-k001,leekh01
686676,lee-k002,leeko01
117606,lee-l101,leele02
117605,lee-l102,leele01
117607,lee-m001,leema02
117609,lee-m002,leema03
117608,lee-m101,leema01
117610,lee-m102,leemi01
117612,lee-r101,leero01
275931,lee-s001,leesa01
818525,lee-s101,leesc01
117613,lee-t001,leete01
134162,lee-t002,leetr01
117615,lee-t101,leeth01
117614,lee-t102,leeto01
117619,lee-w101,leewa01
545346,lee-z001,leeza01
117620,leekg101,leekge01
117621,leepd001,leepeda01
489056,leesc001,leesmch01
117622,leesg101,leesge01
117623,leevs101,leevesa01
117627,lefea101,lefeval01
117626,lefeb101,lefebbi01
117625,lefej001,lefebjo01
117624,lefej101,lefebji01
117628,leffc001,leffecr01
117630,leflr101,lefloro01
117629,leflw101,leflewa01
117631,leftp001,leftwph01
117632,legel101,legetlo01
117633,leggg001,legggr01
,legrl101,
668984,leguc001,legumca01
,lehaj101,lehanja01
117634,leham101,lehanmi01
117636,lehej101,lehewji01
117635,leher101,lehenre01
446283,lehmd801,
117637,lehmk101,lehmake01
117638,lehnp101,lehnepa01
117639,lehrc101,lehrcl01
430680,lehrj001,lehrju01
117640,lehrn101,lehrno01
605335,leibb001,leibrbr01
117643,leibc001,leibrch01
117641,leibh101,leibeha01
117642,leibn101,leibone01
,leica801,
425484,leicj001,leicejo01
117644,leife101,leifeel01
117645,leifl101,leifile01
117646,leigj101,leighjo01
117647,leinb101,leinhbi01
117649,leipd001,leipeda01
117648,leipe101,leiped01
117650,leipj101,leipeja01
492502,leipt801,
117651,leisj001,leistjo01
117652,leita001,leiteal01
117654,leitb101,leithbi01
117656,leitd101,leitndu01
117655,leitd102,leitndo01
683004,leitj001,leiteja01
117653,leitm001,leitema01
643410,leitm002,leitema02
117657,leius001,leiussc01
117658,lejaf101,lejafr01
117659,lejel101,lejeula01
117660,lejod101,lejohdo01
117662,lelib101,lelivbi01
117661,lelij101,lelivja01
518934,lemad001,lemahdj01
117663,lemad101,lemanda01
117664,lemad102,lemasde01
117666,lemad103,lemaydi01
117665,lemaj001,lemasjo01
117667,lembs101,lembost01
117668,lemkm001,lemkema01
117671,lemob101,lemonbo01
117669,lemoc001,lemonch01
117672,lemod101,lemonda01
621082,lemoj001,lemoija01
117670,lemoj101,lemonji01
117673,lemom101,lemonma01
117674,lenhd101,lenhado01
117678,lennb101,lennobi01
117677,lennb102,lennobo01
117675,lenne101,lennoed02
117679,lenne102,lennoed01
117676,lennp001,lennopa01
117680,lentj101,lentiji01
544728,lentn901,
504186,leona001,leonar01
455376,leona002,leonar02
117686,leona101,leonaan01
818520,leonb101,leonabu99
818519,leonb102,leonabo01
818514,leonc101,
117687,leond001,leonade01
117681,leond002,leonda01
608678,leond003,leonedo01
117694,leond101,leonhda01
117690,leond102,leonadu01
117689,leond103,leonadu02
117688,leone101,leonael01
117682,leone102,leoned01
117683,leoni101,leoniz01
117691,leonj001,leonaje01
150459,leonj002,leonjo01
430658,leonj003,leoneju01
117692,leonj101,leonajo01
818521,leonj102,leonju01
,leonj901,
117693,leonm001,leonama01
117684,leonm101,leonma01
694175,leonp001,leonpe01
506702,leons001,leonsa01
117685,leonu101,leona01
818523,leonu102,leona03
117695,leopr101,leoporu01
117696,leovj101,leovijo01
117697,lepct101,lepcite01
117698,lepip101,lepinpe01
117700,leppd101,leppedo02
117699,leppd102,leppedo01
,leppt901,
117702,lercd101,lerchdu01
117703,lercg101,lerchge01
117701,lercr001,lerchra01
434679,lerea001,lerewan01
117704,leriw101,leriawa01
460092,leroc001,lerouch01
,leroi901,
117705,leroj001,leroyjo01
117706,lerol101,leroylo01
117707,lersb101,lerscba01
452722,lerus001,lerudst01
117708,leshb001,leshebr01
117709,leshd101,leshndo01
117710,leskc001,leskacu01
117711,leslb001,leslebr01
117712,leslr101,lesliro01
117713,lesls101,leslisa01
452657,lestj001,lestejo01
623507,lestj002,lestejo02
818518,lestu101,leste02
117714,letcc101,letchch01
117715,letct101,letchto01
427301,lettj801,
117716,leutu101,leutz01
427298,levad801,
117717,levaj101,levanje01
117719,leved101,leverdi01
117720,leveh101,leverho01
117721,levej101,leveyji01
,levej901,
117718,levew101,leverwa01
117722,levia001,levinal01
117723,levic101,levisch01
117724,levij001,levisje01
818517,levio101,levisos01
276368,levra001,levraal01
117725,levsd101,levsedu01
117726,levye101,levyed01
,levyl801,
117727,lewad101,lewalde01
117728,lewad102,lewanda01
592499,lewia001,lewicar01
117730,lewia101,lewisal01
818512,lewia102,lewisad02
117745,lewib101,lewisbi01
117744,lewib102,lewisbe01
117738,lewib103,lewisbu01
407890,lewic001,lewisco01
818511,lewic101,lewisch01
818513,lewic102,lewiscl01
117731,lewid001,lewisda01
117734,lewid101,lewisdu01
818508,lewie101,lewisea01
430930,lewif001,lewisfr02
117733,lewif101,lewisfr01
818509,lewif102,lewisfr03
818505,lewig101,
818504,lewig102,lewisga01
117735,lewij001,lewisji01
117736,lewij002,lewisji02
460029,lewij003,lewisje01
117737,lewij101,lewisja01
117739,lewij102,lewisjo01
820796,lewij103,lewisjo02
818507,lewij104,lewisji03
818499,lewij105,lewisjo03
641786,lewik001,lewisky01
117740,lewim001,lewisma01
818501,lewim101,lewismi01
117741,lewip101,lewisph01
117742,lewir001,lewisri01
451650,lewir002,lewisro01
668904,lewir003,lewisro02
818500,lewir101,lewisru01
117743,lewis001,lewissc01
460260,lewis002,lewissc02
117732,lewit101,lewiste01
117729,lewiu101,lewis01
117746,ley-t101,leyte01
642736,leybd001,leybado01
622490,leyer001,leyerro01
492447,leylj801,leylaji99
117747,leyrj001,leyriji01
492503,leyvn801,leyvani99
117748,lezcc101,lezcaca01
117749,lezcs001,lezcasi01
117750,libbs101,libbyst01
571893,libea001,liberad01
494624,libea701,
642451,libel001,liberlu01
669461,libem001,liberma01
117751,libka101,libkeal01
596805,libkj901,
117752,librf101,librafr01
117753,lickj101,lickejo01
499926,lidda001,liddial01
117754,liddd001,liddeda01
117755,liddd101,liddldo01
427302,lidds801,
400058,lidgb001,lidgebr01
117756,lidlc001,lidleco01
117757,liebd101,liebedu01
117761,liebg101,liebhgl01
117760,liebg102,liebhgl02
117758,liebj001,liebejo01
117759,liebm001,liebemi01
150325,liefj001,liefeje01
117762,liesf101,liesefr01
818496,lighc101,lightch01
572990,lighp001,lightpa01
818493,ligor101,ligonru01
117763,ligtk001,ligteke01
695734,liled001,lileda01
452121,lillb001,lillibr01
117768,lillb101,lillibo01
117765,lillb102,lillabi01
117767,lilld001,lillide01
117764,lillg101,lillage01
117766,lillj101,lilliji01
818494,lillj102,lillajo01
150404,lillt001,lillyte01
547939,lim-c001,limch01
117769,limaj001,limajo01
117770,limml101,limmelo01
521428,lin-c001,linch01
624407,lin-t001,lintz02
,linaj801,
117771,linar001,linarru01
818488,linar101,linarro01
494883,linar801,
453184,lincb001,lincobr01
117772,lince101,lincoez01
,lincf901,
150221,lincm001,lincomi01
453311,linct001,linceti01
452252,linda001,lindad01
117791,linda101,lindsax01
117790,lindb001,lindsbi02
117783,lindb101,lindebo01
117787,lindb102,lindsbi01
818492,lindb103,
117786,lindc101,lindsch01
117792,lindc102,lindsch02
117785,lindc103,lindqca01
117773,lindc104,lindca01
818489,lindc105,lindscl01
117789,lindd001,lindsdo01
,lindd801,
117782,linde101,lindeer01
117777,linde102,lindbem01
596019,lindf001,lindofr01
117793,lindf101,lindsfr01
,lindh101,
117781,lindj001,lindeji01
117775,lindj002,lindjo01
439664,lindj003,lindsjo01
458676,lindj004,lindbjo01
605338,lindj005,lindgja01
689167,lindj006,lindgje01
117780,lindj101,lindejo01
117788,lindj102,lindsji01
117774,lindj103,lindja01
117779,lindl101,lindely01
818487,lindl102,lindsle01
434637,lindm001,lindsma01
117778,lindp101,lindbpa01
341235,lindr001,lindsro01
818483,lindr101,lindsro02
469834,linds001,lindssh01
425821,lindt001,lindeto01
117776,lindv101,lindavi01
117784,lindw101,lindewa01
818491,lindw102,lindewi01
818486,lindw103,lindswi02
117794,lined101,linesdi01
276530,lines001,linebsc01
117795,linhc101,linhaca01
150168,linic001,liniaco01
117797,linke101,linkeed01
117796,linkf101,linkfr01
456899,linkj001,linkjo01
,linsj901,
117799,lintb101,lintobo01
117800,lintd001,lintodo01
117801,lintl101,lintzla01
117798,lintr101,lintro01
117803,linzf101,linzyfr01
117802,linzp101,linzph01
686531,lipca001,lipcian01
117804,lipea101,lipetan01
117805,lipoj101,liponjo01
117806,lippt101,lippto01
117808,lipsb101,lipskbo01
818478,lipsh101,lipsehe01
117807,lipsn101,lipscni01
702358,lipst001,lipsctr01
117809,liraf001,lirafe01
434538,lirif001,liriafr01
117810,lirin001,liriane01
425538,lirip001,liriape01
542642,lirir001,liriary01
117811,lis-j101,lisjo01
818480,lisbm101,lisbymo01
117812,liseh101,lisenho01
117813,lisir101,lisiri01
117814,liska101,liskaad01
511136,lissr701,
818481,listn101,listano01
117815,listp001,listapa01
117816,listp101,listepe01
446209,litsj001,litscje01
117821,littb001,littlbr01
663893,littb002,littlbr02
818476,littb101,littlbe01
117825,littc101,littlca01
117826,littd101,littlde01
117824,littd102,littldi01
818477,litte101,littlea01
117828,littg001,littogr01
427305,littg801,littlgr99
117820,litth101,littlha01
669193,littj001,littlja02
117819,littj101,littlje01
117823,littj102,littljo01
117822,littj103,littlja01
117829,littj104,littrja01
681432,littl001,littllu01
117827,littl101,littlla01
150458,littm001,littlma01
117817,littm101,littema01
117818,litts001,littlsc01
452725,littw001,littlwe01
504381,littw901,
641793,littz001,litteza01
117830,litwd101,litwhda01
594902,liveb001,livelbe01
117831,liveb101,livelbu01
117832,livej101,livelja01
531112,livej801,
575629,lives901,
117833,livew101,livenwe01
455751,livib001,livinbo01
117836,livij101,livinja01
818475,livil101,livinld01
117835,livim101,livinmi01
117834,livip101,livinpa01
117837,livis001,livinsc01
467785,liz-r001,lizra01
117838,lizoa101,lizotab01
117839,llenw101,llenawi01
117840,llewc101,llewecl01
661440,llovm001,llovema01
117841,lloyg001,lloydgr01
818471,lloyj101,lloydjo99
643414,lloyk001,lloydky01
818469,llubg101,
547568,lo--c001,loch02
117842,loaie001,loaizes01
642528,loaij001,loaisjo01
117844,loanb101,loanebo01
117843,loanm101,loanmi01
446653,lobaj001,lobatjo01
,lobeb801,
117845,lobef101,loberfr01
117846,lobeh101,loberha01
543456,lobsk001,lobstky01
641796,locat001,locasti01
117847,lochh101,lochhha01
818465,locka101,lockhaj01
663604,lockb001,lockrbr01
117850,lockb101,lockebo01
117853,lockb102,lockebo02
117849,lockc101,lockech01
818466,lockc102,lockecl01
117848,lockd101,lockdo01
818467,locke101,lockeed01
117855,lockg101,locklge01
818463,lockh101,lockhhu01
502046,lockj001,lockeje01
818460,lockj101,lockmja01
117854,lockk001,lockhke01
818462,lockl101,lockele01
117859,lockm101,lockwmi01
117851,lockm102,lockema01
,lockm901,
117852,lockr101,lockero01
117858,locks101,lockwsk01
117856,locks102,locklst01
682988,lockt001,locklty01
818461,locku101,lockh02
621141,lockw001,lockewa01
117857,lockw101,lockmwh01
117860,lodid101,lodigda01
666157,lodon001,lodolni01
134001,lodup001,loducpa01
434180,loe-k001,loeka01
,loebj901,
117861,loepg101,loeppge01
117862,loesb101,loesbi01
429400,loewa001,loewead01
133780,loewc001,loeweca01
117865,loftd101,loftudi01
117864,loftf101,loftufr01
407580,loftj001,loftoja01
117863,loftk001,loftoke01
679845,loftn001,loftini01
117866,loftt101,loftuto01
457429,logab001,loganbo02
117868,logab101,loganbo01
818458,logac101,loganco01
117867,logaj101,loganjo01
425497,logan001,loganno01
820793,logan101,loganni01
656657,loguz001,logueza01
117869,lohmp101,lohmape01
117872,lohrb101,lohrmbi01
117870,lohrh101,lohrho01
117871,lohrj101,lohrkja01
346798,lohsk001,lohseky01
117873,loisa101,loisal01
117874,loisr001,loiseri01
117875,lolim101,lolicmi01
117876,lolir101,lolicro01
818459,lollj101,
484493,lollm901,
489067,lollr001,lolliry01
117877,lolls101,lollash01
117878,lollt001,lollati01
117879,lomad001,lomando01
206565,lomas001,lomasst01
117880,lombe101,lombaer01
136601,lombg001,lombage01
117883,lombl101,lombalo01
117881,lombp001,lombaph01
117884,lombs001,lombast01
543459,lombs002,lombast02
117882,lombv101,lombavi01
117885,lomok001,lomonke01
117886,lonbj101,lonboji01
425766,lonej001,loneyja01
117887,lonew101,lonerwa01
818444,longa101,longwal01
117898,longb001,longbo01
117902,longb002,longbi01
818455,longb101,longebe01
,longb901,
,longb902,
,longc101,
800116,longc801,
117897,longd101,longda02
117889,longd102,longda01
534229,longd801,
446334,longe001,longoev01
818451,longe101,longem01
818450,longe102,longea01
818453,longf101,longfr01
117890,longh101,longhe01
117894,longj001,longjo01
117893,longj101,longje01
117892,longj102,longji01
117891,longj103,longji02
438989,longk801,
117895,longl101,longle01
117899,longr001,longry01
117896,longr101,longre01
818445,longr102,longlre01
643418,longs001,longsh01
669674,longs002,longsa01
117903,longt001,longmto01
150239,longt002,longte01
117901,longt101,longto02
117900,longt102,longto01
117888,longu101,long01
117904,lonnj101,lonnejo01
117905,lookb101,lookbr01
117906,lookd101,lookde01
117907,loonb001,loonebr01
818448,loonc101,loonech01
425475,loopa001,loopeaa01
131702,loopb001,loopebr01
117908,loosp101,loospe01
117911,lopaa101,lopatar01
117909,lopae101,lopated01
117910,lopas101,lopatst01
117916,lopea001,lopezau01
117913,lopea002,lopezal02
425658,lopea003,lopezaq01
445995,lopea004,lopezar02
664670,lopea005,lopezal03
117915,lopea101,lopezar01
117914,lopea102,lopezal01
818443,lopea103,lopezar03
547173,lopec001,lopesch01
117917,lopec101,lopezca01
818441,lopec102,lopezca02
117912,loped001,lopesda01
150479,lopef001,lopezfe01
117918,lopeh101,lopezhe01
676761,lopei001,lopezir01
117919,lopej001,lopezja01
425657,lopej002,lopezja02
430946,lopej003,lopezjo01
605347,lopej004,lopezjo02
605346,lopej005,lopezja03
673111,lopej006,lopezjo04
682052,lopej007,lopezja04
694388,lopej008,loperjo01
818438,lopej101,lopezjo03
,lopej801,
117921,lopel001,lopezlu01
117922,lopel002,lopezlu02
285132,lopel003,lopezlu03
133741,lopem001,lopezme01
214950,lopem002,lopezmi01
117923,lopem101,lopezma01
670032,lopen001,lopezni01
672640,lopeo001,lopezot01
463936,lopeo801,
434601,lopep001,lopezpe01
641154,lopep002,lopezpa01
150438,loper001,lopezro02
607257,loper002,lopezra02
625643,loper003,lopezre01
117920,loper101,lopezra01
818429,loper102,lopezra03
621005,lopet001,lopesti01
446641,lopew001,lopezwi01
661255,lopey001,lopezyo01
695418,lordb001,lordbr02
117924,lordb101,lordbr01
117926,lordc101,lordca01
117925,lordh101,lordha01
818427,lorej101,lorenje01
117927,lorel101,lorenle01
117928,lorem001,loretma01
547179,lorem002,lorenmi01
117929,lorra001,lorraan01
,lospp901,
818424,lotth101,lottho01
818425,lottr101,lottra01
117930,lotzj101,lotzjo01
117931,loucs001,loucksc01
117932,louda101,loudear01
117933,loudb101,loudeba01
117934,loudc101,loudech01
818418,loudl101,loudelo01
117937,lougb101,loughbi01
518953,lougd001,loughda01
117935,lougl101,loughla01
117936,lougu101,lough01
,lougw901,
117938,lound101,loundo01
571901,loupa001,loupaa01
702795,loutr001,loutory01
400076,louxs001,louxsh01
818422,lovea101,lovean01
117943,lovej101,lovetjo01
,lovej901,
117944,lovel101,lovetle01
117942,lovel102,lovenly01
117945,lovem101,lovetme01
663992,lover001,lovelri01
117939,loves101,lovesl01
117940,lovet101,lovelto01
117946,lovet102,lovetto01
117941,lovev001,lovelva01
117947,lovij101,lovigja01
117948,lovij102,lovitjo01
117949,lovrp101,lovripe01
117950,lovut001,lovulto01
117951,low-f101,lowfl01
117952,lowdg101,lowdegr01
117953,lowdl101,lowdelo01
695076,lowdr001,lowderh01
664040,loweb001,lowebr01
117959,loweb101,lowebo01
117954,lowec101,lowech01
117955,lowed001,lowede01
434587,lowed002,lowerde01
117958,lowed101,lowedi01
117956,loweg101,lowege01
117960,lowej001,lowenjo01
666139,lowej002,lowejo01
,lowej901,
818421,lowek110,loweki01
136780,lowem001,lowelmi01
450275,lowem002,lowema01
663993,lowen001,lowena01
562033,loweq801,
117957,lowes001,lowese01
117961,lowet001,lowerte01
818416,loweu101,lowel02
117962,lownt101,lowntu01
117964,lowrd001,lowrydw01
476704,lowrj001,lowrije01
117965,lowrj101,lowryjo01
,lowrm801,
430161,lowrn001,lowryno01
117963,lowrp101,lowrepe01
117966,lowrs101,lowrysa01
675912,lowtz001,lowthza01
117967,loynm001,loyndmi01
117968,lozaw001,lozadwi01
117969,lubrs101,lubrast01
117970,lubyh101,lubyha01
117971,lubyp101,lubypa01
448296,lucae001,lucased01
687922,lucae002,lucasea01
117974,lucaf101,lucasfr01
117975,lucag001,lucasga01
572998,lucaj001,lucasjo02
117976,lucaj101,lucasjo01
117972,lucaj102,lucadjo01
818408,lucam101,lucasmi01
117977,lucar101,lucasra01
117973,lucar102,lucasre01
492660,luccf801,lucchfr99
664192,luccj001,lucchjo01
117978,lucef101,lucefr01
117979,lucej101,luceyjo01
117980,lucic101,lucidco01
672773,lucie001,luciael01
,lucij101,
117981,lucil101,lucielo01
682617,lucim001,luciama01
,lucir901,
518960,lucrj001,lucrojo01
455113,lucyd001,lucydo01
117982,ludef101,luderfr01
117983,ludow101,ludolwi01
117985,ludwb101,ludwibi01
117984,ludwe001,ludwier01
407886,ludwr001,ludwiry01
458537,luebc001,luebkco01
117989,luebd101,luebkdi01
117988,luebl001,luebbla01
117986,luebr101,luebbro01
117987,luebs101,luebbst01
117990,luecr001,lueckri01
518961,luekj001,luekejo01
476595,luetl001,luetglu01
117991,luffh101,luffhe01
608475,lugod001,lugoda01
150061,lugoj001,lugoju01
683090,lugom001,lugoma01
117992,lugor001,lugour01
425843,lugor002,lugoru01
607625,lugos001,lugose01
,luhrt901,
117993,luhrw101,luhrswi01
400081,lukam001,lukasma01
117994,lukar001,lukacro01
117996,lukea101,lukenal01
,luked901,
117995,lukem001,lukema01
664770,luken001,lukesna01
117997,lukoe101,lukoned01
117998,lum-m101,lummi01
117999,lumer101,lumenra01
118000,lumlh101,lumleha01
118001,lumpj101,lumpeje01
150298,lunaf001,lunarfe01
425659,lunah001,lunahe01
118002,lunam101,luname01
118006,lundc101,lundgca01
150326,lundd001,lundqda01
118007,lundd101,lundgde01
118003,lundd102,lunddo01
818403,lundd103,lundydi01
118004,lundg101,lundgo01
118005,lundj101,lundbja01
,lundr801,
118008,lundt101,lundsto01
408064,lunst001,lunsftr01
118009,lunth101,lunteha01
118010,lupit101,lupieto01
118011,lupla101,luploal01
656669,luplj001,luplojo01
,lupoc901,
118012,luqud101,luquedo01
118013,lusas001,lusadsc01
118016,lushb101,lushbi01
118014,lushe101,lusher01
118015,lushj101,lushjo01
,lushm901,
118017,luskc101,luskech01
118018,lutel101,lutenlu01
118019,luttl101,luttrly01
544371,lutzd001,lutzdo01
118021,lutzj101,lutzjo01
118022,lutzr101,lutzkru01
118020,lutzr102,lutzre01
518963,lutzz001,lutzza01
150007,luulk001,luuloke01
666158,lux-g001,luxga01
666200,luzaj001,luzarje01
118023,luzig001,luzingr01
118024,lydem001,lydenmi01
118025,lydys001,lydysc01
543475,lylej001,lylesjo01
118027,lylej101,lyleji01
818400,lylej102,lylesjo02
118026,lyles101,lylesp01
118028,lynca101,lynchad01
663738,lyncd001,lynchda02
118033,lyncd101,lynchda01
118029,lynce001,lynched01
118031,lynch101,lynchhe01
118032,lyncj101,lynchja01
118030,lyncj102,lynchje01
818401,lyncj103,lynchja02
118035,lyncm101,lynchmi02
118034,lyncm102,lynchmi01
118036,lynct101,lynchto01
118037,lynct102,lynchto02
,lynct901,
118038,lyncw101,lynchwa01
118039,lynnb101,lynnby01
818399,lynnb102,lynnbi01
118040,lynnf001,lynnfr01
118042,lynnj101,lynnje01
458681,lynnl001,lynnla01
118041,lynnr101,lynnre01
118044,lyona101,lyonsal01
118057,lyonb001,lyonsbi01
118045,lyonb002,lyonsba01
407193,lyonb003,lyonbr01
818395,lyonb101,
118046,lyonc001,lyonscu01
118047,lyond101,lyonsde01
118048,lyone101,lyonsed01
118049,lyong101,lyonsge01
818397,lyong102,lyonsgr01
118051,lyonh101,lyonshe01
118050,lyonh102,lyonsha01
818392,lyonj101,lyonsji01
118052,lyonp101,lyonspa01
118043,lyonr101,lyonru01
118053,lyons001,lyonsst01
544928,lyont001,lyonsty01
118056,lyont101,lyonsto01
118055,lyont102,lyonste01
118054,lyont103,lyonste02
818396,lyonu101,lyons03
118058,lysar001,lysanri01
431043,lysos701,
118059,lystb101,lystobi01
,lystj101,
118060,lytld101,lytleda01
118061,lyttj101,lyttlji01
118062,maasd101,maasdu01
118063,maask001,maaske01
,mabbf901,
118064,mabeb101,mabebo01
430834,mabec001,mabeuch01
118065,mabrj001,mabryjo01
118066,macam101,macarma01
118067,maccf101,maccofr01
118070,macdb101,macdobi01
118068,macdh101,macdoha01
213680,macdm001,macdomi01
118069,macdr001,macdoro01
,macdt901,
118071,macej101,maceji01
118072,maceu101,macey01
118074,macfd101,macfada01
118073,macfm001,macfami01
118075,macge101,macgaed01
407785,macha001,machaan01
425472,macha002,machaal01
600921,macha003,machaan02
118080,machc101,machech01
553988,machd001,machadi01
118081,machd101,macheda01
118078,machj001,machaju01
466948,machj002,machije01
118076,machk101,machake01
592518,machm001,machama01
118077,machm101,machami01
118079,machr001,macharo01
605353,machv001,machivi01
445928,macid001,maciadr01
543478,macid801,
150197,macij001,maciajo01
656671,macij002,maciejo01
680862,maciw001,macivwi01
623945,macka901,
118092,mackb101,mackbi01
818393,mackb102,mackebi99
118082,mackc101,mackco01
676950,mackd001,mackida01
118083,mackd101,mackde01
118084,macke101,mackea01
118094,macke102,mackeer01
118085,mackf101,mackfr01
118097,mackf102,mackife01
118095,mackg101,mackego01
818391,mackg102,mackge01
118086,mackj101,mackjo01
118098,mackj102,mackijo01
,mackj901,
118096,mackk101,mackeke01
118093,mackp101,mackape01
818390,mackp102,
118088,mackq001,mackqu01
406670,mackr001,mackoro01
118089,mackr101,mackra01
118087,mackr102,mackre01
118090,macks001,macksh01
118099,macks101,mackost01
118091,mackt001,mackto01
118100,maclb101,maclebi01
449774,macle001,maclaev01
118101,macll001,maclilo01
118102,macom101,maconma01
433437,macom701,
118104,macph101,macphha01
118103,macpw101,macphwa01
459425,macrm001,macrima01
407133,macrs001,macrasc01
118105,macuj101,maculji01
118106,macwk101,macwhke01
545348,madda001,maddoau01
118113,maddb101,maddebu01
118115,maddc101,maddecl01
,maddc901,
118116,madde101,maddoel01
118108,maddf101,maddefr01
818387,maddf102,
118117,maddg001,maddoga01
118120,maddg002,maddugr01
118107,maddg101,maddege01
118118,maddj101,maddoje01
427309,maddj801,maddojo99
118111,maddk101,maddeki01
118109,maddl101,maddele01
118110,maddm001,maddemi01
118121,maddm002,maddumi01
118112,maddm003,maddemo01
118119,maddn101,maddoni01
632813,maddp701,
680744,maddt001,maddety01
118114,maddt101,maddeto01
650347,madel001,maderlu01
118123,madia101,madisar01
818384,madib101,madisbo01
118125,madid101,madisda01
118124,madis001,madissc01
118122,madit101,madigto01
118126,madje101,madjeed01
118127,madlb001,madlobi01
118128,madra001,madrial01
425476,madrb001,madribo01
676632,madrb002,madribl01
663611,madrn001,madrini01
118129,madrs101,madrisa01
444127,madrw001,madriwa01
425492,madsr001,madsory01
118130,maduc001,madurca01
628317,maedk001,maedake01
118131,maesh101,maesthe01
680379,maffj701,
492505,magab801,
118132,magad001,magadda01
118133,magae001,magalev01
118137,mageb101,mageebi01
,mageg901,
118134,magel101,mageele01
118135,mages101,mageesh01
118136,magew001,mageewe01
543482,maggd001,maggidr01
118139,maggh101,maggeha02
118138,maggh102,maggeha01
,magij901,
543483,magim001,magilma01
118140,magls101,maglisa01
571911,magnd001,magnida01
118144,magnj101,magnuji01
118143,magnj102,magnejo01
118141,magnm001,magnami01
118142,magns101,magnest01
518972,magnt001,magnutr01
118145,magog101,magooge01
285072,magrc001,magruch01
118146,magrj001,magrajo01
818386,magrj101,
503054,magrj701,
118148,magrp101,magripe01
118147,magrt001,magrato01
118149,maguf101,maguifr01
118150,maguj101,maguija01
118155,mahaa101,mahanar01
118152,mahaa102,mahafar01
118157,mahab101,maharbi01
118156,mahaf101,maharfr01
118151,mahaj101,mahadji01
458917,mahak001,maharke01
118154,mahal101,mahaflo01
118158,mahar001,mahayro01
118153,mahar101,mahafro01
,maheb901,
118159,mahet101,maherto01
657670,mahlg001,mahlegr01
118160,mahlg101,mahlbgr01
118161,mahlm001,mahlemi01
118162,mahlr001,mahleri01
641816,mahlt001,mahlety01
118164,mahoa101,mahonal01
818376,mahoa102,mahonan01
118170,mahob101,mahonbo01
118165,mahoc101,mahonch01
118167,mahod101,mahonda02
118166,mahod102,mahonda01
518977,mahoj001,mahonjo01
118169,mahoj101,mahonji01
150299,mahom001,mahonmi02
118168,mahom101,mahonmi01
,mahom901,
118163,mahop001,mahompa01
430904,mahop002,maholpa01
818377,mahou101,mahonul01
521051,mahrn901,
543484,mahtm001,mahtomi01
118171,maieb101,maierbo01
430574,maiem001,maiermi01
118172,maile101,mailhem01
571912,maill001,mailelu01
118173,mailw101,mailsdu01
118175,maina101,mainal01
429720,mainj001,mainejo01
118176,mainj101,mainsji01
453186,mains001,mainesc01
118177,mainw101,mainswi01
118174,mainw102,mainwo01
342192,mairo001,maireos01
118178,maisc101,maisech01
118179,maisf101,maisefr01
118180,maisg101,maisege01
400008,majeg001,majewga01
118181,majeh101,majesha01
433583,majev001,majewva01
,majtr801,
818380,makew101,makelwi01
628318,makik001,makitka01
,makip801,
118182,makof101,makosfr01
118183,makot101,makowto01
118184,maksm001,maksumi01
118186,malab101,malarbi01
118188,malac101,malaych01
818378,malad101,malarda01
118187,malaj001,malavjo01
118189,malaj101,malayjo01
118185,malaj102,malarjo01
429821,malam001,malasma01
492506,malao801,
818373,malcu101,malco01
687424,malda001,maldoan01
118190,maldc001,maldoca01
118191,maldc002,maldoca02
430961,maldc003,maldoca03
455117,maldm001,maldoma01
118192,malej101,malerji01
118194,malic101,maliscy01
118193,malit101,malinto01
118195,malkb101,malkmbo01
570881,malkj701,
118204,malla101,malloal01
118207,mallb001,mallobo02
407850,mallb002,mallebr01
118200,mallb101,mallobe01
118206,mallb102,mallobo01
118205,mallh101,mallohe01
669234,mallj001,malloju02
118202,mallj101,malloji01
118201,mallj102,malloju01
118196,mallj103,malleje01
437272,mallj801,
118199,malll101,mallole01
150300,mallm001,malloma01
118197,mallm101,mallema01
118198,mallr001,malliro01
118203,malls101,mallosh01
118208,malmh101,malmbha01
118220,malob101,malonbi01
118209,maloc001,malonch02
118215,maloc101,malonch01
492507,maloc801,
118210,maloe101,maloned01
118211,malof101,malonfe01
,malog901,
118217,maloj101,malonjo01
118216,maloj102,malonji01
562235,maloj801,
,maloj901,
118212,malol101,malonle01
476011,malom001,malonma02
118213,malom101,malonma01
118221,malop101,maloypa01
118218,malop102,malonpa01
118214,malop103,malonpa02
118219,malos001,malonse01
,malou901,
118222,maltg101,maltzgo01
118223,malzf101,malzofr01
118224,mamaa101,mamaual01
640455,manas001,manaese01
118226,mancf101,mancufr01
118225,mancg101,mancugu01
641820,manct001,mancitr01
118227,mandc101,mandaca01
118228,mandh101,mandeha01
818370,manec101,manelcl01
595307,manes001,manesse01
118230,manga101,manguan01
118233,mangg101,manguge01
663968,mangj001,manguja01
118229,mangj101,mangaji01
118232,mangl101,mangule01
518980,mangm001,mangima01
118231,mangp101,mangupe01
818366,mangu101,mangr01
118234,manic101,maniocl01
118235,mankp101,mankoph01
118236,manlc101,manloch01
,manna901,
448167,mannb001,mannbr01
425899,mannc001,mannich01
425857,mannd001,mannida01
118249,mannd101,mannodo01
118242,manne101,mannier01
118238,mannf101,mannfr01
818365,mannf102,mannife01
118237,manng101,mannga01
276509,mannj001,mannji01
118245,mannj101,mannija01
118244,mannj102,manniji01
118243,mannj103,manniji02
118239,mannj104,mannjo01
818361,mannj105,
118240,mannk001,mannke01
118241,mannl101,mannle01
666159,mannm001,mannima02
818363,mannm101,mannima01
118246,mannr001,manniri01
118248,mannr101,manniru01
118247,mannt101,manniti01
,mannt901,
666201,manoa001,manoaal01
408249,manoj001,manonju01
118250,manor001,manonra01
118251,manrf001,manrifr01
434458,mansd801,
453249,mansj001,manshje01
118252,mansj101,mansejo01
118255,mansl101,mansklo01
118253,mansm101,mansemi01
118254,manst101,manseto01
489081,manst801,mansoto99
118257,mantf101,mantife01
118259,mantj001,mantoje01
573009,mantj002,mantijo01
118256,mantm001,mantema01
118258,mantm101,mantlmi01
818362,mantu101,
118260,manub001,manueba01
118261,manuc101,manuech01
118264,manuf101,manusfr01
118265,manuh101,manushe01
118262,manuj101,manueje01
118263,manum101,manuemo01
490008,manur001,manuero01
118266,manvd101,manvidi01
118267,manwk001,manwaki01
818360,manzh101,
118268,manzj001,manzajo01
700932,manzk001,manzaky01
118269,manzr001,manzara01
446373,manzt001,manzeto01
118271,mapec101,mapescl01
118270,maper101,mapelro01
,maplb901,
596027,mapld001,mapledi01
118272,maplh101,mapleho01
118273,mappg101,mappege01
,mappr101,
118275,marag101,marange01
118274,marap001,marakpa01
118276,marar101,maranra01
118277,marbf101,marbefi01
118278,marbw101,marbewa01
118280,marcj101,marcujo01
818364,marco101,marceol01
118279,marcp101,marchph01
665561,marcr001,marchra01
451788,marcs001,marcush01
672779,marct001,marcatu01
818359,marcz101,marcezi01
118281,marel101,marenle01
118282,margj101,margojo01
622534,margm001,margoma01
676606,margn001,margeni01
118284,marid101,marioda01
501697,marij001,marinjh01
545350,marij002,marisja01
118283,marij101,maricju01
,marij901,
592527,marim001,mariomi01
118286,marim101,marioma01
599909,mario801,
676760,marir001,marinro01
118287,marir101,marisro01
118285,marir102,mariore01
516970,maris001,marimsu01
605357,marjm001,marjami01
118290,markc101,marklcl01
118288,markd101,markedu01
818355,markd102,markhdu01
118289,markg101,marklge01
476123,markj001,marksju01
818356,markj101,markhjo01
621408,markm001,marksma01
455976,markn001,markani01
571917,markp001,markepa01
687799,marlc001,marloca01
118291,marld101,marlodi01
818354,marlj101,
461791,marmc001,marmoca01
592530,marmj001,marmojo01
458538,marmo801,marmool99
118292,marnh101,marniha01
525908,marod701,
,maroe101,
118293,marof101,marolfr01
118294,marol101,maronlo01
400077,marom001,marotmi01
543488,maron001,maronni01
427315,marqa901,
666622,marqb001,marqubr01
118301,marqb101,marqubo01
608566,marqg001,marquge01
118297,marqg101,marqugo01
118298,marqi001,marquis01
150302,marqj001,marquja01
457812,marqj002,marquje01
118300,marqj101,marquji01
118299,marql101,marqulu01
118296,marqo101,marquol01
118302,marqr101,marquro01
118295,marqr102,marquru01
118308,marrb101,marrobu01
502029,marrc001,marrech01
118304,marrc101,marreco01
461842,marrc801,
571918,marrd001,marrede01
118305,marre001,marreel01
118303,marrl101,marrle01
118306,marro001,marreor01
118307,marrw101,marriwi01
679525,marsa001,marshal01
118310,marsa101,marsaar01
543493,marsb001,marshbr01
669016,marsb002,marshbr02
118325,marsb101,marshbi01
818343,marsb102,
118314,marsc101,marshcu01
118313,marsc102,marshch01
118315,marsd101,marshda01
118326,marsd102,marshdo01
605359,marse001,marshev01
118316,marse101,marshdo02
118309,marse102,marsed01
118311,marsf101,marshfr01
457444,marsj001,marshja01
805300,marsj002,marseja01
118323,marsj101,marshji01
118317,marsj102,marshjo01
818346,marsj103,marshja02
818348,marsj104,marshja03
118318,marsk101,marshke01
453974,marsl001,marsolo01
118319,marsm001,marshmi02
118320,marsm101,marshmi01
118321,marsm102,marshma01
118322,marsr101,marshru01
427316,marsr901,
430564,marss001,marsosa01
445156,marss002,marshse01
118312,marst001,marshto01
818349,marsu101,marsh04
818352,marsu102,marsh03
,marsu901,
118324,marsw101,marshwi01
118329,marta001,martial03
118359,marta002,martisa01
407823,marta003,martian01
429708,marta004,martean01
501245,marta005,marteal01
661309,marta006,martiad01
668885,marta007,martiau01
682657,marta008,martian02
118358,marta101,martial02
118328,marta102,martial01
118369,martb001,martibu01
656685,martb002,martibr01
118333,martb101,martiba01
118386,martb102,martybo01
118356,martb103,martibi01
118332,martb104,martiba02
118330,martb105,martibi02
,martb901,
118361,martc001,martica01
118360,martc002,martica02
118379,martc003,martich01
465593,martc004,martica03
450852,martc005,marticr01
593372,martc006,martica04
455119,martc007,martich02
592533,martc008,martico01
656686,martc009,martico02
818339,martc101,marticl01
118371,martd001,martide01
118363,martd002,martida01
118364,martd003,martido02
150122,martd004,marteda01
451075,martd005,martida02
663436,martd006,martida03
118338,martd101,martido01
118327,martd102,martedo01
118365,marte001,martied01
543495,marte002,martiet01
440009,marte801,
118366,martf001,martife01
494686,martf002,martife02
642564,martf003,martefr01
118337,martf101,martifr02
118336,martf102,martifr01
818336,martf103,martife03
818324,martf104,
132960,martg001,martigr01
118354,martg101,martige01
118387,martg102,martzga01
818325,martg103,
446170,martg801,
118339,marth101,martihe01
118380,marth102,martihe02
118340,martj001,martije01
118372,martj002,martijo06
131660,martj003,martija02
458155,martj004,martijo07
455605,martj005,martijd01
502110,martj006,martijd02
527043,martj007,marteje01
500874,martj008,martijo08
641829,martj009,martija03
665896,martj010,martejo01
679885,martj011,martiju01
679881,martj012,martijp01
118343,martj101,martijo05
118385,martj102,martyjo01
118370,martj103,martijo04
118357,martj104,martijo02
118355,martj105,martijo03
118344,martj107,martij.01
118346,martj108,martijo01
118341,martj109,martija01
448258,martj801,
606466,martk001,marteke01
517629,martk002,marteke02
573016,martk003,martiky01
407851,martl001,martilu01
446208,martl002,martilu02
501687,martl003,martelu01
547982,martl004,martile01
606336,martl005,martelu02
818327,martl101,
,martl901,
118345,martm001,martimi01
118373,martm002,martima02
492841,martm003,martimi02
118347,martm101,martimo01
118374,martm102,martima01
118348,martn001,martino01
607259,martn002,martini01
605361,martn003,martini02
682622,martn004,marteno01
501954,marto001,martios01
682619,marto002,martior01
118377,martp001,martipe02
118376,martp002,martipe03
118375,martp003,martipa03
118350,martp101,martipa02
118349,martp102,martipa01
118342,martp103,martipe01
118331,martp104,martiph01
818311,martp105,martipr01
818313,martp106,martipa05
818307,martp107,martipa04
118334,martr001,martire01
118378,martr002,martira02
134002,martr003,martira03
431145,martr004,martiru01
514669,martr005,martira04
621006,martr006,martiri01
118388,martr101,martzra01
118381,martr102,martiro01
118351,martr103,martira01
818312,martr104,martira05
818310,martr105,martira06
431045,martr701,
463017,marts001,martish01
516782,marts002,martest01
661527,marts003,martise01
118382,marts101,martisi01
118335,marts102,martisp01
118352,marts103,martist01
818333,marts104,martist02
118367,martt001,martiti01
118362,martt002,martiti02
118353,martt003,martito02
118368,martt101,martito01
118383,martt102,martite01
400121,martv001,martivi01
469690,martv002,martevi01
150346,martw001,martiwi01
118384,martw101,martiwe01
628708,marty001,marteyu01
621086,marvj001,marveja01
118389,marzj001,marzajo01
150385,masao001,masaoon01
118390,mashc101,mashocl01
118391,mashd001,mashoda01
818309,mashf101,mashafo01
501301,mashj801,
818306,masim101,
118392,masip101,masiph01
118393,maskh101,maskrha01
118394,maskl101,maskrle01
118396,masoc101,masonch01
818303,masoc102,masonch02
118397,masod101,masondo01
118395,masod102,masonde01
,masod901,
118398,masoe101,masoner01
118399,masoh101,masonha01
118400,masoj101,masonji01
118401,masom001,masonmi01
427317,masom801,
118402,masor001,masonro01
118405,massb101,massebi01
118403,massg101,massago01
818297,massg102,massiga01
686681,massm001,massemi02
118406,massm101,massemi01
434665,massn001,masseni01
118404,massr101,massero01
818301,masss101,massisa01
431046,masst701,
118407,mastd001,masteda01
518991,mastd002,mastrda01
475416,mastj001,masteju01
670156,mastm001,mastrmi01
118409,mastp101,mastepa01
457826,mastt001,mastnto01
118410,mastw101,mastewa02
118408,mastw102,mastewa01
469097,mataf001,matafr01
118412,matal101,matarle01
118411,matav001,matavi01
818293,matcj101,matchja01
118413,matct101,matchto01
400116,mateh001,mateohe01
421024,matej001,mateoju01
462940,matej002,mateoju02
622761,matej003,mateojo01
456496,matem001,mateoma01
150288,mater001,mateoru01
118419,mathb101,mathebo01
482388,mathb701,
118424,mathc101,mathica01
118422,mathc102,mathech01
450545,mathd001,mathido01
431047,mathd701,
118416,mathe101,matheed01
118417,mathg001,mathegr01
118423,mathh101,mathehe01
,mathh801,
425772,mathj001,mathije01
458628,mathj002,mathejo02
118426,mathj101,mathiji01
118415,mathj102,mathejo01
118414,mathm001,mathemi01
664029,mathm002,mathima01
118418,mathn101,mathene01
118425,mathr001,mathiro01
427318,mathr801,
455949,maths001,mathisc01
677182,maths801,
118420,matht001,mathete01
118421,matht002,mathet.01
818291,mathv101,mathive01
621500,mathw001,mathiwy01
656695,matij001,matijjj01
118427,matij101,matiajo01
118428,matlj101,matlajo01
818295,matll101,matlole01
118429,matof001,matosfr01
408240,matoj001,matosju01
275928,matol001,matoslu01
682641,matol002,matoslu02
665155,maton001,matonni01
467683,matoo001,matosos01
150303,matop001,matospa01
664208,matop002,matonph01
429260,matrd001,matrada01
493137,matsd001,matsuda01
425686,matsh001,matsuhi01
430565,matsk001,matsuka01
511128,matsk701,
673513,matsy001,matsuyu01
118430,matta101,matteal01
694728,mattb001,matthbr01
118440,mattb101,mattibo01
118435,mattb102,matthbo01
118431,mattc101,mattec.01
118446,mattc102,mattocl01
118443,mattd001,mattido01
118438,mattd101,matthda01
818292,mattd102,matthdi01
118444,matte101,mattiea01
118432,matte102,matteed01
818286,mattf101,matthfr01
118433,mattg001,matthga01
150439,mattg002,matthga02
676755,matti001,mattsis01
118447,mattj101,mattoji01
118434,mattj102,matthjo01
818287,mattj103,matthja01
818288,mattj104,matthje01
543503,mattk001,mattike01
150347,mattm001,matthmi01
118442,mattm101,mattimi01
458919,mattr001,matthry01
118445,mattr101,mattira01
118439,matts101,matthst01
400111,mattt001,mattetr01
118441,mattw101,mattiwa01
118437,mattw102,matthwi01
118436,mattw103,matthwi02
805673,mattz001,matthze01
451085,matub001,matusbr01
118450,matuh101,matuzha01
118449,matul001,matusle01
118448,matur101,matulri01
571927,matzs001,matzst01
554431,matzt001,matzety01
118451,maucg101,mauchge01
118452,mauch101,mauckha01
,maueb901,
408045,mauej001,mauerjo01
118453,maula101,maulal01
118454,maulm101,mauldma01
118456,maund101,maunedi01
118455,maune101,mauner01
118457,mauph101,maupiha01
543506,maurb001,maurebr01
118460,maurc101,mauroca01
276531,maurd001,maureda01
118458,maurr001,maurero01
677595,maurr002,mauriro01
118459,maurr101,maurira01
118461,maust001,mauseti01
501169,maveb701,
118462,mavib101,mavisbo01
,mawnj901,
118463,maxcb001,maxcybr01
118464,maxil101,maxiela01
,maxtc101,
118465,maxvd101,maxvida01
622194,maxwb001,maxwebr01
118467,maxwb101,maxwebe01
118466,maxwc101,maxwech01
,maxwc901,
136603,maxwj001,maxweja01
452239,maxwj002,maxweju01
687209,maxwz001,maxweza01
818285,maxwz101,maxweze01
118479,may-b101,maybu01
521251,may-b901,
118468,may-c101,mayca01
118471,may-d001,mayde01
118469,may-d002,mayda02
669160,may-d003,maydu01
118470,may-d101,mayda01
594576,may-j001,mayja02
118473,may-j101,mayje01
118472,may-j102,mayja01
461315,may-l001,maylu01
118474,may-l101,mayle01
118476,may-m001,maymi01
118475,may-p101,maypi01
118477,may-r101,mayru01
118478,may-s001,maysc01
543507,may-t001,maytr01
493337,mayay001,mayayu01
457727,maybc001,maybica01
460055,maybj001,maybejo02
118480,maybj101,maybejo01
118484,mayee101,mayerer01
118483,mayee102,mayered02
118482,mayee103,mayered01
118481,mayel101,mayele01
594577,mayem001,mayermi01
691785,mayem002,mayerma01
118487,mayep101,mayespa01
118485,mayes101,mayersa01
,mayet101,
118486,mayew101,mayerwa01
608686,mayfj001,mayfija01
118490,maynb001,maynebr01
118488,maynb101,maynabu01
118489,maync101,maynach01
691723,mayoc001,mayoco01
118491,mayoe101,mayoed01
818281,mayog101,
118492,mayoj101,mayoja01
818280,mayoj102,
118493,maysa101,maysal01
118494,maysc101,maysca01
818277,maysd101,maysda01
446474,mayse001,maysoed01
150222,maysj001,maysjo01
118496,maysm001,maysema01
,maysu901,
118495,maysw101,mayswi01
818273,maywe101,mayweed01
818274,maywe102,mayweel01
641835,mayzt001,mayzati01
435402,mazal001,mazalu01
608577,mazan001,mazarno01
118497,mazeb101,mazerbi01
664850,mazep001,mazeipa01
800049,mazua001,mazurad01
543508,mazzc001,mazzoco01
607391,mazzc002,mazzach01
118499,mazzl001,mazzile01
427323,mazzl801,
118498,mazzm101,mazzeme01
476570,mazzv001,mazzavi01
118500,mcadj101,mcadaja01
431048,mcadj701,
818275,mcadt101,mcadotu01
118501,mcafb101,mcafebi01
118504,mcalb101,mcallbi01
818268,mcalf101,mcallfr01
818271,mcalg101,mcallge01
118503,mcalj101,mcaleja01
118502,mcalj102,mcaleji01
118505,mcals101,mcallsp01
502083,mcalz001,mcallza01
118506,mcane101,mcanaer01
118508,mcanj001,mcandja01
118509,mcanj101,mcandji01
118507,mcanj102,mcanaji01
434582,mcanp001,mcanupa01
118510,mcard101,mcartdi01
663704,mcarj001,mcartja01
,mcarj901,
118511,mcatb101,mcatebu01
818269,mcatu101,mcateul01
118514,mcaud101,mcauldi01
118513,mcaug101,mcaulge01
118512,mcaui101,mcaulik01
118515,mcavg101,mcavoge01
,mcavg901,
118517,mcavt101,mcavoto01
118516,mcavw101,mcavowi01
118518,mcbea101,mcbeaal01
455750,mcbem001,mcbetma01
118519,mcbep101,mcbeepr01
118520,mcbra101,mcbrial01
118521,mcbrb101,mcbriba01
118523,mcbrd101,mcbridi01
818272,mcbrf101,mcbrifr01
118522,mcbrg101,mcbrige01
118524,mcbrj101,mcbrijo01
118525,mcbrk101,mcbrike01
434680,mcbrm001,mcbrima01
473724,mcbrm002,mcbrima02
118526,mcbrp101,mcbripe01
643436,mcbrr001,mcbrory01
118527,mcbrt101,mcbrito01
118566,mccaa101,mccaual01
118548,mccaa102,mccarar01
118547,mccaa103,mccaral01
435221,mccab001,mccarbr01
435263,mccab002,mccanbr01
118533,mccab101,mccabbi01
118569,mccab102,mccaubi01
118557,mccab103,mccarbi01
118546,mccab104,mccarbi03
118537,mccab105,mccalbr01
118536,mccab106,mccahbi01
818267,mccab107,mccalbi01
818265,mccab108,
573949,mccac701,
,mccac901,
118560,mccad001,mccarda01
670766,mccad002,mccauda01
118540,mccad101,mccaldu01
118531,mccad102,mccabdi01
118544,mccae101,mccanem01
118559,mccaf101,mccarfr01
118549,mccag001,mccargr01
118543,mccag101,mccange01
118534,mccah101,mccafha01
818263,mccah102,mccalhe01
543510,mccaj001,mccanja02
663411,mccaj002,mccarjo04
664983,mccaj003,mccarja02
118553,mccaj101,mccarjo02
118567,mccaj102,mccauji01
118562,mccaj103,mccarjo01
118552,mccaj104,mccarjo03
118551,mccaj105,mccarja01
118550,mccaj106,mccarje01
118542,mccaj107,mccanja01
118529,mccaj108,mccabjo01
492661,mccaj801,mccalja99
524329,mccaj802,mccarjo99
,mccaj901,
,mccaj902,
118564,mccak001,mccaski01
641838,mccak002,mccarke01
668948,mccak003,mccarki01
668832,mccak004,mccanky01
118539,mccal101,mccalla01
118561,mccal102,mccarle01
118555,mccam001,mccarto03
592543,mccam801,
118568,mccap101,mccaupa01
118541,mccar001,mccamra01
118545,mccar101,mccarro01
118530,mccar102,mccabra01
818258,mccar103,mccauro01
118565,mccas001,mccatst01
118528,mccas101,mccabsw01
118535,mccas102,mccafsp01
118563,mccat101,mccarti01
118556,mccat102,mccarto02
118554,mccat103,mccarto01
118532,mccat104,mccabti01
,mccau101,mccaf01
818264,mccau102,mccab02
118558,mccaw101,mccarbi02
118538,mccaw102,mccalwi01
118570,mcchh101,mccheha01
118584,mcclb001,mcclubo01
118575,mcclb101,mcclebi01
118581,mcclb102,mcclobi01
818255,mcclb103,mcclubo02
818260,mcclb104,mcclabo01
818257,mcclb105,mcclabi01
818256,mccld101,mccleda99
118585,mcclh101,mccluha02
118582,mcclh102,mccluha01
118573,mcclh103,mccleha01
118580,mcclj101,mcclojo01
118579,mcclj102,mccloji01
118577,mcclj103,mccleje01
118571,mcclj104,mcclajo01
818262,mcclj105,mcclaje01
580248,mcclj801,mcclojo99
449072,mcclk001,mccleky01
118576,mccll001,mcclell01
118583,mccll101,mcclula01
501873,mcclm001,mcclemi01
818252,mccln101,mcclina01
118574,mcclp001,mcclepa01
118572,mcclp101,mcclape01
596035,mcclr001,mcclare01
133140,mccls001,mcclasc01
425528,mccls002,mccluse01
663556,mccls003,mcclash01
427326,mcclt901,
444886,mcclz001,mccleza01
118588,mccoa101,mcconam01
118606,mccoa102,mccoyar01
118586,mccoa103,mccolal01
118604,mccob101,mccosba01
118607,mccob102,mccoybe01
118603,mccob103,mccorbi01
118602,mccob104,mccorba01
118591,mccob105,mccoobi01
818253,mccob106,mccorbu01
676801,mccoc001,mccorch01
118592,mccod101,mccordo01
118593,mccof101,mccorfr01
818251,mccof102,mccoyfr01
118589,mccog101,mcconge01
118601,mccoh101,mccorha01
118597,mccoj101,mccorje01
118596,mccoj102,mccorji02
118595,mccoj103,mccorji01
,mccol901,
453454,mccom001,mccoymi01
669200,mccom002,mccoyma01
118600,mccom101,mccormi02
118599,mccom102,mccormi01
118598,mccom103,mccormi03
118594,mccom104,mccormo01
519003,mccop001,mccoypa01
118587,mccor101,mcconra01
430909,mccos001,mcconsa02
118590,mccos101,mcconsa01
118605,mccow101,mccovwi01
818248,mccow102,mccoywa01
607030,mccra001,mccread01
455970,mccrb001,mccrobo01
,mccrc101,
118614,mccre101,mccreed01
118612,mccrf101,mccrefr01
687529,mccrg001,mccragr01
118613,mccrj101,mccrewa01
818250,mccrj102,mccrajo01
644661,mccrk901,
118608,mccrl101,mccrale01
118609,mccrq001,mccraqu01
118611,mccrr001,mccraro01
118615,mccrt101,mccreto01
118610,mccrt102,mccrato01
,mccru901,
,mccru902,
457705,mccua001,mccutan01
676812,mccuc001,mccusca01
118619,mccuc101,mcculcl01
118618,mccuc102,mcculch01
449477,mccuc801,mcculcl99
445216,mccud001,mccutda01
118616,mccuf101,mccuefr01
118622,mccuh101,mccurha01
118623,mccuj001,mccurje01
818243,mccuj101,mccurji01
118617,mccul001,mcculla01
621121,mccul002,mcculla02
118621,mccup101,mcculph01
118620,mccup102,mcculpa01
818245,mcdab101,mcdanbo01
818244,mcdaf101,mcdanfr01
680729,mcdag001,mcdanga01
118624,mcdal101,mcdanli01
118627,mcdar001,mcdavra01
118626,mcdat001,mcdante01
118625,mcdav101,mcdanvo01
694646,mcdec001,mcderch01
118635,mcded101,mcdevda01
118629,mcdej101,mcderjo01
118632,mcdem101,mcdermi02
118630,mcdem102,mcdermi03
118631,mcdem103,mcdermi01
118628,mcder101,mcderre01
118634,mcdes101,mcdersa01
118633,mcdet101,mcderte01
118637,mcdia001,mcdilal01
118648,mcdob001,mcdonbe01
497526,mcdob701,
150092,mcdod001,mcdondo01
150021,mcdod002,mcdonda02
118654,mcdod101,mcdoude01
118641,mcdod102,mcdonda01
118642,mcdoe101,mcdoned02
118651,mcdoe102,mcdoned01
118655,mcdog101,mcdougi01
818236,mcdog102,mcdongi01
,mcdog103,
118643,mcdoh101,mcdonha01
118656,mcdoj001,mcdowja01
118638,mcdoj002,mcdonja02
150348,mcdoj003,mcdonjo03
457428,mcdoj004,mcdonja03
118650,mcdoj101,mcdonji03
118649,mcdoj102,mcdonjo02
118647,mcdoj103,mcdonjo01
118646,mcdoj104,mcdonji04
118645,mcdoj105,mcdonji01
118644,mcdoj106,mcdonji02
118640,mcdoj107,mcdonja01
,mcdoj902,
150461,mcdok001,mcdonke01
818237,mcdol101,mcdoule01
818239,mcdol102,mcdonlu01
424706,mcdom001,mcdouma01
676782,mcdom002,mcdonmi01
650059,mcdom801,
118657,mcdoo001,mcdowod01
118658,mcdor001,mcdowro01
118659,mcdos101,mcdowsa01
118653,mcdos102,mcdousa01
,mcdos901,
686790,mcdot001,mcdontr01
118639,mcdot101,mcdonte01
118652,mcdou101,mcdoo01
818240,mcdou102,mcdon05
818238,mcdow101,mcdonwe01
818234,mcdut101,mcdufte01
118660,mcelc001,mcelrch01
118664,mcelf101,mcelyfr01
,mcelh901,
118661,mcelj101,mcelrji01
118663,mcell101,mcelwle01
118662,mcelp101,mcelvpr01
118665,mcenw101,mcenawi01
118666,mcevl101,mcevolo01
136607,mcewj001,mcewijo01
118670,mcfaa101,mcfaral01
118667,mcfab101,mcfadba01
118673,mcfac101,mcfarch01
118672,mcfac102,mcfarch02
118671,mcfad101,mcfarda01
118674,mcfae101,mcfared01
118668,mcfag101,mcfadgu01
118676,mcfah101,mcfarho01
118675,mcfah102,mcfarhe01
,mcfah901,
818232,mcfaj101,mcfarjo02
818235,mcfaj102,mcfarjo01
118669,mcfal101,mcfadle01
118677,mcfam101,mcfarmo01
118678,mcfao101,mcfaror01
519008,mcfat001,mcfartj01
118679,mcfej101,mcfetja01
118680,mcgaa001,mcgafan01
118683,mcgaa101,mcganam01
118685,mcgac101,mcgarch01
118687,mcgad101,mcgarda01
118684,mcgad102,mcganda01
118682,mcgae101,mcgahed01
118686,mcgaj101,mcgarji01
492662,mcgam801,mcgahme99
118681,mcgap101,mcgafpa01
118693,mcgeb101,mcgeebi01
431171,mcgec001,mcgehca01
118695,mcgec101,mcgeeco01
118696,mcged101,mcgeeda01
118690,mcged102,mcgeeda02
668834,mcgee001,mcgeeea01
118691,mcgef101,mcgeefr01
459429,mcgej001,mcgeeja01
118688,mcgej101,mcgeaja01
118697,mcgek001,mcgehke01
118689,mcgem101,mcgeami01
118698,mcgep101,mcgehpa01
118692,mcgep102,mcgeepa01
118694,mcgew001,mcgeewi01
118700,mcghb101,mcghebi01
118699,mcghe101,mcgheed01
118705,mcgib101,mcgilbi02
118702,mcgib102,mcgilbi01
118708,mcgid101,mcginda01
118709,mcgif101,mcginfr01
118710,mcgig101,mcgingu01
118713,mcgij101,mcginjo01
118711,mcgij102,mcginju01
118706,mcgij103,mcginji01
118704,mcgij104,mcgiljo01
118712,mcgir001,mcginru01
118701,mcgir101,mcgilra01
118707,mcgit101,mcginti01
,mcgiu901,
118703,mcgiw101,mcgilwi01
,mcgla101,
118717,mcglj101,mcgloji01
118714,mcglj102,mcglojo01
150304,mcglk001,mcglike01
118715,mcgll101,mcgloly01
118716,mcglp101,mcglopa01
118718,mcgls101,mcglyst01
118719,mcgoa101,mcgovar01
118720,mcgob101,mcgowbe01
427329,mcgob901,mcgowbi99
430661,mcgod001,mcgowdu01
641850,mcgok001,mcgowke01
641851,mcgok002,mcgowky01
118721,mcgom101,mcgowmi01
543518,mcgos001,mcgousc01
118727,mcgrb101,mcgrabo01
,mcgre901,
118730,mcgrf001,mcgrifr01
118722,mcgrh101,mcgraho01
118726,mcgrj101,mcgrajo01
118725,mcgrj102,mcgrajo02
657681,mcgrk001,mcgraky01
700241,mcgrm001,mcgremi01
118732,mcgrm101,mcgrima01
118728,mcgrs001,mcgresc01
118729,mcgrs101,mcgresl01
118724,mcgrt001,mcgratu01
118731,mcgrt002,mcgrite01
118723,mcgrt003,mcgrato01
,mcgrt901,
118741,mcgub001,mcguibi01
118742,mcgub101,mcgunbi01
573027,mcguc001,mcguich01
673281,mcguc801,
592547,mcgud001,mcguide02
118738,mcgud101,mcguide01
,mcgue901,
118737,mcguj101,mcguiji01
118734,mcguj102,mcguijo01
118733,mcguj103,mcgucjo01
118739,mcgum101,mcguimi01
118736,mcgur001,mcguiry01
624512,mcgur002,mcguire01
118740,mcgut101,mcguito01
118735,mcguu101,mcgui01
118743,mcgwm001,mcgwima01
118747,mchab101,mchalbo01
118745,mchaj101,mchaljo01
118744,mchaj102,mchalji01
818227,mchaj103,mchasjc01
118746,mcham101,mchalma01
118748,mchea101,mchenau01
818230,mcheh101,mchenhe01
118749,mchev101,mchenva01
543521,mchuc001,mchugco01
118751,mcili101,mcilvir01
118752,mcils101,mcilwst01
118750,mcilv101,mcilrva01
818222,mcinb101,mcintb01
118757,mcinf101,mcintfr01
118754,mcinh101,mcintha01
118755,mcinj101,mcintjo01
818223,mcinj102,mcintji01
118758,mcinm101,mcintma01
118753,mcins101,mcinnst01
118756,mcint001,mcintti01
118759,mcivo101,mcivoot01
118760,mcjad101,mcjamdo01
118761,mckaa101,mckaiar01
,mckaa801,
656713,mckab001,mckaybr01
150424,mckac001,mckayco01
641853,mckad001,mckayda02
118763,mckad101,mckayda01
118762,mckah101,mckaiha01
118764,mckar101,mckayre01
118766,mckeb101,mckecbi01
118781,mcked101,mckeoda01
118765,mckee101,mckeaed01
,mckee102,mckenfr01
118776,mckee103,mckened01
118767,mckef101,mckeefr01
818224,mckef102,mckelfr01
118779,mckej001,mckeojo01
118774,mckej101,mckeljo01
118772,mckej102,mckeeji01
118768,mckej103,mckeeji02
429341,mckej801,mckeoja99
,mckej802,
592548,mckej803,
,mckej901,
118777,mckek101,mckenki01
118780,mckel101,mckeola01
118778,mckel102,mckenli01
502374,mckem001,mckenmi01
,mckep101,mckenpa01
663630,mcker001,mckenry01
118770,mcker101,mckeero01
118775,mcker102,mckelru01
118769,mcker103,mckeere01
663474,mcket001,mckentr01
118773,mcket101,mckeiti01
118771,mckew001,mckeewa01
605374,mckia001,mckiran01
118784,mckia101,mckinal01
641856,mckib001,mckinbi01
118783,mckib101,mckinbo01
,mckib901,
818217,mckig101,mckingr01
118782,mckir101,mckinri01
818218,mckiu101,mckin02
696125,mckiw801,
656716,mckiz001,mckinza01
,mcknd801,mcknide99
,mckni101,
118786,mcknj001,mcknije01
118785,mcknj101,mckniji01
150062,mcknt001,mcknito01
118789,mclaa101,mclarar01
118800,mclab101,mclaubo01
118792,mclab102,mclauby01
118791,mclab103,mclauba01
118787,mclad101,mclaide01
118788,mclae101,mclaned01
,mclae901,
118793,mclaf101,mclaufr01
818211,mclaf102,mclaufe01
818219,mclah101,
118798,mclaj001,mclaujo01
118799,mclaj101,mclauju01
118796,mclaj102,mclauji02
118797,mclaj103,mclauji01
118794,mclaj104,mclauja01
818216,mclaj105,mclauja02
427334,mclaj801,mclarjo99
118795,mclak101,mclauki01
680574,mclam001,mclaima01
,mclam901,
118790,mclap101,mclarpo01
118801,mclap102,mclaupa01
,mclap901,
118804,mclar101,mclaura01
118802,mclat101,mclauto01
,mclat901,
118803,mclaw101,mclauwa01
,mclaw901,
118805,mclea101,mcleaal01
,mcleb901,
,mcleh901,
431049,mclei701,
118810,mclej101,mcleoji01
118806,mclel101,mcleala01
118808,mclem001,mclemma01
276373,mclem002,mcleama01
434642,mclem003,mclemma02
690997,mclen001,mcleano01
118809,mcler101,mcleora01
818215,mcleu101,mclem03
118807,mclew101,mclelwa01
118811,mclic101,mclisca01
434661,mclon001,mclouna01
118815,mcmad101,mcmahdo01
118814,mcmad102,mcmahdo02
118819,mcmaf101,mcmanfr01
492664,mcmag801,mcmange99
118824,mcmaj101,mcmatji01
118813,mcmaj102,mcmahja02
118816,mcmaj103,mcmahja01
118821,mcmaj104,mcmanjo01
118820,mcmaj105,mcmanji01
118818,mcmaj106,mcmakjo01
118822,mcmam101,mcmanma01
118823,mcmap101,mcmanpa01
641857,mcmar001,mcmahry01
118817,mcmas101,mcmahsa01
118812,mcmas102,mcmacsa01
,mcmaw901,
818212,mcmew101,mcmeawi01
118831,mcmib001,mcmilbi01
,mcmid901,
118825,mcmig001,mcmicgr01
118826,mcmig101,mcmilge01
669111,mcmij001,mcmiljo01
118827,mcmin101,mcmilno01
118828,mcmir101,mcmilro01
118830,mcmit101,mcmilto01
118829,mcmit102,mcmilto02
118837,mcmuc001,mcmurcr01
818210,mcmuc101,mcmulcl01
118835,mcmuf101,mcmulfr01
118832,mcmug101,mcmulge01
118833,mcmuh101,mcmulhu01
118836,mcmuj101,mcmuljo01
118834,mcmuk101,mcmulke01
818208,mcmuw101,
118846,mcnab101,mcnambo01
118838,mcnac101,mcnabca01
118845,mcnad101,mcnamdi01
118841,mcnad102,mcnalda01
118840,mcnae101,mcnaier01
118839,mcnae102,mcnabed01
118843,mcnag101,mcnamge01
118849,mcnag102,mcnaugo01
818209,mcnah101,mcnaihu01
118844,mcnaj001,mcnamji01
492579,mcnaj801,mcnamjo99
546044,mcnaj901,
118842,mcnam101,mcnalmi01
118848,mcnat101,mcnamti01
118847,mcnat102,mcnamto01
818206,mcnea101,mcneaal01
818207,mcnec101,mcneacl01
118852,mcnee101,mcneeea01
118850,mcneh101,mcneaha01
118853,mcnej001,mcneeje01
643446,mcnej002,mcneije01
118855,mcnej101,mcnerje01
118854,mcnen101,mcneino01
118851,mcner101,mcnearu01
818205,mcner102,mcneare01
818204,mcnew101,mcneewi01
150038,mcnib001,mcnicbr01
118856,mcnie101,mcniced01
,mcnir901,
118858,mcnub101,mcnulbi01
118857,mcnup101,mcnulpa01
118859,mcpaf101,mcparfr01
118860,mcphb101,mcphebi01
425774,mcphd001,mcpheda01
118861,mcphj101,mcphejo01
519015,mcphk001,mcpheky01
118870,mcqug101,mcquige02
118869,mcqug102,mcquigl01
118867,mcqug103,mcquige01
118868,mcquh101,mcquihu01
118862,mcquh102,mcquahe01
118864,mcquj101,mcquaje01
818202,mcquj102,mcquejo01
,mcquj902,
118866,mcqum101,mcquemo01
118863,mcqum102,mcquama01
118865,mcqum103,mcquemi01
818201,mcqup101,mcquepe01
656725,mcraa001,mcraeal01
118871,mcrab001,mcraebr01
118872,mcrah001,mcraeha01
118873,mcran101,mcraeno01
118875,mcrek001,mcreyke01
118874,mcreu101,mcrem01
,mcshj901,
118876,mcshp101,mcshape01
118877,mcsot101,mcsortr01
118878,mcswp101,mcswepa01
118879,mctaj101,mctamji01
118880,mctib101,mctigbi01
118881,mcvec101,mcveyca01
118882,mcveg101,mcveyge01
118883,mcwed101,mcweedo01
118885,mcwib101,mcwilbi01
118884,mcwil001,mcwilla01
118886,meacb001,meachbo01
118887,meacr001,meachru01
,meacu901,
640457,meada001,meadoau01
132785,meadb001,meadobr01
678554,meadc001,meadcu01
118888,meadc101,meadch01
818195,meadc102,
118893,meadd001,meadsda01
118889,meadj101,meadojo01
118891,meadl001,meadolo01
118890,meadl101,meadole01
678009,meadp001,meadopa01
118892,meadr101,meadoru01
,meagj901,
118894,meakg101,meakige01
427339,mealj901,
607644,meanj001,meansjo01
818197,meanl101,meansle01
118895,meanp101,meanepa01
,meanw101,
277407,mearc001,mearsch01
118896,mearc101,mearach01
,mearc901,
683232,mearn001,mearsni01
118897,mearp001,mearepa01
445593,meccj801,
219194,mechg001,mechegi01
118898,mecij001,mecirji01
685133,meckw001,mecklwa01
,medaw901,
430665,meddb001,meddebr01
818200,medel101,
118899,meder101,medeira01
811630,medes701,
682989,medev001,medervi01
658431,media001,medinad01
118900,medid101,medicdo01
118901,medil001,medinlu01
665622,medil002,medinlu02
818192,medil101,medinla01
818194,medip101,
133241,medir001,medinra01
523265,medit001,medicto01
500721,mediy001,medinyo01
818190,medlc101,medleca01
118902,medli101,medliir01
450665,medlk001,medlekr01
118903,medvs001,medvisc01
118904,medwj101,medwijo01
118905,mee-t101,meeto01
118906,meegp101,meegape01
118907,meehb101,meehabi01
118908,meekd101,meekda01
457425,meeke001,meekev01
703231,meekj001,meekeja01
118910,meekj101,meekijo01
118909,meekr101,meekero01
118911,meeks101,meekssa01
118912,meelp101,meeleph01
118913,meerr101,meersru01
656730,megit001,megiltr01
656731,megit002,megilty01
,megrc901,
805367,meidc001,meidrch01
118915,meied001,meierda01
118914,meied101,meierdu01
118919,meinb101,meinkbo01
118918,meinf101,meinkfr01
118916,meinh101,meinehe01
,meinr801,
118917,meinw101,meinewa01
118920,meisg101,meistge01
118921,meisj101,meistjo01
118922,meisk101,meistka01
664682,meisr001,meisiry01
118923,meixm101,meixemo01
606167,mejia001,mejiaad01
622270,mejia002,mejiaal01
625510,mejie001,mejiaer01
642336,mejif001,mejiafr01
650668,mejih001,mejiahu01
516769,mejij001,mejiaje01
650496,mejij002,mejiaje02
675848,mejij003,mejiaju01
118924,mejim001,mejiami01
118925,mejir001,mejiaro02
118926,mejir101,mejiaro01
623180,mejis001,mejiase01
118927,mejis101,mejiasa01
453343,melam001,melanma01
118928,meled101,meledu01
118930,melef001,melenfr01
118931,melej001,melenjo01
118932,melel101,melenlu01
669004,melem001,melenmj01
118929,meles101,melesa01
282597,melha001,melhuad01
448590,melik001,melilke01
118933,melis101,melilsk01
118935,mellb101,mellobi01
118934,mellj101,mellajo01
622492,mellk001,mellake01
818193,melll101,mellile01
150440,meloj001,meloju01
459974,meloj002,meloajo01
118936,melop101,meloapa01
118941,meltb101,meltobi01
818187,meltb102,meltoba01
118938,meltc101,meltocl01
118939,meltd101,meltoda01
689200,meltj001,meltoja01
118940,meltr101,meltoru01
118937,melts101,meltest01
675512,meltt001,meltotr01
136581,melum001,melusmi01
118942,melvb001,melvibo01
543532,melvt001,melviti01
691441,menac001,menacr01
407891,menck001,menchke01
458657,menda001,mendead01
118943,mendc001,mendoca01
282565,mendc002,mendeca01
425825,mendc801,mendoca99
400148,mendd001,mendedo01
664901,mendd002,mendida01
818185,mendj101,mendejo99
434669,mendl001,mendolu01
118945,mendm101,mendoma01
118946,mendm102,mendomi02
118944,mendm103,mendomi01
118947,mendr001,mendora01
542669,mendr002,mendero01
622795,mendy001,mendeyo01
669214,menec001,menezco01
236427,menef001,menecfr01
608841,menej001,menesjo01
118948,menej101,menefjo01
,menel101,
118949,menet001,menento01
596043,mengd001,mengdda01
118950,menhp001,menhapa01
118951,menkd101,menkede01
118952,menom101,menosmi01
118953,mense101,mensoed01
501976,mensh801,
118954,menzt101,menzete01
118955,meolm101,meolami01
118956,meolr101,meoliru01
118966,merca101,merchan01
118959,merch001,mercehe01
280059,merch002,mercahe01
818178,merch101,merchhe01
118960,mercj001,mercejo02
474568,mercj002,mercejo03
118964,mercj101,mercejo01
118963,mercj102,merceja01
118967,merck001,merckke01
118961,mercl001,mercelu01
542235,mercm001,merceme01
675650,mercm002,mercami01
118965,mercm101,mercema01
118957,merco001,mercaor01
118958,merco002,merceor01
640458,merco003,mercaos01
118962,mercw101,mercewi01
606213,mercy001,merceye01
118969,merea101,merewar01
448592,merec001,meredcl01
818177,mereg101,meredge01
118968,meres101,merensp01
427341,meric901,
818175,merij101,
118970,merir001,meridro01
818173,meriu101,meriw01
118971,merkf101,merklfr01
134265,merll001,merlolo01
118973,merrb001,merribr01
118980,merrb101,merribi01
818174,merrb102,
,merrc901,
427342,merrd901,
118972,merre101,merried01
118975,merrg101,merrige01
118976,merrh101,merrihe01
657240,merrj001,merryju01
701538,merrj002,merrija01
118978,merrj101,merrijo01
118977,merrj102,merriji01
118979,merrl101,merrill02
118974,merrl102,merrill01
607320,merrr001,merriry01
818170,merrs101,merrisc01
492665,merrs801,merrist99
593160,merrw001,merriwh01
118981,mersj101,mersoja01
118983,mertj101,mertzji01
118982,merts101,mertesa01
118984,merul101,merulle01
118985,merum001,merulma01
670223,mervm001,mervima01
605670,merzd901,
818172,mesaa101,mesaan01
118986,mesaj001,mesajo01
444859,mesam001,mesame01
818171,mesap101,mesapa01
683748,mesav001,mesavi01
118987,mesns101,mesnest01
519023,mesod001,mesorde01
118990,messa101,messean01
118989,messb101,messebo01
118988,messb102,messebu01
800048,messp001,messipa01
434591,messr001,messera01
118991,messt101,messito01
118992,metca101,metcaal01
136900,metcm001,metcami01
445195,metct001,metcatr01
118993,metct101,metcato01
118995,methb101,methebu01
118994,meths101,methasc01
118996,metid101,metivde01
118997,metkg101,metkoca01
118998,metrc101,metroch01
119003,metza101,metzlal01
119000,metzb101,metzgbu01
658082,metzj901,
118999,metzl101,metzle01
119001,metzr101,metzgro01
119002,metzw101,metziwi01
119004,meulh001,meulehe01
119006,meusb101,meusebo01
119005,meusi101,meuseir01
682825,mey-l001,meylu01
543542,meyea001,meyeral01
119008,meyeb001,meyerbr01
656738,meyeb002,meyerbe02
119018,meyeb101,meyerbi01
119014,meyeb102,meyerbo01
119007,meyeb103,meyerbe01
150039,meyec001,meyerch02
119021,meyec101,meyerch01
119009,meyed001,meyerda01
434159,meyed002,meyerda02
444348,meyed003,meyerdr01
119012,meyed101,meyerdu01
818167,meyed102,meyerde01
119010,meyeg101,meyerge01
119020,meyeh101,meyerhe01
119017,meyej001,meyerjo01
676694,meyej002,meyerja02
119011,meyej101,meyerja01
119022,meyel101,meyerlo01
119019,meyel102,meyerle01
119013,meyel103,meyerle02
676974,meyem001,meyerma01
119015,meyer101,meyerru01
119016,meyes101,meyersc01
400082,miadb001,miadiba01
119023,miced001,micelda01
119024,micem101,micelmi01
136422,michc001,michach01
119026,michc101,michaca01
119025,michg101,michage01
346859,michj001,michaja01
119029,michj101,michajo01
119027,michj102,michajo02
119028,michr101,michara01
119030,micke101,mickeed01
119031,mickg101,mickegl01
818165,mickj101,mickeja01
501874,mickk001,mickoka01
,micku901,
276525,middj001,middlja01
119033,middj101,middljo01
119032,middj102,middlji01
641871,middk001,middlke01
519025,middw001,middlwi01
119035,midkd101,midkidi01
119034,midke101,midkiez01
119036,mielg001,mielkga01
137006,miend001,mientdo01
119037,miere101,mierked01
119038,miesm001,mieskma01
119039,miggl101,miggila01
119040,mihaj101,mihaljo01
467726,mijaj001,mijarjo01
119041,mikkp101,mikkepe01
119042,miklh101,mikloha01
571945,mikom001,mikolmi01
119043,mikse101,miksied01
119044,milab001,milacbo01
119046,milac101,milancl01
119045,milah101,milanho01
119047,milbl001,milbola01
119048,milcm001,milchmi01
425446,milea001,milesaa01
119049,milec101,milesca01
119052,miled101,milesde01
119050,miled102,milesdo01
429730,miled801,mileyda99
119051,milej101,milesji01
818157,milej102,milesjo01
818161,milej103,milesji02
119053,milem101,mileymi01
489119,milew001,mileywa01
818158,milew101,mileswi01
818160,milez101,milesze01
119054,milis001,militsa01
119055,miljj101,miljujo01
119142,milla001,millsal01
453192,milla002,millean01
621219,milla003,millsal02
119143,milla101,millsar01
818152,milla102,millea02
,milla901,
502166,millb001,millsbr02
543543,millb002,millebr02
675649,millb003,millebr03
682243,millb004,millebr04
676272,millb005,millebo06
119149,millb101,millsbr01
119110,millb102,millebo03
119111,millb103,millebo02
119132,millb104,millebi04
119130,millb105,millebi01
119112,millb106,millebo04
119059,millb107,millebr01
119145,millb108,millsbu01
119078,millb109,millebe01
119067,millb110,millebi02
119113,millb111,millebo01
119131,millb112,millebi03
119139,millb113,millibi01
119140,millb114,millibo01
119153,millb115,millsbi01
818154,millb116,millebo05
818150,millb117,millebu01
427344,millb901,
,millb902,
639723,millb903,
280061,millc001,milleco01
119062,millc101,millech02
119061,millc102,millech03
119060,millc103,millech01
119144,millc104,millsch01
119088,millc105,millecy01
818146,millc106,
,millc901,
119065,milld001,milleda01
119064,milld002,milleda02
686452,milld003,milladr01
119066,milld101,milledy01
119085,milld102,milledo02
119077,milld103,milledo01
119063,milld104,milledu02
119058,milld105,milledu01
119118,milld106,milledo03
119150,milld107,millsdi01
531653,milld801,
119068,mille001,milleed04
669062,mille002,milleer01
119072,mille101,milleel02
119071,mille102,milleel01
119070,mille103,milleed02
119069,mille104,milleed03
119146,mille105,millsev01
119093,mille106,milleed01
818147,mille107,milleed05
818136,mille108,
119075,millf101,millefr01
119074,millf102,millefr02
119147,millf103,millsfr01
119057,millf104,millafr01
119056,millf105,millafe01
818148,millf106,millefl01
,millf107,
119076,millg101,millege01
,millg901,
,millg903,
119081,millh101,milleha02
119079,millh102,millehu01
119095,millh103,milleha01
818142,millh104,millehe01
818145,millh106,
,millh107,milleha03
641878,milli001,milleia01
119133,millj001,millejo05
277405,millj002,milleju01
460654,millj003,milleja03
455687,millj004,milleja04
461848,millj005,milleji02
502522,millj006,milleju02
119089,millj101,millejo01
119087,millj102,millejo02
119086,millj103,millejo03
119083,millj104,millejo04
119082,millj105,milleji01
119080,millj106,milleja01
119141,millj107,millsja01
119136,millj108,millijo01
119126,millj109,milleja02
119137,millj110,millijo02
448312,millj801,
119090,millk001,milleke01
119099,millk002,milleke02
119092,millk003,milleku01
119154,millk004,millwke01
132788,millk005,millake01
119073,millk101,milleko01
119096,milll001,millele01
451186,milll002,millela02
119094,milll101,millela01
119148,milll102,millsle01
818141,milll103,millelo01
496054,milll701,
400078,millm001,millema01
285080,millm002,millema02
623166,millm003,millemi01
695243,millm004,millema03
814501,millm701,
119100,milln101,milleno01
818143,milln102,millene01
119101,millo001,milleor01
680911,millo002,milleow01
119084,millo101,milleox01
119102,millo102,milleot02
119098,millo103,milleot01
119103,millp001,millepa01
818144,millp101,millepe01
119109,millr001,milleri01
119138,millr002,millira01
119134,millr003,millira02
668943,millr004,millery01
119106,millr101,millera03
119105,millr102,millera04
119104,millr103,millera01
119097,millr104,millere01
119115,millr105,millero04
119114,millr106,millero03
119108,millr107,millera02
119119,millr108,milleru02
119107,millr109,millera05
119116,millr111,millero02
119117,millr112,millero01
119120,millr113,milleru01
119151,millr114,millsru01
433617,millr801,millera99
571946,mills001,millesh01
119121,mills101,millest01
119124,millt001,milletr01
119125,millt002,milletr02
668338,millt003,millety01
119123,millt101,milleto02
119122,millt102,milleto01
818135,millu102,
150063,millw001,millewa04
670090,millw002,millswy01
119152,millw101,millswi01
119135,millw102,milliwa01
119129,millw103,millewa01
119128,millw104,millewa02
119127,millw105,millewa03
119091,millw106,millewh01
,millw108,millewi01
119155,milna101,milnaal01
119157,milnb101,milnebr01
119158,milne001,milneed01
571948,milnh001,milneho01
119159,milnj101,milnejo01
119156,milnp101,milnepe01
119160,milom101,milosmi01
543548,milot001,milonto01
119161,milsg101,milstge01
818131,milta101,miltoar01
818130,miltc101,miltoc01
132980,milte001,miltoer01
818133,milth101,miltohe01
119162,miltl101,miltola01
119163,mimbm001,mimbsmi01
119164,minac101,minahco01
573668,minaj001,minayju01
119165,minar101,minarru01
119166,mincd101,minchdo01
119167,mince101,minched01
119168,mincn001,minchna01
818134,mincp101,mincypu01
,mincw901,
119170,minec101,minetcr01
119169,miner101,minerra01
435261,minez001,minerza01
119171,mings101,mingost01
119174,minnd101,minnido01
119172,minnd102,minneda01
119173,minnp101,minnepa01
119175,minob001,minorbl01
150272,minod001,minorda01
818132,minog101,minorge01
501985,minom001,minormi01
119176,minom101,minosmi01
136861,minor001,minorry01
119177,minsj101,minshji01
621345,minta001,minteaj01
119178,mintg001,mintogr01
119179,mints001,mintzst01
119180,minug001,minutgi01
119183,miraa001,miranan01
664641,miraa002,miranar01
818129,miraa101,miraban01
119182,mirad001,mirabdo01
506673,miraj001,miranju01
669304,miraj002,miranjo01
818126,miraj101,mirabju01
818125,miraj102,
119181,mirap001,mirabpa01
119184,miraw101,miranwi01
818127,mirop101,mirope01
435619,miscp001,mischpa01
664948,misia001,misiean01
694819,misij001,misioja01
670224,misnk001,misneka01
119185,missj101,missejo01
818128,missj102,missoji01
119186,misum001,misurmi01
818121,mitca101,mitchar01
818122,mitca102,mitchal01
571951,mitcb001,mitchbr01
119202,mitcb101,mitchbo03
119203,mitcb102,mitchbo02
818124,mitcb103,mitchbu01
818120,mitcb104,mitchbo04
119188,mitcc001,mitchch01
668751,mitcc002,mitchca01
119190,mitcc101,mitchcr01
119189,mitcc102,mitchcl01
818119,mitcc103,mitchcl02
,mitcc901,
543551,mitcd001,mitchdj01
119197,mitcd101,mitchda01
119191,mitcf101,mitchfr01
,mitcf901,
669003,mitcg001,mitchga01
818118,mitcg101,mitchge01
119193,mitcj001,mitchjo02
119192,mitcj101,mitchjo01
818117,mitcj102,mitchjo03
119195,mitck001,mitchke01
119194,mitck002,mitchke02
119196,mitcl001,mitchla01
119199,mitcm101,mitchmo01
119198,mitcm102,mitchmi01
818113,mitco101,mitchot01
119200,mitcp101,mitchpa01
452199,mitcr001,mitchru01
119187,mitcr101,mitchro01
119201,mitcr102,mitchbo01
818114,mitcr103,mitchro02
818110,mitct101,mitchte01
,mitcu901,
119204,mitcw101,mitchwi01
429901,mitrs001,mitrese01
119206,mittg101,mittege01
119205,mittr101,mittera01
119210,mizeb101,mizeubi01
663554,mizec001,mizeca01
119209,mizej001,mizerjo01
119207,mizej101,mizejo01
119208,mizew101,mizelvi01
119211,mlicd001,mlickda01
669387,mlodc001,mlodzca01
119212,mmahk001,mmahake01
119213,moatd101,moateda01
431051,mocej701,
452241,mockg001,mockga01
119214,modam101,modakmi01
119215,moehb001,moehlbr01
150224,moelc001,moellch01
119217,moeld001,moellde01
119216,moeld101,moellda01
119218,moelj101,moelljo01
119219,moelr101,moellro01
119220,moffj101,moffejo01
119222,moffr101,moffira01
119221,moffs101,moffesa01
119223,mofoh101,moforhe01
119224,mogrg101,mogrige01
119226,mohag101,moharge01
119225,mohaj101,moharjo01
119227,mohlk101,mohleki01
119228,mohlm001,mohlemi01
119229,mohod001,mohorda01
407380,mohrd001,mohrdu01
119230,moisb101,moisabi01
119231,mokaj101,mokanjo01
119233,molec101,molesca01
119232,molef101,molefe01
683627,molia001,molinan01
134260,molib001,molinbe01
119235,molib101,molinbo01
150023,molig001,molinga01
435238,molig002,molingu01
818109,molig101,molingu02
119234,molii001,moliniz01
150040,molij001,molinjo01
119236,molip001,molitpa01
818106,molit101,molinti99
425877,moliy001,molinya01
451783,molld001,molledu01
119238,mollf101,mollwfr01
119237,mollf102,mollefr01
594580,molls001,mollsa01
119239,molor101,molonri01
119240,molyv101,molynvi01
655316,monaa001,monasan01
119241,monab101,monacbl01
467856,monac001,monasca01
,monap901,
119242,monar101,monahri01
136265,monas001,monahsh01
119243,monbb101,monbobi01
119245,monca101,monchal01
519037,moncc001,moncrca01
119244,moncf101,moncefr01
,moncj801,
660162,moncy001,moncayo01
670148,mondn001,mondona01
119246,mondr001,mondari01
119247,mondr002,mondera01
609275,mondr003,mondera02
818104,mondu101,monde03
119248,moned101,moneydo01
476192,monej001,moneljo01
119249,mongs001,mongesi01
818102,mongs101,mongisa01
666160,monim001,moniami01
818100,monrb101,monrobi01
818103,monrb102,
407155,monrc001,monrocr01
119250,monre101,monroed01
119251,monrf101,monrofr01
119252,monrj101,monrojo01
119253,monrl101,monrola01
119254,monrz101,monroza01
430903,monta001,monteag01
119272,monta101,montral01
119265,monta102,montgal01
119259,monta103,monteau01
656755,montb001,montebr01
119269,montb101,montgbo01
119271,montc001,montoch01
663796,montc002,monteco01
801216,montc003,montech01
695657,montc004,montgco01
660707,monte001,monteel01
119255,monte101,montaed01
818099,monte102,montaes01
427346,monte901,
593423,montf001,montafr02
119264,montf101,montefe01
119261,montj001,montejo01
119266,montj002,montgje01
524968,montj003,monteje01
656756,montj004,montgjo01
119256,montj101,montajo01
672456,montk001,monteke01
428642,montl001,montalu01
452215,montl002,montzlu01
471083,montm001,montemi01
543557,montm002,montgmi01
682254,montm003,montgma01
119262,montm101,montema01
119267,montm102,montgmo01
687287,montp001,montepa01
119257,montr001,montara01
119263,montr002,monteri01
119268,montr003,montgra01
606160,montr004,montera01
119260,montr101,montere01
119270,monts001,montgst01
,montu901,
,montu902,
119258,montw101,montawi01
119274,monzd101,monzoda01
119273,monzr101,monzara01
119275,moocj101,moockjo01
818090,moodb101,moodybl01
119276,moode001,moodyer01
818089,moodl101,moodyle01
818091,moodw101,moodywi01
,mooee101,
119277,moolg101,moolige01
119281,moonb001,moonebi01
119280,moonj101,mooneji01
119278,moonl101,moonle01
119279,moonw101,moonwa01
446192,moora001,mooread01
621058,moora002,moorean02
119285,moora101,moorear01
119284,moora102,moorean01
119282,moora103,mooreal01
119317,moorb001,moorebo01
119326,moorb002,moorebi03
119287,moorb003,moorebr01
119318,moorb004,moorebo02
119286,moorb101,mooreba02
119328,moorb102,moorhbo01
119325,moorb103,moorebi02
119324,moorb104,moorebi01
119316,moorb105,mooreba01
119290,moorc001,moorech02
695681,moorc002,moorech03
119323,moorc101,moorecy01
119289,moorc102,moorech01
119288,moorc103,mooreca01
818088,moorc104,moorecl01
119292,moord001,mooredo01
664238,moord002,mooredy01
119291,moord101,moorede01
818080,moord102,mooredo02
491899,moord701,
119294,moore101,mooreeu01
119300,moore102,mooreed01
119293,moore103,mooreea01
818082,moore104,mooreeu02
119297,moorf101,moorefe01
119299,moorg101,moorege01
119298,moorg102,moorega01
119296,moorg103,moorege02
119295,moorg104,moorege03
119301,moorh101,mooreha01
818081,moorh102,
489135,moorj001,mooreje02
119283,moorj101,mooreju01
119302,moorj102,mooreja01
119307,moorj103,moorejo02
119306,moorj104,moorejo01
119305,moorj105,mooreje01
119304,moorj106,mooreji02
119303,moorj107,mooreji01
818083,moorj109,mooreja02
119309,moork001,mooreke02
119308,moork101,mooreke01
119313,moorm001,mooremi01
119311,moorm002,moorema01
519043,moorm003,moorema02
686842,moorm004,mooremc01
119312,moorm101,mooremo01
623946,moorm901,
119315,moorr101,moorera02
119319,moorr102,moorero01
119314,moorr103,moorera01
818078,moorr104,moorere01
818079,moorr105,moorero02
445599,moors001,mooresc02
119322,moors101,mooresc01
818077,moors102,mooresq01
134340,moort001,mooretr01
489138,moort002,moorety01
119321,moort101,mooreto01
119320,moort102,moorete01
818087,mooru101,moore05
119327,moorw101,moorewi01
119310,moorw102,moorewh01
119329,moosb101,moosebo01
119330,mootj101,mootyja01
119331,moraa101,moraan01
119342,moraa102,moranal01
,moraa901,
572383,morab001,moranbr01
119346,morab101,moranbi02
119345,morab102,moranbi01
119336,morab103,moranbi03
592567,morac001,moranco01
119338,morac101,moranch01
119337,morac102,moranch02
818073,morac103,moralca01
818062,morac104,
292139,morad001,moragda01
818066,morae101,
462985,moraf001,moralfr01
672839,moraf002,moralfr02
573597,morag901,
119340,morah101,moranhe01
119339,morah102,moranha01
119335,morah103,moranhi01
119332,moraj001,moraljo01
458643,moraj002,moraljo02
663558,moraj003,moranjo01
119333,moraj101,moralje01
434778,morak001,moralke01
806960,moral001,morallu01
119347,moram001,moranmi01
206551,moram002,morame01
591672,morao001,moralos01
119341,morap101,moranpa01
119343,morar101,moranro01
119334,morar102,moralri01
119344,moras101,moransa01
150425,moraw001,moralwi01
,moray101,
425660,morbj001,morbajo01
119348,mordm001,mordemi01
670970,morea001,morejad01
119358,morea101,morenan01
543569,moreb001,morelbr01
666624,morec001,morelch01
514981,mored001,morendi01
664294,mored002,moretda01
119363,mored101,moreyda01
119353,mored102,morejda01
119351,mored103,morehda01
430650,moree001,morened01
119349,moref101,morefo01
818059,moref102,
672515,moreg001,morenga01
119356,moreh101,morelha01
639680,moreh701,
276539,morej001,morenju02
119359,morej101,morenjo01
119360,morej102,morenju01
119355,morek001,morelke01
119357,morel101,morenle01
519048,morem001,morelmi01
818060,moren101,morelna01
119361,moreo001,morenom01
150205,moreo002,morenor01
119354,morer001,morelra01
119362,morer101,moretro01
119350,morer102,morehra01
119352,mores101,morehse01
605388,morga001,morgaad01
119379,morgb101,morgabi02
119376,morgb102,morgabo01
119369,morgb103,morgabi01
119365,morgc101,morgacy02
119368,morgc102,morgacy01
119364,morgc103,morgach01
688158,morgd001,morgada01
669212,morge001,morgael01
119367,morge101,morgaed02
119366,morge102,morgaed01
,morgh901,
119371,morgj001,morgajo02
119372,morgj101,morgajo01
119373,morgk001,morgake01
818052,morgl101,morgale01
119374,morgm001,morgami01
460579,morgn001,morgany01
,morgp101,morgapi01
818049,morgp102,morgape01
119375,morgr101,morgara01
119370,morgr102,morgare01
818048,morgs101,morgasa01
119377,morgt101,morgato01
818054,morgu101,morga03
119378,morgv101,morgave01
119380,morhm101,morhamo01
119384,morib101,moriabi01
119382,morie101,moriaed01
818050,morie102,morineu01
119383,morig101,moriage02
119381,morig102,moriage01
434623,morij001,morilju01
666661,morij002,morilju02
150225,morim001,moriami01
573046,morim002,morinmi01
596049,moris001,morimsh01
119386,morlb101,morlebi01
818047,morlb102,
119385,morlj101,morlajo01
119387,morma001,mormaal01
119388,mormr001,mormaru01
408047,mornj001,morneju01
818044,mornl101,mornele01
119389,morod101,morogda01
119391,moroj001,moronje01
119390,moroj101,moronji01
621559,morom001,morofma01
606625,moror001,moronre01
592570,morra001,morriak01
571963,morra002,morriaj01
818046,morra101,morrial01
818043,morra102,
453344,morrb001,morrobr01
457768,morrb002,morribr01
119392,morrb101,morrebi01
119407,morrb102,morribi01
119402,morrb103,morribu01
818045,morrb104,morriba01
663752,morrc001,morrico01
119395,morrd101,morrido01
119394,morrd102,morrida01
,morrd901,
119397,morre101,morried01
119405,morre102,morried02
119396,morre103,morrie.01
119419,morrf101,morrifr01
119415,morrg101,morrigu01
119406,morrh001,morriha02
119413,morrh101,morriha01
119399,morrj001,morrija02
119408,morrj002,morriji01
119398,morrj003,morrijo07
242062,morrj004,morrija03
119410,morrj101,morrijo03
119418,morrj102,morrijo05
119417,morrj103,morrijo02
119416,morrj104,morrija01
119409,morrj105,morrijo04
119400,morrj106,morrijo06
119393,morrj107,morrijo01
818040,morrj108,morriji02
,morrj902,
489149,morrl001,morrilo01
119403,morrm001,morrima01
119411,morrm101,morrimi01
119412,morrp101,morriph01
119404,morrp102,morrip.01
119420,morrt101,morrito01
119414,morrt102,morrito02
818042,morru101,morri08
150255,morrw001,morriwa02
119401,morrw101,morriwa01
818041,morry101,morriye01
119421,morsb101,morsebu01
119422,morsh101,morseha01
434604,morsm001,morsemi01
818039,morsr101,
119429,mortb101,mortobu01
451803,mortc001,mortoco01
450203,mortc002,mortoch02
489150,mortc003,mortecl01
119424,mortc101,mortoch01
119423,mortc102,mortoca01
119426,mortg101,mortogu01
119427,mortk001,mortoke01
119425,mortm101,mortogu02
119428,morts101,mortosp01
818037,morts102,mortosy01
119430,moryw101,morynwa01
554242,mosce901,
446861,moscg001,moscogu01
621209,moscj001,moscojo01
119431,moscr101,moschro01
119434,mosea101,moserar01
432542,mosec901,
400291,mosed001,moseldu01
119433,mosee101,moselea01
492667,mosef801,mosesfe99
119437,mosej001,mosesjo01
119436,mosej101,mosesje01
119432,mosel001,mosebll01
818033,mosel101,mosesle01
458595,moser001,mosebro01
,moseu901,
119438,mosew101,moseswa01
119435,mosew102,moserwa01
446290,moskd001,moskoda01
119440,moskd101,moskido01
119439,moskp101,moskapa01
818032,moslc101,moslecd01
119441,mosoj101,mosolji01
119442,mosqj001,mosquju01
461235,mossb001,mossbr01
119443,mossc101,mossch01
150305,mossd001,mossda01
119448,mossd101,mossido01
119449,mosse101,mossoea01
119445,mossh101,mossho01
119446,mossl101,mossle01
119444,mossm101,mossma01
818034,mossp101,mosspo01
119447,mossr101,mossra01
119450,mostj101,mostijo01
119451,motaa001,motaan01
150226,motad001,motada01
150407,motag001,motagu01
119452,motaj001,motajo01
119453,motam101,motama01
818031,mothd101,mothedi01
119454,motld001,motleda01
119455,mottb101,mottbi01
119456,mottc001,mottoch01
119457,mottc101,mottocu01
435400,mottj001,motteja01
600301,mottt001,motteta01
119458,motzf101,motzfr01
,moudd101,
119460,moula101,moultal01
,mould101,
119459,moulg101,mouldgl01
119462,mounb101,mountbi01
119461,mounf101,mountfr01
663624,mounr001,mountry01
429481,mount001,mouncto01
519058,mousm001,moustmi01
119463,moutj001,moutoja01
119464,moutl001,moutoly01
119465,mower101,mowera01
119467,mowrj101,mowryjo01
119466,mowrm101,mowremi01
622382,moyag001,moyaga01
570615,moyas001,moyast01
,moyeb901,
119468,moyee101,moyered01
119469,moyej001,moyerja01
493247,moylp001,moylape01
119470,moynm101,moynami01
650061,mozzm801,
119471,mrozr101,mroziro01
,mrvoj901,
483912,muchm901,
669105,muckz001,muckeza01
119472,mudrp101,mudroph01
119482,muelb001,muellbi02
119481,muelb101,muellbi01
119474,mueld101,muelldo01
119476,muelg101,muellgo01
431053,muelg701,
119475,muelh101,muellhe02
119473,muelh102,muellhe01
119477,muell101,muellle01
119478,muelr101,muellra01
119480,muelw101,muellwi01
119479,muelw102,muellwa01
119483,muffb101,muffebi01
119484,muicj101,muichjo01
119485,muirj101,muirjo01
,muirt901,
465629,mujie001,mujiced01
620445,mujij001,mujicjo01
119486,mulch101,mulcahu01
,mulcj901,
150426,muldm001,muldema01
119487,muldm101,muldomi01
119488,mulht001,mulhote01
818027,mulla101,mullea01
119495,mullb101,mullebi01
571969,mullc001,mulleco01
656775,mullc002,mullice01
119492,mullc101,mullech01
119500,mulld101,mullidi01
,mulld901,
119507,mullf001,mullifr01
119496,mullf101,mullefr01
150078,mullg001,mulligr01
119490,mullg101,mullegr01
119502,mullg102,mullige01
119503,mullh101,mullihe01
119499,mullj101,mullijo02
119504,mullj102,mulliji01
119497,mullj103,mullied01
119494,mullj104,mullejo01
119498,mullj105,mullijo01
,mullj801,
,mullj901,
666205,mullk001,mulleky01
119493,mullm101,mullemo01
119505,mullp101,mullipa01
,mullp901,
119506,mullr001,mullira01
119501,mulls001,mullise01
150206,mulls002,mullesc01
119489,mullt101,mullato01
119491,mullu101,mulle01
650062,mullu801,
119508,mulrd101,mulredo01
119509,mulrf101,mulrofr01
119510,mulvj101,mulvejo01
453381,mulvk001,mulveke01
119511,mumpj001,mumphje01
119514,muncb101,muncrbo01
119513,muncj101,munchja01
119512,muncj102,muncejo01
571970,muncm001,muncyma01
691777,muncm002,muncyma02
119516,mundb101,mundybi01
119515,mundg101,mundige01
818024,mungj101,mungijo01
119517,mungr101,mungere01
119518,mungv101,mungova01
444370,munic001,munizca01
119519,munim101,munizma01
119520,munnh101,munnho01
119522,munnl101,munnsle01
119521,munns101,munnisc01
408097,munoa001,munozar01
662253,munoa002,munozan01
119528,munob001,munozbo01
594940,munod001,munoda01
119523,munoj001,munozjo01
818021,munoj101,
119525,munom001,munozmi01
477510,munon001,munozno01
119524,munoo001,munozos01
449607,munoo801,
119527,munop001,munozpe01
682610,munor001,munozro01
691548,munor002,munozro02
622168,munoy001,munozya01
133729,munrp001,munrope01
276347,munse001,munsoer01
431054,munse701,
119530,munsj101,munsojo01
119529,munsr101,munsore01
119531,munst101,munsoth01
434639,munts001,muntesc01
119532,munyj101,munyajo01
119534,muram101,murakma01
119533,muras001,murast01
538506,murat001,muratto01
119535,murcb101,murcebo01
119536,murcs101,murchsi01
119537,murct101,murchti01
668716,murdn001,murdono01
818016,murdu101,murdo02
119538,murdw101,murdowi01
682171,murfp001,murfepe01
119539,murfr101,murffre01
119540,murnt101,murnati01
430889,murpb001,murphbi02
119574,murpb101,murphbi01
119571,murpb102,murphbu01
119570,murpb103,murphbo01
671010,murpb801,
669684,murpc001,murphch01
119544,murpc101,murphco02
119543,murpc102,murphco01
119542,murpc103,murphcl01
119545,murpd001,murphda05
119551,murpd002,murphdw01
119549,murpd003,murphda06
430906,murpd004,murphdo01
461815,murpd005,murphda07
502517,murpd006,murphda08
119556,murpd101,murphdu01
119568,murpd102,murphdi01
119550,murpd103,murphda03
119548,murpd104,murphda01
119547,murpd105,murphda04
119546,murpd106,murphda02
119553,murpe101,murphed03
119558,murpe102,murphed02
119552,murpe103,murphed01
119555,murpf101,murphfr01
119557,murph101,murphho01
,murph901,
571974,murpj001,murphjr01
119562,murpj101,murphjo02
119561,murpj102,murphjo03
119560,murpj103,murphjo04
119559,murpj104,murphjo01
,murpj901,
119564,murpl101,murphle01
119563,murpl102,murphla01
119566,murpm101,murphmo01
119565,murpm102,murphmi01
641907,murpp001,murphpa02
119567,murpp101,murphpa01
580268,murpp801,murphpa99
119569,murpr001,murphro01
669221,murps001,murphse01
408209,murpt001,murphto03
608596,murpt002,murphto04
119572,murpt101,murphto02
119554,murpt102,murphto01
119541,murpu102,murph01
119575,murpw101,murphwi01
119573,murpw102,murphwa01
119576,murpy101,murphya01
451262,murra001,murraaj01
119588,murra101,murraam01
119595,murrb101,murrabo01
119597,murrb102,murrabi01
492668,murrb801,murrabi99
150273,murrc001,murraca01
605396,murrc002,murraco02
818014,murrc101,murraco03
431055,murrc701,
119578,murrd001,murrada01
150240,murrd002,murrada02
119579,murre001,murraed02
119580,murre101,murraed01
,murre901,
119582,murrg001,murragl01
119581,murrg101,murrage01
119583,murrh001,murrahe01
119598,murri101,murreiv01
681151,murrj001,murraja01
119585,murrj101,murraji01
119589,murrj102,murrajo01
119584,murrj103,murraji02
542750,murrj701,
119590,murrl101,murrala01
119591,murrm001,murrama01
119586,murrm101,murrami01
818010,murrm102,murrami02
119592,murrp101,murrapa01
119594,murrr101,murrari01
119593,murrr102,murrara01
119587,murrr103,murrare01
119577,murrt101,murrato02
119596,murrt102,murrato01
119599,murtd101,murtada01
444875,murtm001,murtoma01
119600,muset101,muserto01
119601,musgd101,musgrde01
643466,musgh001,musgrha01
605397,musgj001,musgrjo01
656786,mushp001,mushipa01
496999,musid701,
119602,musis101,musiast01
119607,mussb101,mussiba01
119606,mussd101,musseda01
119603,mussj001,musseje01
119608,mussm001,mussimi01
461377,mussn001,mussene01
119605,mussp101,mussepa01
119604,mussr001,mussero01
119609,musta101,mustaal01
427356,mustr701,
119610,mutij001,mutisje01
492669,mutrj801,mutriji99
665922,muzzs001,muzzisi01
119612,myatg101,myattgl01
119611,myatg102,myattge01
119620,myera101,myersal01
408206,myerb001,myersbr01
119630,myerb101,myersbi01
119619,myerb102,myersbe01
119613,myerb103,myerbu01
818007,myerb104,
667472,myerd001,myersda01
427357,myerd801,
119614,myere101,myersel01
119616,myerg001,myersgr01
119615,myerg101,myersge01
119625,myerh101,myersha01
119618,myerh102,myershy01
119617,myerh103,myershe01
119621,myerj001,myersji01
119622,myerj101,myersjo01
,myerj901,
119623,myerl101,myersly01
119624,myerm001,myersmi01
119626,myerr001,myersra01
119629,myerr002,myersro01
119628,myerr003,myersro02
119627,myerr101,myersri01
668964,myert001,myersto01
571976,myerw001,myerswi01
150329,myeta001,myettaa01
119631,myrib101,myricbo01
434703,myrob001,myrowbr01
119632,nabhc001,nabhoch01
119633,naboj101,naborja01
,naceh901,
294558,nadyx001,nadyxa01
119634,naeht001,naehrti01
119635,nageb101,nagelbi01
425788,nagec001,nageocl01
119636,nagel101,nagello01
119637,nager101,nagelru01
119639,naglj101,nagleju01
119638,naglt101,nagleto01
119640,nagyc001,nagych01
119641,nagym101,nagymi01
119642,nagys101,nagyst01
119643,nahes101,nahemsa01
119644,nahob001,nahorbi01
664942,nailj001,naileja01
425781,nakam001,nakammi01
435518,nakan001,nakamno01
119645,naktp101,naktepe01
119646,nalef101,nalewfr01
,nalld901,
818008,nanca101,nancear01
119647,nancd101,nancedo01
424585,nancs001,nancesh01
667297,nanct001,nanceto01
119648,napib101,napiebu01
818006,napie101,napieeu01
119649,napla101,napleal01
119650,napod101,napolda01
,napoe801,
818005,napol101,napolla01
435063,napom001,napolmi01
,nappl901,
571980,naqut001,naquity01
119652,narag101,naranch01
119651,narah101,naragha01
677053,narda001,nardian01
119654,narlb101,narlebi01
119653,narlr101,narlera01
119655,narrj001,narroje01
,narrj801,
433897,narrs001,narrosa02
119656,narrs101,narrosa01
119657,narub101,narumbu01
429780,narvc001,narvech01
665966,narvc002,narvaca01
553882,narvo001,narvaom01
119661,nashb101,nashbi01
119658,nashc101,nashco01
818003,nashg101,nashge01
119659,nashj101,nashji01
119660,nashk101,nashke01
818002,nashu101,nash02
680897,nastn001,nastrni01
119662,nastp101,nastuph01
119663,natab001,natalro01
494884,natel801,
150274,nathj001,nathajo01
349192,natij001,natiojo01
119664,natop101,natonpe01
427361,nauep901,
676050,naugp001,naughpa01
119665,nauld001,naultda01
640459,navab001,navarbr01
425900,navad001,navardi01
537953,navad002,navada01
519068,navae001,navaref01
679346,navae002,navared01
119667,navaj001,navarja01
119668,navaj101,navarju01
664265,navaj901,
817993,navam101,navarmi01
464281,navao001,navaros01
519071,navar001,navarre01
817997,navar101,navarra01
119666,navas101,navasa01
119669,navat001,navarti01
501605,navay001,navarya01
666310,naylb001,naylobo01
119670,nayle101,nayloea01
647304,naylj001,naylojo01
119671,naylr101,nayloro01
119672,naymm101,naymimi01
119673,neagd001,neaglde01
119674,neagj101,neaglja01
346862,nealb001,nealbl01
119675,nealc101,nealch01
119677,nealg101,nealegr01
817988,nealg102,
119679,nealj101,nealoji01
119678,nealj102,nealejo01
119676,nealo101,nealof01
489166,nealt001,nealth01
594943,nealz001,nealza01
817990,nearh101,nearshe01
119680,neccr101,necciro01
119681,needt101,needhto01
680891,neelj001,neelyja01
817989,neelr101,neelera01
119682,neelt001,neeltr01
119683,neemc101,neemaca01
119684,neffd101,neffdo01
502117,negrk001,negrokr01
,negrp901,
119685,negrr101,negraro01
119686,nehej101,neherji01
119687,nehfa101,nehfar01
119688,neibg101,neibaga01
119689,neidj001,neidlji01
663734,neidn001,neideni01
119690,neiga101,neigeal01
119692,neigb101,neighbo01
119691,neigc101,neighcy01
136261,neilm001,neillmi01
817985,neilr101,neilra01
119693,neilt101,neillto01
119694,neisb101,neisbe01
119695,neite101,neitzer01
119696,nekob101,nekolbo01
119698,nelsa101,nelsoan01
408107,nelsb001,nelsobr01
434525,nelsb002,nelsobr02
119716,nelsb101,nelsobi01
,nelsb901,
455126,nelsc001,nelsoch01
119705,nelsc101,nelsoca01
817981,nelsc102,nelsocl01
119699,nelsd101,nelsoda01
,nelsd901,
119700,nelse101,nelsoem01
817983,nelse103,nelsoev01
119715,nelsg001,nelsoge01
119704,nelsj001,nelsoje01
406874,nelsj002,nelsojo01
449448,nelsj003,nelsojo02
519076,nelsj004,nelsoji02
119703,nelsj101,nelsoja01
119702,nelsj102,nelsoji01
817980,nelsj103,
427362,nelsj901,
669459,nelsk001,nelsoky01
119707,nelsl101,nelsoly01
119706,nelsl102,nelsolu01
817977,nelsl103,nelsole01
119708,nelsm101,nelsome01
656793,nelsn001,nelsoni01
119710,nelsr001,nelsori01
119711,nelsr002,nelsoro03
669194,nelsr003,nelsory01
119713,nelsr101,nelsoro02
119709,nelsr102,nelsora01
119701,nelsr103,nelsoro01
119697,nelsr104,nelsore01
427363,nelss901,
119714,nelst101,nelsoto01
119712,nelst102,nelsote01
119717,nen-d101,nendi01
119718,nen-r001,nenro01
593576,nerih001,nerishe01
553970,nesba001,nesbian01
450212,neshp001,neshepa01
119719,nessj101,nessja01
687263,netoz001,netoza01
119720,nettg001,nettlgr01
119721,nettj101,nettlji01
119722,nettm101,nettlmo01
119723,netzm101,netzemi01
407915,neu-m001,neumi01
119724,neu-o101,neuot01
119725,neubh101,neubaha01
,neudj901,
119726,neuet101,neuerte01
400302,neugn001,neugeni01
119727,neumd101,neumeda01
119728,neunj101,neunjo01
641914,neuss001,neusesh01
596720,neved001,neverdo01
119730,nevee101,neverer01
119729,nevee102,neveler01
119731,nevia101,nevinal01
119732,nevip001,nevinph01
663527,nevit001,nevinty01
623470,newbj001,newbeja01
817979,newbj101,newbeji01
431056,newbp701,
119733,newcd101,newcodo01
656794,newcs001,newcose01
119734,newej101,neweljo01
119736,newet001,newelto01
119735,newet101,newelt.01
119737,newfm001,newfima01
209315,newhd001,newhada01
119738,newhd101,newhado01
119739,newhh101,newhoha01
817973,newka101,newkial01
119740,newkf101,newkifl01
119741,newkj101,newkijo01
119742,newlm101,newlima01
119743,newma001,newmaal01
150141,newma002,newmaal02
119744,newmc101,newmach01
119745,newmf101,newmafr01
119746,newmj001,newmaje01
456682,newmj002,newmajo01
621028,newmk001,newmake01
119747,newmr101,newmara01
817974,newmt101,newmata01
817971,newmw101,newma03
119748,newnp101,newnapa01
119749,newsb101,newsobo01
119750,newsd101,newsodi01
664714,newsl001,newsolj01
817970,newso101,newsoom01
119751,newss101,newsosk01
119752,newsw001,newsowa01
119753,newtd101,newtodo01
547912,ngoeg001,ngoepgi01
547820,ni--f001,nifu01
119754,niarg101,niarhgu01
504379,nicaj001,nicasju01
,nicer101,
119759,nicha101,nichoar01
119758,nicha102,nichoal01
,nicha901,
592592,nichb001,nichobr01
119774,nichb101,nichobi01
817972,nichb102,nichobi02
119760,nichc001,nichoca01
119775,nichc002,nichtch01
119763,nichc101,nichoch01
119762,nichc102,nichoch02
119769,nichd101,nichoda01
119764,nichd102,nichodo02
119756,nichd103,nichodo01
119771,nichf101,nichofr02
119770,nichf102,nichofr01
150441,nichk001,nichode01
119761,nichk101,nichoki01
119772,nicho101,nichoov01
119773,nichp101,nichopa01
119768,nichr001,nichore01
119766,nichr002,nichoro02
119767,nichr101,nichoro01
119757,nichs101,nichosi01
119755,nichs102,nichosa01
119765,nicht101,nichotr01
276518,nickd001,nickldo01
435081,nickm001,nickemi01
,nicod801,
,nicof101,
119776,nicog101,nicolge01
119777,nicoh101,nicolhu01
592593,nicoj001,nicolju01
693312,nicok001,nicolky01
119778,nicos001,nicosst01
621512,nidot001,nidoto01
119779,niebc101,niebech01
492906,niebr801,
119780,niedd001,niedda01
119781,niedt001,niedeto01
119782,nieha101,niehaal01
119784,niehb101,niehobe01
119783,niehd101,niehadi01
119785,niekj001,niekrjo01
408067,niekl001,niekrla01
119786,niekp001,niekrph01
119787,nielj001,nielsje01
119789,nielm101,nielsmi01
119788,niels001,nielssc01
119794,niema101,niemial01
119791,niemb101,niemabo01
119790,niemb102,niemabu01
435298,niemj001,niemaje01
119793,niemj101,niemeja01
119792,niemr001,niemara01
119795,niesc101,niesoch01
477003,niesj001,niesejo01
543589,nieta001,nietoad01
119796,niett001,nietoto01
543590,nieuk001,nieuwki01
430588,nievf001,nievefe01
119797,nievj001,nieveju01
136303,nievj002,nievejo01
119798,nievm001,nieveme01
408242,nievw001,nievewi01
119799,niggj101,niggejo01
582731,nigrk701,
680951,nikhd001,nikhado01
119800,nilat101,nilanto01
119802,nileb101,nilesbi01
119801,nileh101,nilesha01
119803,nillr101,nillra01
119804,nilsd001,nilssda01
607043,nimmb001,nimmobr01
119805,nippa001,nippeal01
430962,nippd001,nippedu01
119806,nippm101,nippeme01
119807,niscr101,nischro01
457292,nisht001,nishits01
119808,nitco101,nitchot01
119809,nitkc001,nitkoc.01
657697,nittv001,nittovi01
429709,nivar001,nivarra01
434624,nix-j001,nixja01
656798,nix-j002,nixja02
425556,nix-l001,nixla01
119810,nixoa101,nixonal01
119813,nixod001,nixondo01
119812,nixoo001,nixonot01
119814,nixor101,nixonru01
119811,nixot001,nixontr01
119815,nixow101,nixonwi01
817965,nixow102,nixonwi02
817969,noblb101,noblebi01
,noblj101,
119816,noblr101,noblera01
119817,noboj001,noboaju01
119818,nocep001,nocepa01
676116,nodar001,nodary01
678877,noelj001,noeljh01
592596,noelr001,noelri02
456051,noesh001,noesihe01
119819,noftg101,noftsge01
596056,nogoj001,nogowjo01
668665,nogos001,nogosst01
119820,nokem001,nokesma01
605400,nolaa001,nolaaa01
543592,nolaa002,nolaau01
119821,nolae101,nolanth01
119822,nolag101,nolanga01
119823,nolaj001,nolanjo01
445060,nolar001,nolasri01
119824,noldd101,nolddi01
119825,noled001,nolesdi01
543594,nolis001,nolinse01
669738,nollj001,nollja01
119826,nolte001,nolteer01
119827,nomoh001,nomohi01
408110,nomut001,nomurta01
119828,nonnr101,nonnere01
519082,noonn001,noonani01
119829,noonp101,noonape01
663457,nootl001,nootbla01
119830,nopsj101,nopsje01
681393,norbc001,norbyco01
467099,norbj001,norbejo01
119833,nordl101,nordylo01
119831,nordt101,nordbti01
119832,nordw101,nordhwa01
119834,norei101,norenir01
119835,norij101,noriejo01
119838,normb101,normabi01
817964,normb102,
119836,normd101,normada01
817960,norme101,normael01
119837,normf101,normafr01
817962,normg101,normaga01
817959,normj101,
119839,norml001,normale01
119840,normn001,normane01
502032,norrb001,norribu01
519083,norrd001,norride01
596057,norrd002,norrida01
,norre901,
119841,norrj101,norriji01
119842,norrl101,norrile01
119843,norrm101,norrimi01
573062,norta001,northaa01
119845,nortb101,northbi01
,nortb801,
119851,norte101,nortoef01
119852,nortf101,nortofr01
119853,nortg001,nortogr01
119846,north101,northhu01
119850,nortj101,northji01
119849,nortj102,northja01
119844,nortl101,northlo01
,nortl901,
150041,nortp001,nortoph01
119847,nortr101,northro01
119848,norts101,northsc01
119854,nortt101,nortoto01
817958,nortu101,norto02
656803,norwj001,norwoja01
119855,norww101,norwowi01
119856,noser001,nosekra01
119857,nossj101,nossejo01
,nothc901,
119858,nottd101,nottedo01
,notte801,
641924,nottj001,nottija01
119859,nourc101,noursch01
467100,novai001,novaiv01
,noval901,
119860,novil101,noviklo01
119861,novor001,novoara01
430604,novor002,novoaro01
119862,novor101,novotru01
,noxoh901,
119863,noyew101,noyeswi01
119864,nunal101,nunamle01
119865,nunea001,nunezab01
346863,nunea002,nunezab02
,nuneb101,
624513,nuned001,nunezdo01
628345,nuned002,nunezda01
673380,nuned003,nunezde01
119866,nunee001,nunezed01
456488,nunee002,nunezed02
674384,nunee003,nunezed03
400066,nunef001,nunezfr01
119867,nunej001,nunezjo01
400308,nunej002,nunezjo02
471919,nunej003,nunezjh01
434663,nunel001,nunezle01
683083,nunen001,nunezna01
600524,nuner001,nunezre01
136727,nunev001,nunezvl01
817953,nunlb101,nunlebu01
119868,nunnh101,nunnho01
119869,nunnj001,nunnajo01
277418,nunnt001,nunnata01
573064,nunov001,nunovi01
119870,nusze101,nuszem01
817951,nuttb101,nuttabi01
119871,nuttd101,nuttedi01
119872,nuxhj101,nuxhajo01
119873,nycec101,nycech01
119875,nye-r001,nyery01
119874,nye-r101,nyeri01
119876,nymac101,nymanch01
119877,nymaj101,nymanje01
119878,nyman101,nymanny01
119879,oaker101,oakesre01
817952,oaklc101,oaklech01
656805,oakst001,oakstr01
119880,oanap101,oanapr01
119881,oatej101,oatesjo01
119882,obans001,obandsh01
519085,oberb001,oberhbr01
641927,oberb002,oberba01
119885,oberd101,oberldo01
817945,oberd102,
119886,oberf101,oberlfr01
119883,oberh101,oberbhe01
119884,oberk001,oberkke01
119887,oberm001,o'bermi01
623184,obers001,obergsc01
425286,oberw001,obermwe01
119888,obraj101,obradji01
119910,obrib101,o'bribu01
119912,obrib102,o'bribi01
119905,obrib103,o'bribo01
119889,obric001,o'brich01
119896,obrid101,o'brida02
119890,obrid102,o'brida03
,obrid103,o'brida01
119891,obrie101,o'bried01
,obrif901,
119893,obrig101,o'brige01
119900,obrij101,o'brijo03
119898,obrij103,o'brija02
119897,obrij104,o'brijo02
119899,obrij105,o'brija01
119895,obrij106,o'brijo01
,obrij901,
,obrij902,
119892,obrim101,o'bridi01
119903,obrip001,o'bripe03
598284,obrip002,obriepe01
119902,obrip101,o'bripe01
119901,obrip102,o'bripe02
,obrip901,
676617,obrir001,obrieri01
119904,obrir101,o'brira01
119906,obris101,o'brisy01
119909,obrit101,o'brito02
119908,obrit102,o'brito01
119907,obrit103,o'brito03
,obriw901,
817948,obryw101,obryawi01
,oceaf801,
119913,ochoa001,ochoaal01
430649,ochoi001,ochoaiv01
119914,ock-w101,ockwh01
655366,ockes701,
119915,ockew101,ockeywa01
119921,ocona101,o'conan01
,ocona901,
150256,oconb001,o'conbr02
119916,ocond101,o'conda02
119922,ocond102,o'conda01
119923,oconf101,o'confr01
119924,oconj001,o'conja02
119919,oconj101,o'conjo01
119917,oconj102,o'conji01
119918,oconj103,o'conjo03
119926,oconj104,o'conja01
119925,oconj105,o'conjo02
695905,oconj701,
,oconj901,
456585,oconm001,oconnmi01
119920,oconp101,o'conpa01
119927,oconp102,o'conpa02
,ocont901,
,oconu901,
503285,odayd001,odayda01
119928,odayh101,o'dayha01
,odayl901,
119929,odeak101,o'deake01
119930,odeap101,o'deapa01
119931,odelb101,o'delbi01
,odelm901,
817943,odenj101,odenjo01
119932,odent101,odenwte01
,odlia901,
119933,odomd101,odomda01
119934,odomh101,odomhe01
641929,odomj001,odomjo01
119935,odomj101,odombl01
,odomj901,
817944,odoms101,odomsa01
119936,odong101,o'donge01
119937,odonh101,o'donha01
119940,odonj001,o'donjo03
119939,odonj101,o'donjo02
119938,odonj102,o'donjo01
,odonj901,
543606,odorj001,odorija01
596059,odorr001,odorro01
492514,odorr801,
119941,odoul101,o'doule01
431058,odrit701,
119942,odwef101,odwelfr01
119943,oelkb001,oelkebr01
469721,oeltt001,oeltjtr01
119944,oertc101,oertech01
119945,oescj101,oeschjo01
119946,oestr001,oestero01
119947,ofarb101,o'farbo01
,ofaro101,
119948,offej001,offerjo01
119949,offir101,officro01
817941,offum101,offutmo01
447714,oflae001,oflaher01
468396,ogana001,ogandal01
642657,oganc001,ogandcr01
596331,ogann001,ogandne01
829272,ogass001,ogasash01
119951,ogdec101,ogdencu01
119950,ogdej101,ogdenja01
119952,ogeac001,ogeach01
119953,oglej101,oglesji01
119954,oglib001,oglivbe01
657434,ograb001,ogradbr01
622217,ograc001,ogradch01
,ograc101,
119955,ogrob101,ogrodbr01
119956,ogroj101,ogrodjo01
493200,oh--s001,ohse01
119957,ohagh101,o'hagha01
119958,ohalg001,o'halgr01
119961,oharb101,o'harbi01
119959,ohark101,o'harki01
119960,ohart101,o'harto01
656811,ohear001,ohearry01
219594,ohkat001,ohkato01
119962,ohl-j101,ohljo01
701487,ohl-p001,ohlpi01
456027,ohler001,ohlenro01
572000,ohlmm001,ohlmami01
349193,ohmaw001,ohmanwi01
150227,ohmek001,ohmeke01
681351,ohopl001,ohopplo01
660271,ohtas001,ohtansh01
119963,ojalk001,ojalaki01
324432,ojeda001,ojedaau01
119964,ojedb001,ojedabo01
425864,ojedm001,ojedami01
506606,okajh001,okajihi01
657247,okeeb001,okeefbr01
595345,okers001,okertst01
608360,okeyc001,okeych01
119965,okrif101,okriefr01
119966,okril101,okriele01
119967,olanj001,olandji01
119968,oldfd101,oldfida01
119970,oldhj101,oldhajo01
817936,oldhj102,oldhaji01
119969,oldhr101,oldhare01
119971,oldib101,oldisbo01
119972,oldrr101,oldriru01
119973,oleac101,o'leach01
119974,olead101,o'leada01
119975,oleat001,o'leatr01
119976,olerj001,olerujo01
,olige901,
119977,olinf101,olinfr01
119978,olins001,olinst01
119983,oliva001,oliveal01
501989,oliva002,olivean01
119989,olivb101,olivebo01
119993,olivc101,olivoch01
119984,olivd001,oliveda02
119992,olivd101,olivodi01
119985,olivd102,oliveda01
658668,olive001,olivaed02
119981,olive101,olivaed01
119991,olivf001,olivefr01
119986,olivg101,olivege01
493343,olivh001,olivehe01
119987,olivj001,olivejo01
119979,olivj002,olivajo01
666931,olivj003,olivaja01
817934,olivj101,oliveji01
817935,olivj102,olivejo02
500902,olivl001,olivele01
400018,olivm001,olivomi01
492515,olivm801,
119988,olivn101,olivena01
119982,olivo001,olivaom01
699520,olivr701,
119990,olivt101,oliveto01
119980,olivt102,olivato01
670124,ollea001,ollerad01
119994,olloj101,ollomji01
408232,olmer001,olmedra01
543607,olmoe001,olmosed01
119995,olmol101,olmolu01
119997,olmsa101,olmstal01
119996,olmsf101,olmstfr01
119998,olmsh101,olmstha01
672552,olouj001,olougja01
,olous901,
,olsea901,
120000,olseb101,olsenba01
407485,olsek001,olsenke01
119999,olseo101,olsenol01
435179,olses001,olsensc01
120001,olsev101,olsenve01
,olsew101,
681131,olsod701,
120002,olsog001,olsongr01
120003,olsog002,olsongr02
457796,olsog003,olsonga01
120004,olsoi101,olsoniv01
120005,olsok101,olsonka01
621566,olsom001,olsonma02
120006,olsom101,olsonma01
681857,olsor001,olsonre01
425633,olsot001,olsonti01
621397,olsot002,olsonty01
120007,olsot101,olsonte01
592609,olt-m001,oltmi01
120008,olwie001,olwined01
456133,omalr001,omallry01
502523,omals001,omallsh01
120009,omalt001,o'malto01
120010,omaro101,o'marol01
120011,omeat101,o'meato01
817928,omeau101,omead01
476134,omogb001,omogrbr01
817929,oms-a101,omsal01
671250,ona-j001,onajo01
446185,ondrl001,ondrulo01
817927,oneal101,
120014,onear001,o'neara01
120013,oneas101,o'neask01
120012,oneau101,o'nea01
120032,oneib101,o'neibi01
,oneib801,oneilbu01
817922,oneic101,oneilch01
120015,oneid101,o'neide01
120016,oneie101,o'neied01
120030,oneie102,o'neiem01
120019,oneif101,o'neifr01
120026,oneih101,o'neiha01
120020,oneih102,o'neiha02
120018,oneij101,o'neijo02
120025,oneij102,o'neija01
120024,oneij103,o'neijo01
120023,oneij104,o'neiji01
120027,oneim101,o'neimi01
120017,oneim102,o'neimi02
120028,oneip001,o'neipa01
120029,oneip101,o'neipe01
120031,oneis101,o'neist01
641933,oneit001,oneilty01
120022,oneit101,o'neiti01
120021,oneiu101,o'neij.01
120033,onisr101,onisra01
427366,onorb901,
120034,onsle101,onsloed01
120035,onslj101,onsloja01
120036,ontis001,ontivst02
120037,ontis101,ontivst01
120038,oquej001,oquenjo01
120039,oquim001,oquismi01
817924,orang101,oranggr01
120040,orant101,oranto01
817925,oranu101,orang01
120041,orave101,oraveer01
120042,ordal001,ordazlu01
120043,ordet101,ordento01
120044,ordom001,ordonma01
120045,ordor001,ordonre01
120046,orenj101,orengjo01
644337,orf-n001,orfna01
120047,oriek001,orieke01
120048,orild101,o'rildo01
449181,orlap001,orlanpa01
817918,ormec101,ormecl01
120049,ormeg101,ormege01
,ormsr901,
120050,orndj101,orndoje01
680716,ornej001,orneljo01
672359,ornet001,ornelti01
400280,orope001,oropeed01
120051,orosj001,oroscje01
120055,orouc101,o'rouch01
120053,orouf101,o'roufr01
120058,orouj101,o'roujo02
120057,orouj102,o'roujo01
120054,orouj103,o'rouji01
120060,oroum101,o'roumi01
120059,oroup101,o'roupa01
120056,orouq101,o'rouqu01
594951,orour001,orourry01
120062,orout101,o'routi01
120061,orout102,o'routo01
120052,orouu101,o'rou01
120064,orr-b101,orrbi01
120063,orr-d101,orrda01
434681,orr-p001,orrpe01
120065,orrej101,orreljo01
120066,orsae101,orsater01
120067,orsij101,orsinjo01
120068,orsuj001,orsuljo01
672391,ort-k001,ortka01
120069,ortaj001,ortajo01
471162,ortea001,ortegan01
400108,orteb001,ortegbi01
120071,ortef101,ortenfr01
514639,ortej001,ortegjo01
661383,orteo001,ortegol01
120070,ortep101,ortegph01
542364,orter001,ortegra01
,orter801,
120072,ortha101,orthal01
120078,ortib101,ortizba01
120074,ortid001,ortizda01
543611,ortid002,ortizda02
,ortif101,
136582,ortih001,ortizhe01
120073,ortij001,ortizju01
120075,ortij002,ortizja01
276515,ortij003,ortizjo04
517451,ortij004,ortizjo05
687401,ortij005,ortizjo06
120076,ortij101,ortizjo01
120077,ortil001,ortizlu01
656814,ortil002,ortizlu02
682847,ortil003,ortizlu03
133460,ortir001,ortizru01
150009,ortir002,ortizra02
120079,ortir101,ortizro01
817912,ortir102,ortizra03
577468,ortir901,
430931,ortmd001,ortmeda01
120080,ortoj001,ortonjo01
435378,orvec001,orvelch01
120081,orwoo101,orwolos01
679358,orzee001,orzeer01
120088,osbob101,osborbo02
120083,osbob102,osborbo01
120085,osbod001,osbordo01
,osbod801,
120087,osbof101,osborfr01
120084,osbof102,osborfr02
120082,osboo101,osboroz01
120090,osbop101,osburpa01
120086,osbot101,osborti01
120089,osbow101,osborwa01
,osbow901,
120091,osgoc101,osgooch01
592612,osicj001,osichjo01
120092,osikk001,osikke01
120093,osind101,osinsda01
817914,oslej101,osleyju01
434701,osorf001,osorifr01
120094,ostdh101,ostdiha01
120099,osteb101,osterbi01
120096,ostec101,osteech01
120101,ostec102,osterch01
120095,ostec103,osteecl01
120097,osted101,osteeda01
120102,ostef101,osterfr01
120098,ostef102,ostenfr01
120100,oster101,osterre01
275701,ostij001,ostinji01
120103,ostrb101,ostrobr01
120105,ostrj101,ostrojo02
120104,ostrj102,ostrojo01
,osulj901,
477525,osulp801,
457711,osuls001,osullse01
120106,osuna001,osunaal01
120107,osuna002,osunaan01
696030,osuna003,osunaal02
591741,osunj001,osunajo01
532077,osunr001,osunaro01
621261,oswac001,oswalco01
400061,oswar001,oswalro01
671305,otanm001,otanemi01
136400,otanw001,otanewi01
519096,oterd001,oteroda01
120109,oterr001,oterori01
120108,oterr101,oterore01
120110,oteyb101,oteybi01
120111,otisa001,otisam01
120113,otisb101,otisbi01
120112,otish101,otisha01
120114,otood101,o'toode01
120115,otooj101,o'tooji01
120116,otoom101,o'tooma01
430788,otsua001,otsukak01
120119,ott-b101,ottbi01
120118,ott-e101,otted01
120117,ott-m101,ottme01
493603,ottaa001,ottavad01
120122,otteb101,otterbi01
120120,ottej101,ottenji01
120121,ottej102,ottenjo01
120123,ottod001,ottoda01
657248,ottog001,ottogl01
120124,ouelp001,ouellph01
120125,oullj101,oullijo01
817915,ouslg101,ouslegu01
120126,outec101,outench01
120127,outlj101,outlaji01
489189,outmj001,outmajo01
681546,outmj002,outmaja01
817909,overa101,overtal01
656818,overc001,overtco01
592614,overd001,overtdi01
407489,overl001,overbly01
120130,overm101,overymi01
120128,overo101,overaor01
120129,overs101,overmst01
670912,oviej001,oviedjo01
665854,oviel001,oviedlu01
120131,ovite101,ovitzer01
120132,owchb001,owchibo01
817910,owena101,owensau01
817907,owena102,owensal01
,owenb901,
120134,owend001,owenda01
817908,owend101,owensde01
120140,owene001,owenser01
120141,owenf101,owensfr01
120135,owenf102,owenfr01
452291,owenh001,owenshe01
596064,owenh002,owenshe02
670462,owenh003,owenhu01
120139,owenj001,owensja02
435539,owenj002,owensje01
120143,owenj101,owensji01
120142,owenj102,owensja01
817906,owenj103,owensju01
120136,owenl001,owenla01
120133,owenm101,owenmi01
120137,owenm102,owenma01
817901,oweno101,owensos01
492675,owenp801,owenspa99
502168,owenr001,owensru01
120144,owenr101,owensre01
817902,owenr102,owensro01
120138,owens001,owensp01
817903,owens101,owenssm01
817904,owens102,owenssy01
687074,owent001,owensty01
817897,owenw101,owenswi01
572008,owinc001,owingch01
452249,owinm001,owingmi01
120145,ownbr001,ownberi01
120146,oxleh101,oxleyhe01
430684,oxspc001,oxsprch01
120147,oylea101,oyleran01
120148,oyler101,oylerra01
492676,ozard801,ozarkda99
120149,ozmed101,ozmerdo01
542303,ozunm001,ozunama01
150367,ozunp001,ozunapa01
,paasw901,
120150,paboc101,paborch01
120151,pabse101,pabsted01
817900,paceb101,pacebr01
817899,paceg101,pacegr01
120152,pacej001,paceljo01
120153,pacha001,pacheal01
665506,pachc001,pachecr01
457574,pachj001,pachejo01
,pachj901,
,pacht801,
120155,pacij001,pacioji01
120156,pacij101,paciojo01
120154,pacip001,pacilpa01
120157,pacit001,pacioto01
120158,packf101,packfr01
120159,packg101,package01
,packs901,
120160,pactj101,pactwjo01
663978,paddc001,paddach01
120163,paddd101,paddode01
120161,paddd102,paddedi01
120162,paddt101,paddeto01
120164,padgd101,padgedo01
120165,padge101,padgeer01
433677,padij001,padilju01
407786,padij002,padiljo01
,padij901,
656820,padin001,padilni01
218894,padiv001,padilvi01
656821,padlk001,padloke01
817895,padrj101,padroju01
817891,padrl101,
482188,padud701,
120166,paepd101,paepkde01
,paepj801,
120167,pafka101,pafkoan01
434636,pagaa001,paganan01
120168,pagad101,paganda01
641941,pagae001,paganem01
120169,pagaj101,paganjo01
681624,pagea001,pagesan01
120170,pagej101,pagejo01
120176,pagek101,pagelka01
120172,pagem001,pagemi02
120171,pagem101,pagemi01
686780,pagep001,pagespe02
120173,pagep101,pageph01
120174,pages101,pagesa01
817889,paget101,pagete01
120175,pagev101,pageva01
120177,paglj101,pagliji01
120178,paglm001,paglimi01
431166,pagnm001,pagnoma01
120179,pagnt001,pagnoto01
120180,paigp101,paigepa01
120181,paigs101,paigesa01
120183,painl001,paintla01
120182,painp101,paineph01
641943,palaj001,palacjo01
650339,palaj002,palacje01
120186,palam101,palagmi01
120184,palar001,palacre01
680700,palar002,palacri01
120185,palav001,palacvi01
694037,paled001,palenda01
,pales901,
120187,palie101,palicer01
669449,palij001,palisja01
594953,palkd001,palkada01
669467,palla001,pallaan01
120188,palld001,palldo01
,palld901,
817885,palma101,palmaal01
817882,palmb101,palmbo01
687223,palmc001,palmqca01
817884,palmc101,palmcl01
817881,palmc102,palmecu01
120193,palmd001,palmeda01
120194,palmd002,palmede01
120200,palme101,palmqed01
120198,palme102,palmeem01
120195,palme103,palmeed01
120196,palmj001,palmeji01
120199,palmj101,palmijo01
120197,palml101,palmelo01
817879,palml102,palmele01
461212,palmm001,palmema01
120189,palmm101,palmmi01
120190,palmo001,palmeor01
120191,palmr001,palmera01
120192,palmu101,palme01
817877,paloe101,
643478,paluj001,palumjo01
120201,palys101,palysst01
,panar901,
817875,pangl101,
120202,panij001,paniajo01
605412,panij002,panikjo01
817876,paniu101,
120203,pankj001,pankoji01
623381,pannt001,pannoth01
120204,pantj101,panthji01
120206,papaa101,papaial01
120205,papaj101,papajo01
,papaj901,
449097,papej001,papeljo01
120207,papek101,papeke01
120208,papel101,papela01
120210,papif101,papisfr01
657709,papim001,papiemi01
120209,papis101,papist01
120212,pappe001,pappaer01
120211,pappj101,pappajo01
120213,pappm101,pappami01
120214,paquc001,paquecr01
120215,parda001,pardoal01
817871,pardj101,pardejo01
622161,paree001,pareded01
487675,paree002,pareded02
660600,paree003,pareden01
120217,paref101,parenfr01
670623,parei001,paredis01
120216,parej001,paredjo01
517370,parej002,paredji01
120218,parem001,parenma01
817864,parep101,
120219,parik001,pariske01
677347,parik002,parisky01
449157,parim001,parismi01
120220,parit101,paristo01
120237,parka101,parksar01
120223,parka102,parkeac01
,parka103,
453284,parkb001,parkebl01
666560,parkb002,parkby01
120240,parkb101,parksbi01
120235,parkb102,parkebi01
120230,parkc001,parkecl01
120221,parkc002,parkch01
150409,parkc003,parkech01
817859,parkc101,parksch01
120225,parkd001,parkeda01
120238,parkd002,parksde01
120226,parkd101,parkedi01
120228,parkd102,parkedo01
,parkd901,
120236,parkf101,parkifr01
,parkg901,
660829,parkh001,parkho01
120229,parkh101,parkeha01
817861,parkh102,
519105,parkj001,parkeja02
592620,parkj002,parkeja03
120231,parkj101,parkeja01
120222,parkj102,parkji01
817855,parkj103,
592621,parkk001,parkeky01
680730,parkm001,parkemi01
120224,parkp101,parkepa01
120233,parkr001,parkeri01
120234,parkr101,parkero01
120239,parks101,parkssl01
120227,parks102,parkesa01
817862,parks103,parkeso01
817856,parkt101,parketo01
,parku901,
120232,parkw101,parkewe01
817851,parkw103,
476633,parmc001,parmech01
622210,parmi001,parmlia01
120241,parmr101,parmero01
458730,parnb001,parnebo01
120242,parnm101,parneme01
120243,parnr101,parnhru01
817852,parnr102,parnero01
406301,paroc001,paronch01
817850,parpa101,parpeag01
133220,parqj001,parquji01
519107,parra001,parrian01
817846,parrc101,parricl01
467827,parrg001,parrage01
120245,parrj001,parreje01
120244,parrj002,parrajo01
332292,parrj003,parrijo01
444970,parrj004,parrja01
120252,parrj101,parroji01
485856,parrj901,
120248,parrl001,parrila02
120249,parrl002,parrila01
448159,parrm001,parrama01
120250,parrm101,parromi01
817854,parrm102,parrama02
120247,parrs001,parrist01
120246,parrs101,parrisa01
120251,parrt101,parroto01
120259,parsb101,parsobi01
120254,parsc001,parsoca01
120255,parsc101,parsoch01
120256,parsd101,parsodi01
120253,parsj102,parsoji01
120258,parst101,parsoto01
641149,parsw001,parsowe01
489197,partc001,partccu01
120263,partj101,partrja01
120260,partr101,partero01
817849,partr102,partlro01
120262,parts101,partest02
120261,parts102,partest01
120265,pascb101,paschbi01
120264,pascb102,paschbe01
120267,pascc101,pascuca01
120266,pascc102,pascuca02
407831,pascv001,pascuva01
120268,pasej101,pasekjo01
120269,pashl001,pashnla01
120270,paskd101,paskedo01
120271,paslk101,pasleke01
120272,pasqd001,pasquda01
120273,pasqm101,pasqumi01
686469,pasqv001,pasquvi01
,passa901,
120274,passc101,passecl01
120277,pastc101,pastocl01
120275,pastf001,pastofr01
120276,pastj101,pastoji01
817845,pastp101,pastope01
543629,pastt001,pastoty01
,patch101,
,patct901,
817842,patea101,
120279,pateb101,patebo01
120280,patef101,patekfr01
519110,patej001,paterjo01
120278,patej101,patejo01
672715,patil001,patinlu01
,patkm801,
132940,patrb001,patribr01
120281,patrb101,patribo01
694477,patrc001,patrich01
120297,pattb001,pattebo01
120304,pattb101,pattobi01
279913,pattc001,patteco01
120283,pattc101,patteca01
120294,pattc102,pattecl01
120285,pattd001,patteda04
456029,pattd002,pattoda01
120287,pattd101,patteda03
120286,pattd102,patteda02
120284,pattd103,patteda01
452221,patte001,patteer01
817838,patte101,pattoe01
431059,patte701,
120288,pattg101,pattegi01
120303,pattg102,pattoge01
120301,pattg103,pattige01
817835,pattg104,pattega01
120290,patth101,patteha03
120305,patth102,pattoha01
120289,patth103,patteha02
120282,patth104,patteha01
120292,pattj001,pattejo01
120291,pattj002,patteje01
283169,pattj003,patteja01
279568,pattj004,pattejo02
641958,pattj005,pattejo03
120302,pattj101,pattiji01
817837,pattj102,
120293,pattk001,patteke01
120300,pattm101,pattima01
120295,pattm102,pattemi01
544563,pattm903,
120299,pattp101,pattepa01
817839,pattp102,pattepa02
120296,pattr001,pattere01
572017,pattr002,pattere02
120298,pattr101,pattero01
456499,patts001,pattesc01
607359,patts002,pattosp01
684900,patts701,
461856,pattt001,pattotr01
120306,pattt101,pattoto01
572019,paulb001,paulsbe01
120309,paulc101,paulaca01
456102,pauld001,pauleda01
600944,pauld002,paulida01
462956,paulf001,paulife01
688363,paulg001,paulegr01
120311,paulg101,paulsgi01
120310,paulg102,paulege01
150331,paulj001,pauljo01
120307,paull101,paullo01
120308,paulm101,paulmi01
425661,paulr001,pauliro01
449082,paulx001,paulxa01
120312,pauxs101,pauxtsi01
134321,pavac001,pavanca01
120313,pavld001,pavlada01
120314,pavld101,pavledo01
494874,pavlg801,
120315,pavlr001,pavliro01
120316,pawet101,pawelte01
120318,pawlj001,pawlojo01
120317,pawls101,pawlost01
668921,pawoj901,
572020,paxtj001,paxtoja01
120319,paxtm101,paxtomi01
606303,payaj001,payamjo01
622797,payap001,payanpe01
,paylj901,
817833,payna101,
817829,payne101,payneer01
120320,paynf101,paynefr01
120324,payng101,payntge01
120321,payng102,paynege01
120322,paynh101,payneha01
120323,paynm001,paynemi01
817828,paynr101,payneru01
665066,paynt001,paynety01
817827,paynt101,payneto01
134341,paytj001,paytoja01
592622,paytm001,paytoma01
120325,pazim101,pazikmi01
572021,pazoj001,pazosja01
502748,peacb001,peacobr01
120326,peacj101,peacojo01
676840,peacm001,peacoma01
817821,peacu101,peaco02
817823,peacw101,peacewa01
120327,peake101,peakel01
,peakf901,
120337,peara101,pearsal01
120336,peara102,pearsal02
120334,peard101,pearcdu01
120333,peard102,pearcdi01
120329,pearf101,pearcfr02
120335,pearf102,pearsfr01
120328,pearf103,pearcfr01
817822,pearf104,pearsfr02
120330,pearg101,pearcge01
120331,pearh101,pearcha01
120338,peari101,pearsik01
407870,pearj001,pearcjo01
421983,pearj002,pearsja01
120332,pearj101,pearcji01
817818,pearl101,pearsle01
817825,pearl102,pearsle02
120339,pearm101,pearsmo01
663878,pearn001,pearsna01
456665,pears001,pearcst01
,pears901,
408195,peart001,pearste01
120340,peasm101,peaslma01
817817,peatm101,peatrma01
408241,peavj001,peavyja01
120342,pechc101,pechoch01
120341,pechg101,pechige01
120343,peckh101,peckha01
,peckh102,
120344,peckr101,peckiro01
120345,pecob001,pecotbi01
592626,pedej001,pederjo01
120346,pedel101,pedenle01
817820,pedem101,pedemma01
120347,pedes001,pederst01
120349,pedra001,pedrial01
120350,pedrc101,pedroch01
456030,pedrd001,pedrodu01
817819,pedre101,pedroeu01
120348,pedrj001,pedrejo01
817814,pedrr101,pedrora01
120351,peeks101,peekst01
120352,peelh101,peelho01
817812,peepn101,peeplna01
,peerd101,
120353,peerj101,peersja01
120354,peerr101,peeryre01
120355,peetc101,peetech01
120356,peffm101,peffemo01
451713,peguc001,pegueca01
665625,pegue001,pegueel01
501317,peguf001,peguefr01
120357,peguj001,pegueju01
460639,peguj002,pegueja01
666711,peguj003,peguejo01
678894,pegul001,pegueli01
120358,pegus001,peguest01
120359,peith101,peitzhe01
120360,peitj101,peitzjo01
408475,pelaa001,pelaeal01
,pelec901,
460059,pelfm001,pelfrmi01
641962,pelhc001,pelhacd01
817813,pelhd101,pelhado01
120361,pelle101,pellaed01
408227,pellk001,pelloki01
652957,pellm701,
120362,pelol101,peloulo01
120364,peltb101,peltyba01
120363,peltd001,peltida01
120365,peltj101,peltzjo01
120366,pembb101,pembebr01
424926,pembd001,pembeda01
120367,pembr001,pemberu01
120369,penaa001,penaal01
136723,penaa002,penaan01
516414,penaa003,penaar01
120368,penab001,penabe01
430910,penab002,penabr01
150289,penac001,penaca01
341392,penae001,penael01
506747,penaf001,penafr01
570240,penaf002,penafe01
120371,penag001,penage01
120372,penah001,penahi01
120373,penaj001,penaji01
150170,penaj002,penaju01
227494,penaj003,penaje01
665161,penaj004,penaje02
120374,penaj101,penajo01
817810,penal101,penal01
120375,penao101,penaor01
120376,penar001,penara01
455369,penar002,penara02
120377,penar101,penaro01
678998,penar801,
120370,penat001,penato01
430640,penat002,penato02
430963,penat003,penato03
276377,penaw001,penawi01
120378,pence101,penceel01
452254,pench001,pencehu01
120379,pencr101,penceru01
120380,pendj101,pendlji01
459983,pendl001,pendlla01
120381,pendt001,pendlte01
,peneh101,
817805,penna101,penniar01
120384,pennb001,pennibr01
207267,pennb002,pennybr01
460060,pennc001,pennicl01
435140,pennh001,pennha01
120386,pennh101,pennohe01
120385,pennk101,pennike01
120383,pennk102,penneke01
120382,penns001,pennsh01
120387,pennw001,pennywi01
679156,pennw002,penniwa01
683068,penrz001,penroza01
120388,pensp101,pensopa01
120389,pentg101,pentzge01
427392,pentj801,
120390,peopj101,peoplji01
120391,pepij101,pepitjo01
686752,pepir001,pepiory01
120392,peplh101,peplohe01
120393,peplp101,peplope01
120397,peppb101,peppebo01
120394,peppd101,peppedo01
120398,pepph101,peppeha01
120395,peppl101,peppela01
120396,peppr101,peppera01
444482,perad001,peralda01
642547,peraf001,peralfr01
425509,peraj001,peraljh01
407908,peraj002,peraljo01
606299,peraj003,perazjo01
678821,peral001,perallu01
120399,peral101,perazlu01
120400,perao001,perazos01
672724,perao002,perazos02
671111,peras001,peralsa01
503449,peraw001,peralwi01
593974,peraw002,peralwa01
120402,percj001,percoja01
120401,perct001,percitr01
622780,perda001,perdoan01
672695,perdg001,perdoge01
120403,perdh101,perduhu01
466412,perdl001,perdolu01
606131,perdl002,perdolu02
407815,perea001,perezan01
542233,perea002,perezau01
425558,pereb001,perezbe01
120405,perec001,perezca01
453198,perec002,perezch01
542208,perec003,perezca02
672335,perec004,perezci01
656024,perec005,perezca03
120406,pered001,perezda01
,pered901,
120408,peree001,perezed01
120407,peree002,perezed02
516811,peree003,perezeu01
691587,peree004,perezeu02
677592,peree005,pereiev01
816854,peree101,
445010,peref001,perezfe01
660906,peref002,perezfr01
120409,pereg101,perezge01
541650,pereh001,perezhe01
660431,pereh002,perezhe02
817791,perei101,
448722,perej001,perezju01
543633,perej002,perezju02
669309,perej003,perezjo02
640902,perej004,peredjh01
817786,perej101,perezjo01
817785,perej102,
817792,perej103,perezja01
817799,perej104,pereijo01
469802,perel001,perezlu01
817784,perel101,perezlu02
120411,perem001,perezme01
120412,perem002,perezmi01
430952,perem003,perezmi02
527048,perem004,perezma02
605421,perem005,perezmi03
120410,perem101,perezma01
120413,peren001,perezne01
136602,pereo001,perezod01
424144,pereo002,perezol01
120414,perep001,perezpa01
120415,perer001,perezro01
460370,perer002,perezra01
547379,perer003,perezro02
,perer901,
150080,peres001,perezsa01
521692,peres002,perezsa02
120404,peret001,perezto01
120418,peret002,perezto02
120416,peret003,perezto03
340392,peret004,perezti01
554234,perew001,perezwi01
672761,perew002,perezwe01
120417,perey001,perezyo01
570639,perey002,perezye01
120419,perim001,perisma01
120420,perkb001,perkibr01
663368,perkb002,perkibl01
817779,perkb101,perkibi01
573088,perkc001,perkica01
120423,perkc101,perkicy01
120422,perkc102,perkich01
120421,perkc103,perkice01
817775,perkc104,perkice02
150228,perkd001,perkida01
598867,perkd701,
450282,perkg001,perkigl01
120425,perkh101,perkoha01
678022,perkj001,perkija01
120424,perkj101,perkojo01
120426,perlj001,perlmjo01
120427,perls101,perlosa01
120428,perml101,permele01
120429,pernh101,pernohu01
817766,perra101,perryal01
120432,perrb101,perribi01
120436,perrb102,perrybo01
120443,perrb103,perrybo02
,perrb901,
334092,perrc001,perrych01
120437,perrc101,perrycl01
817769,perrc102,perryca01
817767,perrd101,
120439,perrg001,perryge01
120438,perrg101,perryga01
120434,perrg102,perrige01
120440,perrh001,perryhe01
120444,perrh101,perryha01
434634,perrj001,perryja01
120431,perrj101,perrijo01
120442,perrj102,perryji01
817772,perrj103,
817765,perrl101,perryly01
120433,perrn101,perrini01
120445,perrp001,perrypa02
120435,perrp101,perripo01
120446,perrp102,perrypa01
543634,perrr001,perryry01
120430,perrr101,perraro01
120441,perrs101,perrysc01
817770,perru101,perry03
817761,perrw101,perrywa01
120447,persr001,persoro01
120448,pertb101,pertibi01
120449,perzs101,perzast01
120450,peskj101,peskyjo01
502260,pestv001,pestavi01
120451,petar001,petagro01
120463,petea001,peterad01
433594,petea002,peterad02
519128,peteb001,peterbr01
453857,peteb002,peterbr02
120470,peteb101,peterbo01
120464,peteb102,peterbu01
120453,peteb103,peterbi01
120454,petec001,peterch01
150051,petec002,peterch02
120465,petec101,peterca01
,petec102,
596071,peted001,peterdi01
640460,peted002,peterdu01
656849,peted003,peterda01
656847,peted004,peterdj01
484662,peted701,
120466,petef101,peterfr01
120455,peteg101,peterga01
120467,peteh101,peterha01
817760,peteh102,peterha02
120452,petej001,peterje01
607054,petej002,peterja01
120468,petej101,peterji01
120457,petej102,peterjo02
120456,petej103,peterjo01
150081,petek001,peterky01
120469,petek101,peterke01
656848,petem001,petermi01
120460,peter001,peterri01
120461,peter101,peterru02
120458,peter102,peterru01
120459,peter103,peterra01
427395,peter801,
120462,petes001,peterst01
451089,petes002,petersh01
120471,petes101,petersi01
623402,petet001,peterti01
671976,petet002,petertr01
463610,petig001,petitgr01
433589,petiy001,petityu01
120472,petkm001,petkoma01
120473,petot101,petoste01
150052,petrb001,petribe01
459336,petrb002,petribi01
120476,petrd001,petryda01
120474,petrg001,petrage01
502593,petrj001,petrija01
508413,petrm701,
120475,petrr101,petrori01
120485,petta001,pettian01
282562,petta002,pettyad01
120484,pettb101,pettibo01
817756,pettb102,
501941,pettc001,pettich01
695534,pettc002,pettych02
120486,pettc101,pettych01
120481,pettg001,pettiga01
543643,pettj001,pettijo02
120480,pettj101,pettijo01
120478,pettj102,pettija01
120487,pettj103,pettyje01
120483,pettl101,pettile01
120479,pettn101,pettine01
120482,pettp101,pettipa01
120477,pettp102,pettepa01
817752,petwb101,petwabr01
817753,petwh101,
817755,petws101,petwash01
120488,pevem001,peveyma01
120489,pezol101,pezolla01
120490,pezzp101,pezzupr01
694297,pfaab001,pfaadbr01
,pfahf101,
120491,pfanb101,pfannbi01
120494,pfeff101,pfefffr01
120493,pfeff102,pfeffbi01
120492,pfefj101,pfeffje01
120495,pfeib101,pfeilbo01
120496,pfiej101,pfiesja01
817751,pfifu101,pfiff01
,pfirc901,
120497,pfisd101,pfistda01
120498,pfisg101,pfistge01
120499,pfunl101,pfundle01
120500,pfylm101,pfylmo01
502054,phamt001,phamth01
120501,phebb101,phebubi01
572033,phegj001,phegljo01
120502,phela101,phelaar01
120507,phelb101,phelpba01
543647,phelc001,phelpco01
475479,pheld001,phelpda01
120504,pheld101,pheladi01
120503,pheld102,phelada01
120506,phele101,phelped01
150482,phelj001,phelpjo01
120508,phelk001,phelpke01
,phell801,phelale99
120505,pheln101,phelpne01
120509,phelr101,phelpra01
817749,phelr102,phelpro01
400127,phelt001,phelptr01
425882,phelt002,phelpto01
817748,phelu101,phelp02
,phelu901,
425429,phila001,phillan01
120512,phila101,phillad01
408252,philb001,phillbr01
621433,philb002,phillbr02
120529,philb101,phillbi02
120520,philb102,phillbu02
120513,philb103,phillbu01
120528,philb104,phillbi01
683175,philc001,phillco01
120511,phild101,phillde01
120510,phild102,phillda01
120526,phild103,philldi01
120516,phild104,phillda02
,phild901,
623465,phile001,phillev01
120518,phile101,philled02
120517,phile102,philled01
120525,phile103,philled03
817746,phile104,philler01
457495,philh001,phillhe01
817747,philh101,phillho01
492678,philh801,phillho99
120514,philj001,phillj.01
150259,philj002,phillja03
282993,philj003,phillja04
120519,philj101,phillja02
120521,philj102,phillja01
444351,philk001,phillky01
817745,phill101,phillle01
,phill801,phillle99
120524,philm101,phillmi01
120523,philm102,phillma01
817742,philm103,phillmo01
817741,philn101,phillno01
150207,philp001,phillpa01
120515,philr101,phillre01
120522,philt001,phillto02
663969,philt002,phillty01
120530,philt101,phillta01
120527,philt102,phillto01
452061,philz001,phillza01
464426,phipd001,phippde01
,phipj901,
120532,phoes001,phoenst01
120531,phoet101,phoebto01
120533,phylb101,phylebi01
276516,piata001,piattad01
120534,piatd001,piattdo01
120535,piatw101,piattwi01
120536,piazm001,piazzmi01
120538,piccn101,piccini01
120537,piccr001,picciro01
817743,piccu101,picca01
120539,pichh001,pichahi01
120540,pichr101,pichero01
120541,piciv101,picinva01
136730,pickc001,pickeca01
120549,pickc101,pickrcl01
120546,pickc102,pickech01
120542,pickc103,pickch01
120547,pickd101,pickeda01
120543,picke101,picked01
120548,pickj101,pickejo01
429402,pickj801,
150260,pickk001,pickfke01
120544,picko101,pickeol01
132240,pickr001,pickeri01
120550,pickt101,pickuty01
120545,picku101,pickeur01
120551,picoj001,picoje01
120552,picom101,piconma01
429712,pie-f001,piefe01
120553,pieca101,piechal01
430621,piedj001,piedrjo01
120554,piehc101,piehcy01
150229,piera001,pierza.01
120566,piera101,pieroal01
120563,piera102,piercan01
120562,pierb101,piercbi02
120567,pierb102,pierrbi01
120564,pierb103,piercbi01
817739,pierb104,piercbi03
407073,pierc001,piersch01
120570,pierd101,piersdi01
120569,pierd102,piersda01
120555,piere001,pierced01
120556,pierg101,piercgr01
120557,pierj001,piercje01
334393,pierj002,pierrju01
120558,pierj101,piercja01
120568,pierj102,piersji01
564601,pierj801,
120565,pierm101,pierema01
120559,pierm102,piercma01
120560,pierr101,piercra01
817738,pierr102,pierrro01
120561,piert101,piercto01
817735,pieru101,piers02
120571,pierw101,pierswi01
120572,piett101,pietto01
120573,piezs101,piezsa01
817730,piggl101,piggle01
450320,pignc001,pignaca01
120574,pignj101,pignajo01
120576,pikej101,pikeje01
120575,pikej102,pikeja01
120577,pikel101,pikeli01
120578,piktg101,piktuge01
120579,pilaa101,pilaral01
,pilam901,
452063,pilip801,
663455,pilkk001,pilkiko01
489209,pillb001,pillbr01
120580,pilld101,pilledu01
120581,pillh101,pillehe01
607680,pillk001,pillake01
817733,pilll101,pillolu01
120582,pills101,pillisq01
543652,pillt001,pillty01
120583,pilna101,pilnean01
,piloj101,
516935,pimes001,pimenst01
120584,pinah101,pinaho01
444489,pinam001,pinama01
673820,pinar001,pinaro01
572038,pindb001,pindebr01
640461,pindc001,pindech01
817729,pindf101,
120585,pineb101,pinelba01
672832,pinei001,pinedis01
334492,pinej001,pineijo01
400079,pinel001,pinedlu01
501381,pinem001,pinedmi01
120586,pinil001,pinielo01
817731,pinka101,pinksal01
120587,pinke101,pinkhed01
120588,pinkg101,pinknge01
120589,pinne101,pinnaed01
464416,pinoy001,pinoyo01
120590,pinsv101,pinsova01
500887,pintj001,pintojo01
702752,pintj002,pintajo01
120591,pintl101,pintole01
430594,pintr001,pintore01
620982,pintr002,pintori01
650907,pintr003,pintore02
666207,pintr004,pintri01
120592,pipge101,pipgred01
120593,pipgg101,pipgrge01
817728,pipkd101,pipkidi01
120595,pippc101,pippeco01
120594,pippw101,pippwa01
517369,pirej001,pireljo01
120596,pirij101,pirieji01
120597,pirkg001,pirklgr01
,pirrj101,
120598,pirtg101,pirtlge01
120599,piscm001,piscima01
572039,piscs001,piscost01
120600,pisoj101,pisonji01
120601,pitka101,pitkoal01
120602,pitlj101,pitleja01
120603,pitls101,pitlosk01
120604,pittc001,pittach01
120608,pittg101,pittsga01
120607,pittj001,pittmjo01
120609,pittj002,pittsji01
120606,pittp101,pittipi01
120605,pittt101,pittito01
817727,pittu101,pitts02
120610,pitus101,pitulst01
120611,pitzh101,pitzhe01
601713,piven001,pivetni01
120612,pizaj101,pizarju01
120613,pladg101,pladsgo01
120617,plane001,planter01
120616,plane101,planked01
120614,plane102,planeem01
120615,plane103,planked02
120618,planp001,plantph01
120619,plard101,plarsdo01
120620,plase101,plaskel01
674681,plasm001,plassmi01
820934,plasm801,
120622,plata101,plattal01
433397,platd701,
120621,platw101,plattwh01
608700,plawk001,plaweke01
,plazr801,
120623,pleib101,pleisbi01
120624,plesd001,plesada01
120625,plesr101,plessra01
668676,plesz001,plesaza01
120626,plewh101,plewshe01
120627,plitn101,plittno01
120628,plocw101,plockwa01
120629,plodt101,ploditi01
461858,plout001,plouftr01
120630,plumb101,plummbi01
663911,plumn001,plummni01
120631,plune001,plunker01
592644,pluta001,plutkad01
120632,plymj001,plympje01
120633,poatr101,poatra01
621363,pochc001,pocheco01
120634,pocob001,pocorbi01
120635,podbb101,podbibu01
120636,podgj101,podgajo01
120637,podrj101,podrejo01
325392,podss001,podsesc01
120638,poepm101,poeppmi01
120639,poetj101,poetzjo01
120640,pofaj101,pofahji01
120642,poffb101,poffebo01
120641,poffj101,poffjo01
120643,pohot101,poholto01
120645,poina101,pointaa01
120644,poinj101,poindje01
817718,poinr101,poindro01
817717,poinr102,poinsro01
570256,polag001,polangr01
120646,polah101,polanhu01
593871,polaj001,polanjo01
135784,polap001,polanpl01
817719,polar101,polanra01
120648,polck001,polcoke01
120647,polcl101,polchlo01
431147,poldb801,
120649,poled101,poledi01
817716,polee101,polesed01
817712,poles101,polessp01
120650,polhm101,polhema01
131700,polic001,politcl01
120651,polig001,polidgu01
120652,polik101,polivke01
572041,polla001,polloaj01
120654,polld001,polleda01
120653,pollh101,polleho01
120655,polll101,pollilo01
120656,polln101,pollyni01
817711,polln102,pollana01
120657,poloj101,polonjo01
120658,polol001,polonlu01
519141,pomed001,pomerdr01
456421,pomes001,pomerst01
120659,pomoj101,pomorjo01
592647,pompd001,pompeda01
,pompj901,
120660,poncc001,ponceca01
664074,poncc002,ponceco01
594965,poncd001,ponceda01
427402,poncl901,
120661,ponda101,pondar01
120663,ponde101,pondeel01
120662,pondr101,pondra01
430561,ponds001,pondsi01
132260,ponss001,ponsosi01
817705,poolc101,poolecl01
120665,poole101,pooleed01
120664,poolh101,poolha01
120666,poolj001,pooleji02
120667,poolj101,pooleji01
120668,poolr101,poolera01
817707,poolu101,pool03
120669,poort101,poormto01
647315,pop-z001,popza01
687166,popea001,popeau01
120670,poped101,popeda01
817703,popee101,popeed01
817702,popej101,popeja01
817704,popew101,popewi01
623980,popkd801,
492680,popoe801,popowed99
120671,popop101,popovpa01
120672,poppb101,poppbi01
120673,poppg101,popplge01
664092,popps001,poppese01
120674,poqut101,poqueto01
519144,porcr001,porceri01
519145,porea001,poredaa01
817698,pores101,poreesa01
120675,porre101,porraed01
120689,porta101,portoar01
120688,porta102,portoal01
817701,porta103,portean01
484198,porta901,
216694,portb001,portebo03
120686,portb101,portebo02
120687,portb102,portebo01
817693,portb103,portuba01
120676,portc001,portech01
429421,portc002,porteco01
120678,portd001,porteda02
120685,portd101,portedi01
120677,portd102,porteda01
120679,porth101,portehe01
120680,porti101,porteir01
120681,portj101,porteja01
682515,portl001,portelo01
120690,portm001,portuma01
120682,portm101,portema01
120683,portn101,portene01
120684,porto101,porteod01
817700,portu101,
,portu901,
511308,porzg701,
150053,porzm001,porzimi01
120691,posaj001,posadjo01
120692,posal101,posadle01
457763,poseb001,poseybu01
120695,poseb101,poserbo01
120694,poseb102,posedbi01
506636,posec101,poseycu99
120693,poses001,posesc01
120696,possl101,posselo01
120697,postl101,postle01
120698,posts101,postsa01
120699,postw101,postwa01
547001,potec001,poteeco01
150010,potel001,potelo01
120707,pottd101,pottsda01
120701,pottd102,pottedy01
120705,pottj101,pottsjo01
817689,pottl101,pottela01
120706,pottm001,pottsmi01
120702,pottm101,pottemi01
120700,pottn101,pottne01
120703,pottn102,pottene01
120704,potts101,pottesq01
,potts901,
120708,poulk101,poulske01
676571,poulp001,poulipj01
572044,pounb001,poundbr01
120709,pounb101,poundbi01
700249,povic001,povicca01
605428,povsm001,povsema01
120710,powea001,powelal01
120712,powea101,powelab01
150064,poweb001,powelbr01
621471,poweb002,powelbo02
120719,poweb101,powelbo01
120727,poweb102,powelbi01
817684,poweb103,powelbi02
,powec902,
120713,powed001,powelde01
120720,powed002,powelda01
817683,powee101,poweled01
120714,poweg101,powelgr01
120715,poweh101,powelho01
120734,powei101,powerik01
120717,powej001,powelja04
136262,powej002,powelje01
120724,powej101,powelja02
120716,powej102,powelji01
120733,powej103,powerjo01
120732,powej104,powerji01
120718,powej105,powelja01
120711,powej106,powelja03
,powej901,
445169,powel001,powella01
120725,powel101,powelle01
120735,powel102,powerle01
120721,powem101,powelma01
120736,powem102,powerdo01
120731,powem103,powermi01
120737,powep101,powerph01
120722,powep102,powelpa01
492681,powep801,powerpa99
120726,power001,powelro01
120723,power101,powelra01
817680,power102,powelru01
817687,power103,powelro02
120728,powet001,powerte01
120729,powet101,powerto01
545242,powet701,
120730,powev101,powervi01
817681,powew101,powelwi01
,powew901,
120738,powic101,powisca01
,powlh101,
596074,poynb001,poynebo01
120739,pozoa001,pozoar01
650968,pozoy001,pozoyo01
445988,pradm001,pradoma01
120740,pralw101,prallwi01
120741,pramj101,pramejo01
407892,prata001,prattan01
120742,prata101,prattal01
120743,pratd101,prattde01
817674,prate101,
120744,pratf101,prattfr01
120745,pratl101,prattla01
,pratl901,
817677,pratm101,
668472,pratn001,prattni01
120747,pratt001,prattto02
120746,pratt101,prattto01
120748,pregj101,pregejo01
120749,preim101,preibme01
120752,preng101,prentge01
120750,prenj101,prendji01
120751,prenm101,prendmi01
502100,presa001,preslal01
817675,presa101,prestal01
120753,presb101,prescbo01
817676,presh101,presshe01
120755,presj001,preslji01
120754,presj101,preskjo01
519151,presr001,pressry01
120756,prest101,pressto01
120757,presw101,prestwa01
458669,pricb001,pricebr10
120763,pricb101,prichbo01
482391,pricb701,
427406,pricb801,pricebr99
456034,pricd001,priceda01
120761,pricj001,pricejo02
120760,pricj101,pricejo01
120758,pricj102,priceji01
120759,pricj103,priceja01
564813,pricj801,priceji99
120762,pricw101,pricebi01
120765,pridb101,priddbo01
120766,pridc001,pridecu01
,pridc101,
445095,pridj001,pridija01
120764,pridj101,priddje01
120768,priea001,prietar01
282587,priea002,prietal01
408076,priec001,prietch01
693409,priec002,prietce01
133222,priee001,priesed01
120767,priej101,priesjo01
682990,prieq001,priesqu01
120769,primr101,primra01
817669,primr102,primra02
400092,prinb001,prinzbr01
120770,prind101,princdo01
572389,prinj001,princjo01
817672,prinj101,
120771,print001,princto01
817670,prinu101,
120772,prinw101,princwa01
407578,priom001,priorma01
817666,prior101,
120773,pritb101,pritcbu01
120774,pritc001,pritcch01
817665,pritw101,pritcwi01
665154,procf001,proctfo01
817660,procg101,proctge01
120775,procj101,proctji01
120776,procr101,proctre01
429984,procs001,proctsc01
120777,proeg101,proesge01
595777,profj001,profaju01
150389,prokl001,prokolu01
120778,prolm101,prolymi01
120779,propj101,propsja01
817662,propw101,prophwi01
,prosh101,
120780,protd101,prothdo01
120781,proub101,prougbi01
,prouw101,
817661,provu101,provege01
120782,pruda101,prudhau01
120783,pruee101,pruesea01
120784,prueh101,pruethu01
120785,pruej101,pruetji01
643493,pruia001,pruitau01
120787,pruir101,pruitro01
120786,pruit101,pruiete01
817659,pryoa101,pryoran01
817657,pryob101,pryorbi01
817658,pryoe101,pryored01
120788,pryog001,pryorgr01
,pryop901,
543668,pryos001,pryorst01
817655,pryow101,
120789,puccg101,puccige01
120790,puckk001,puckeki01
120791,puckt101,pucketr01
527049,puelc001,puellce01
452064,puend801,
120792,puenm101,puentmi01
407836,puffb001,puffebr01
817656,pughj101,
120793,pught001,pughti01
120794,puhlj101,puhljo01
120795,puhlt001,puhlte01
120796,puigr101,puigri01
624577,puigy001,puigya01
405395,pujoa001,pujolal01
120797,pujol001,pujollu01
640462,puk-a001,pukaj01
120798,pulec001,puleoch01
120799,pulia001,pulidal01
120800,pulic001,pulidca01
,pullf901,
120801,pullh001,pulliha01
817653,pullo101,pulleon01
120802,pulsb001,pulsibi01
120803,pumps101,pumpesp01
346857,puntn001,puntoni01
120804,purcb101,purcebl01
453515,purcd001,purceda01
817647,purch101,purcehe01
,purda901,
120805,purdj101,purdijo01
120806,purdp101,purdypi01
120807,purkb101,purkebo01
545357,purkm001,purkema01
120808,purnj101,purneje01
120809,purno101,purneos01
120810,purtb101,purtebi01
,puskj901,
446367,putkl001,putkolu01
120811,putme101,putmaed01
456035,putnd001,putnada01
120812,putnp001,putnapa01
474029,putnz001,putnaza01
120813,putta101,puttmam01
407816,putzj001,putzjj01
120814,pybuj101,pyburji01
120815,pye-e001,pyeed01
120816,pyecj101,pyechjo01
120819,pylee101,pyleew01
120817,pyleh101,pyleha01
120818,pyles101,pylesh01
120820,pytlf101,pytlafr01
120821,pyznt001,pyznati01
534812,quack001,quackke01
433641,quadm801,quademi99
430589,qualc001,quallch01
120822,qualj101,quallji01
120823,qualt101,qualtto01
615698,quanc001,quantca01
120824,quanp001,quantpa01
120825,quarb101,quarlbi01
454596,quath801,
493032,quatm801,quatrma99
120828,queeb101,queenbi01
120827,queem101,queenme01
120826,queem102,queenme02
120829,quelg101,quellge01
435041,quenc001,quentca01
700337,quere001,queroed01
578570,querj001,quereju01
699949,quesd701,
120830,quesj101,questjo01
275935,quevr001,queveru01
629498,quezj001,quezajo01
120831,quice101,quicked01
120832,quich101,quickha01
,quicj901,
817650,quicu101,quick02
,quige901,
650671,quijj001,quijajo01
120833,quilf101,quilifr01
120834,quill101,quillle01
,quina901,
817644,quinb101,quintbu01
,quinb901,
120852,quinc001,quintca01
120837,quinf101,quinlfi01
120836,quinf102,quinlfr01
120840,quinf103,quinnfr01
120841,quinf104,quinnfr02
279827,quinh001,quinthu01
500779,quinj001,quintjo01
120843,quinj102,quinnja01
120845,quinj103,quinnjo02
120842,quinj104,quinnjo03
,quinj901,
120850,quinl001,quinolu01
120853,quinl101,quintlu01
240494,quinm001,quinnma01
120854,quinm101,quintma01
435560,quino001,quintom01
,quinp101,quinnjo01
,quinp102,quinnpa01
120844,quinp103,quinnpa02
120851,quinr001,quinore01
425477,quinr002,quinlro01
596451,quinr003,quinnro01
120838,quint001,quinlto01
120848,quint101,quinnto01
120839,quint102,quinnta01
817643,quint103,quinoto01
120835,quinu101,quinl01
120849,quinw101,quinnwi01
120856,quira101,quirkar01
606019,quire001,quiroes01
425565,quirg001,quirogu01
120857,quirj001,quirkja01
120855,quirr001,quirira01
120858,quisd001,quiseda01
,quisu901,
120859,raabb001,raabebr01
120860,rabbj001,rabbjo01
120861,rabbj101,rabbijo01
120862,rabec101,rabech01
435404,rabej001,rabejo01
430958,rabem001,rabelmi01
430605,rabur001,raburry01
120863,rachs101,rachust01
482663,rackd901,
120864,rackm101,racklma01
120865,raczm001,raczkmi01
120866,radad101,radatdi01
120867,radbc101,radboch01
120868,radbg101,radboge01
817639,radca101,radclal01
120869,radcj101,radcljo01
120870,radcr101,radclri01
,radct101,radclte01
120872,raded101,raderda01
120875,raded102,raderdr01
120874,raded103,raderdo02
120873,raded104,raderdo01
120871,rader101,radebro01
120876,radfp101,radfopa01
485105,radfr701,
492919,radid801,
120877,radis001,radinsc01
120878,radkb001,radkebr01
218094,radlr001,radloro01
132062,radmr001,radmary01
433298,radoe701,
120879,radtj101,radtkja01
120880,raeth101,raethha01
678882,rafac001,rafaece01
120882,raffa101,raffoal01
120881,raffk101,raffeke01
120883,raftj101,rafteja01
120884,raftt101,rafteto01
666142,ragac001,raganco01
120885,ragap101,raganpa01
120886,raggb001,raggibr01
120887,raglf101,raglafr01
817642,raglh101,raglahe01
120888,raglt101,raglato01
685068,ragsc001,ragsdca01
444141,ragsc801,
120889,raice101,raicher01
,raimb101,
120892,rainc001,rainech01
120893,rainj101,rainejo01
,rainj901,
120890,rainl101,rainela01
219494,rains001,rainst01
120891,raint001,raineti01
406428,raint002,raineti02
663432,raint003,raineta01
120894,rajsd101,rajsida01
120895,rajsg001,rajsiga01
433258,rakea001,rakeraa01
132680,rakej001,rakerja01
120896,rakoe101,rakowed01
,rakos901,
548384,raleb001,raleybr01
663728,ralec001,raleica01
120897,ralej101,raleijo01
670042,ralel001,raleylu01
120898,ralsd101,ralstdo01
120899,ramab101,ramazbo01
120901,rambp101,rambope01
120900,rambp102,rambepe01
133380,ramia001,ramirar01
150352,ramia002,ramiral02
493351,ramia003,ramiral03
682663,ramia004,ramirag01
120902,ramia101,ramiral01
570702,ramic001,ramirca01
285063,ramie001,ramirer01
430579,ramie002,ramirel01
469735,ramie003,ramired01
541640,ramie004,ramirer02
468517,ramie005,ramirel02
642629,ramie006,ramirem01
150082,ramih001,ramirhe01
400141,ramih002,ramirho01
434670,ramih003,ramirha01
623912,ramih004,ramirha02
817633,ramii101,
150369,ramij001,ramirju02
500724,ramij002,ramirjc01
608070,ramij003,ramirjo01
542432,ramij004,ramirjo02
452889,ramil801,
120904,ramim001,ramirma01
120903,ramim002,ramirma02
445615,ramim003,ramirma03
120905,ramim101,ramirmi01
519166,ramin001,ramirne01
598287,ramin002,ramirno01
598286,ramin003,ramirni01
120906,ramio101,ramiror01
120907,ramir001,ramirra01
133381,ramir002,ramirro01
430673,ramir003,ramirra02
459371,ramir004,ramirra03
641995,ramir005,ramirro02
817628,ramir101,ramirra04
425537,ramis001,ramirsa01
457133,ramiw001,ramirwi01
606162,ramiy001,ramirye01
670990,ramiy002,ramiryo01
573109,ramoa001,ramosaj01
682868,ramob001,ramosbr01
459987,ramoc001,ramosce01
120910,ramoc101,ramosch01
817626,ramoc102,ramosch02
605671,ramoc901,
120908,ramod001,ramosdo01
120909,ramoe001,ramosed01
591693,ramoe002,ramosed02
817625,ramoe101,
592656,ramoh001,ramoshe01
671218,ramoh002,ramoshe02
120911,ramoj001,ramosjo01
120912,ramok001,ramoske01
407398,ramom001,ramosma01
120913,ramop101,ramospe01
120914,ramor001,ramosbo01
467092,ramow001,ramoswi01
120920,ramsb101,ramsebi01
,ramsd901,
120916,ramsf001,ramsefe01
682010,ramsl001,ramsela02
817619,ramsl101,ramsela01
120918,ramsm001,ramsemi01
120917,ramsm002,ramsemi02
543677,ramsm003,ramsema01
150171,ramsr001,ramsaro01
,ramsr901,
120919,ramst101,ramseto01
120915,ramsw101,ramsdwi01
519168,ranaa001,ranauan01
120925,randb101,randabo01
120921,randd101,randdi01
120923,randj001,randasa01
120922,randj002,randajo01
120926,randl101,randlle01
,randl901,
120924,randn101,randane01
150159,rands001,randost01
150054,rands002,randasc01
427413,randt901,
120927,randw001,randowi01
817620,randw101,randawi01
120928,ranem101,ranewme01
120929,raner101,raneyri01
660604,ranga001,rangeal01
468007,rangj801,
285068,ransc001,ransoco01
120930,ransj101,ransoje01
817613,ransj102,ransojo01
449060,rapac001,rapadcl01
120931,rappe101,rappea01
120932,rappg101,rappgo01
120933,rappp001,rapppa01
492682,rappv801,rappve99
427414,rapue901,
675919,raqun001,raqueni01
120934,rarib101,raridbi01
120935,rascv101,raschvi01
688497,rasht001,rashita01
458675,rasmc001,rasmuco01
474284,rasmc002,rasmuco02
120936,rasmd001,rasmude01
656876,rasmd002,rasmudr01
120937,rasme101,rasmuer01
120938,rasmh101,rasmuha01
519169,rasmr001,rasmuro01
434480,rasnd001,rasneda01
,rastj901,
203732,rathf001,rathfr02
120939,rathf101,rathfr01
133320,rathg001,rathga01
120940,rathm101,rathmo01
120941,ratlg101,ratlige01
150307,ratlj001,ratlijo01
120942,ratlp101,ratlipa01
120943,ratzs101,ratzest01
120944,rau-d101,raudo01
120945,raubt101,raubto01
120946,raucb101,rauchbo01
400010,raucj001,rauchjo01
120947,raudb101,raudmbo01
427415,rausg701,
120948,rautl101,rautzla01
,ravab901,
,ravat901,
670231,ravej001,ravejo01
592660,raver001,ravelra01
502051,ravij001,ravinjo01
120950,rawlj101,rawlijo01
120949,rawls001,rawlesh01
444884,ray-c001,raych01
641999,ray-c002,rayco01
120951,ray-c101,rayca01
120956,ray-f101,rayfa01
120952,ray-i101,rayir01
120954,ray-j001,rayjo01
120953,ray-j101,rayji01
817611,ray-j102,rayjo02
150208,ray-k001,rayke01
,ray-k101,
120955,ray-l101,rayla01
817607,ray-o101,rayot01
459988,ray-r001,rayro01
592662,ray-r002,rayro02
120957,raydc101,raydocu01
120958,rayff001,rayfofl01
120960,raymb101,raymobu01
120962,raymc101,raymocl01
120959,raymf101,raymefr01
120961,raymh101,raymoha01
120963,rayml101,raymolo01
489231,raynj001,raynojo01
120964,razib101,raziaba01
607067,rea-c001,reaco01
120965,reaca101,reachal01
120966,reacb101,reachbo01
120967,readr001,readyra01
600466,readr002,readra01
120968,reagr101,reagari01
592663,realj001,realmjt01
337392,reamb001,reamebr01
120969,reaml101,reamsle01
,rearb901,
595371,rearc001,rearich01
,rearf101,
120971,rearj001,reardje01
120970,rearj101,reardji01
120972,rearp101,reardph01
817610,reava101,
120973,rebea101,rebelar01
120974,rebef101,reberfr01
120975,reboj001,rebouje01
120976,reccj101,reccijo01
120977,reccp101,recciph01
489232,recka001,reckean01
817606,rectc101,rectoco01
817605,rectu101,recto01
817598,reddb101,reddobo01
817603,reddd101,reddidi01
817602,redde101,reddeu01
502210,reddj001,reddijo01
120978,reddp101,reddiph01
817604,redds101,
400062,reddt001,redditi01
817601,reddu101,reddul01
120979,redej101,rederjo01
120980,redfb101,redfebu01
120982,redfj001,redfijo01
120981,redfp101,redfepe01
,redhu901,
120984,redmb101,redmobi01
120983,redmg101,redmogl01
120985,redmh101,redmoha01
120987,redmj101,redmoja01
133226,redmm001,redmomi01
150230,redmm002,redmama01
425511,redmp001,redmapr01
276523,redmt001,redmaju01
445170,redmt002,redmoto01
120986,redmw101,redmowa01
120988,redug001,redusga01
817597,reduw101,reduswi01
817596,redwb101,redwibe01
,redye801,
120989,reecb101,reecebo01
592665,reeda001,reedad01
607223,reeda002,reedaj01
817599,reeda102,reedal01
121006,reedb101,reedebi01
121000,reedb102,reedbo01
121003,reedb103,reedbi01
607068,reedc001,reedch01
642003,reedc002,reedco01
120990,reedd001,reedda01
430971,reede001,reeder01
519175,reede002,reedev01
,reede101,
120992,reedh101,reedhu01
120991,reedh102,reedho01
121004,reedi101,reedeic01
120993,reedj001,reedje02
120994,reedj002,reedje01
120995,reedj003,reedjo01
430598,reedj004,reedje03
596082,reedj005,reedja02
120996,reedj101,reedja01
817592,reedj102,reedjo02
407910,reedk001,reedke01
605439,reedm001,reedmi02
120997,reedm101,reedmi01
565669,reedm801,
121005,reedn101,reedeni01
121001,reedr001,reedro01
120999,reedr002,reedri01
,reedr901,
121002,reeds001,reedst01
431064,reeds701,
120998,reedt101,reedte01
817594,reelj101,reelji01
121011,reesj101,reeseji01
817590,reesj102,reesejo01
817586,reesj103,reeseji02
456436,reesk001,reeseke01
121009,reesp001,reesepo01
121010,reesp101,reesepe01
121012,reesr101,reeseri01
121008,reesr102,reesera01
121007,reess101,reesst01
656883,reetj001,reetzja01
121013,reevb101,reevebo01
817587,reevd101,reevedo01
817588,reeve101,
817585,reevj101,
666939,reevt701,
608701,refsr001,refsnro01
121018,regab101,reganbi01
121015,regaj101,reganjo01
121016,regam101,reganmi01
121017,regap101,reganph01
817581,regap102,regalpe01
121014,regar101,regalru01
430651,regin001,regilni01
461862,regis001,regisst01
121019,regot101,regoto01
605672,rehaj901,
121020,rehgw101,rehgwa01
121021,reibf101,reibefr01
150209,reicd001,reichda01
121024,reicd101,reichdi01
121022,reich101,reichhe01
121023,reicr101,reichri01
817583,reida101,reidam01
121029,reidb101,reidybi01
121028,reidb102,reidbi01
121025,reide101,reidea01
121026,reidj001,reidje01
474256,reidr001,reidry01
656887,reids001,reidfse01
121027,reids101,reidsc01
121032,reila101,reillar01
121033,reilb101,reillba01
121031,reilc101,reillch01
121035,reilc102,reillch02
,reilc901,
121030,reild101,reilldu01
121036,reilh101,reillha01
121038,reilj101,reilljo02
121034,reilj102,reilljo03
121037,reilj103,reilljo01
427419,reilm901,
121039,reilt101,reillto01
121040,reimk001,reimeke01
460099,reimn001,reimono01
121044,reina101,reinhar02
121043,reina102,reinhar01
448656,reinc001,reinech01
595373,reinj001,reinhja01
121041,reinm101,reinbmi01
431235,reint901,
121042,reinw101,reinewa01
643617,reinz001,reiniza01
121045,reipc101,reipsch01
121054,reisa101,reissal01
121051,reisb101,reisibu01
121048,reisb102,reisbo01
121052,reisc101,reisich01
121053,reisd101,reisldo01
121046,reisj101,reisja01
121047,reisl101,reisla01
121050,reisp101,reisepe01
121049,reist101,reisto01
367944,reitb001,reithbr01
277410,reitc001,reitsch01
,reite101,
121055,reith101,reitzhe01
121056,reitk101,reitzke01
121057,rekab001,rekarbr01
676646,reksz001,reksza01
121058,relad001,relafde01
,relic901,
121059,remeb101,remenbu01
642005,remiw801,
621545,remiz001,remilza01
121060,remlm001,remlimi01
121061,remmw101,remmewi01
121062,remna101,remneal01
121063,remsj101,remseja01
121064,remyj001,remyje01
543685,renda001,rendoan01
573113,rendt001,rendato01
817578,renfc101,renfrch01
121065,renfe101,renfeer01
592669,renfh001,renfrhu01
121066,renfl001,renfrla01
121067,renfm101,renfrma01
650859,rengl001,rengilu01
121069,renih101,renifha01
121070,renij101,reninji01
121068,renir101,renicri01
121071,renks101,renkost01
121072,rennb101,rennabi01
,rennd901,
121073,renst101,rensato01
121074,rente001,renteed01
121075,rentr001,renteri01
121076,repab101,repasbo01
434705,repkj001,repkoja01
121077,repla101,reploan01
121078,repor101,repozro01
121079,repur101,repulri01
121080,rescx101,rescixa01
,resig801,
434592,resoc001,resopch01
121081,ressl101,resslla01
121082,restd101,restedi01
282879,restm001,restomi01
121084,rettg101,rettgge01
121083,rettm101,retteme01
121085,retto101,rettiot01
121086,retzk101,retzeke01
121087,reule101,reulbed01
121090,reusj001,reussje01
121088,reusp101,reuscpa01
121089,reusr001,reuscri01
519184,reveb001,reverbe01
121092,reved101,reverda01
121091,revet001,revento01
121093,revih101,revilhe01
121094,rextw101,rextewi01
482666,reybd901,
121099,reyea001,reyesal01
435039,reyea002,reyesan01
469040,reyea003,reyesar01
621052,reyea004,reyesal02
121095,reyec001,reyesca01
,reyec801,
121096,reyed001,reyesde01
660593,reyed002,reyesde02
614177,reyef001,reyesfr01
121097,reyeg001,reyesgi01
622103,reyeg002,reyesge01
408314,reyej001,reyesjo01
431170,reyej002,reyesjo02
457456,reyej003,reyesjo03
660875,reyej004,reyesje01
121098,reyen101,reyesna01
622569,reyep001,reyespa01
407813,reyer001,reyesre01
622682,reyev001,reyesvi01
121117,reyna001,reynoar02
121101,reyna101,reynoar01
121100,reyna102,reynoal01
668804,reynb001,reynobr01
121116,reynb101,reynobi01
121111,reynb102,reynobo01
817576,reynb103,reynobi02
121107,reync001,reynocr01
121104,reync101,reynoch02
121102,reync102,reynoca01
121103,reync103,reynoch01
121106,reynd101,reynodo01
121105,reynd102,reynoda01
453353,reyng001,reynogr01
121108,reynh001,reynoha01
817573,reynj101,reynoji01
817575,reynj102,reynojo01
427424,reynj901,
121109,reynk101,reynoke01
448602,reynm001,reynoma01
519186,reynm002,reynoma02
608703,reynm003,reynoma03
121112,reynr001,reynor.01
121113,reynr002,reynoro02
121114,reynr101,reynoro01
121110,reyns001,reynosh01
669308,reyns002,reynose01
121115,reynt101,reynoto01
642008,rhamj001,rhameja01
121118,rhawr101,rhawnbo01
121119,rheac101,rheamcy01
425850,rheij001,rheinjo01
121120,rhemf101,rhemfl01
121121,rhieb101,rhielbi01
121122,rhinb101,rhinebi01
121123,rhoab101,rhoadbo01
817570,rhoac101,
121125,rhoda001,rhodear01
817569,rhoda101,rhodear02
121130,rhodb101,rhodebi01
121126,rhodc101,rhodech01
121127,rhodd101,rhodedu01
817568,rhodd102,rhodedu02
,rhode901,
121128,rhodg101,rhodego01
817567,rhodh101,rhodeha01
121129,rhodk001,rhodeka01
121124,rhodr001,rhoderi01
121131,rhomk001,rhombke01
489242,rhymw001,rhymewi01
121132,rhynh101,rhyneha01
121133,ribad101,ribande01
687377,ribao001,ribalor01
121135,riccc001,riccich01
,riccd901,
121134,riccf101,riccefr01
,riccl901,
700250,riceb001,ricebe01
121143,riceb101,ricebo01
,riceb901,
121136,riced101,ricede01
121139,riceh101,riceha01
121138,riceh102,riceha02
121140,ricej001,riceji01
,ricej901,
121141,ricel101,ricele01
121142,ricep001,ricepa01
446488,rices001,ricesc01
121137,rices101,ricesa01
,riceu901,
460322,richa001,richaan01
121174,richa101,richtal01
121169,richb101,richmbe01
121161,richb102,richabo01
121163,richb103,richabi01
276537,richc001,richach01
453385,richc002,richacl01
462950,richd001,richada02
450580,richd002,richadu02
121155,richd101,richada01
121147,richd102,richadu01
121170,richd103,richmdo01
817565,riche101,richaea01
121149,richf101,richafr01
121148,richg001,richage01
572070,richg002,richaga01
121156,richg101,richago01
817562,richg102,richage02
817560,richg103,richagl01
121153,richh101,richaha01
817559,richh102,richahe01
121157,richj001,richaje01
121158,richj002,richaje02
121145,richj101,richaj.01
121172,richj102,richmjo01
121159,richj103,richaja01
121176,richj104,richtjo01
817558,richj105,richajo01
,richj901,
459323,richk001,richake02
121160,richk101,richake01
680689,richl001,richaly01
121146,richl101,richale01
121167,richl102,richile01
121165,richl103,richbla01
121171,richl104,richmle01
817556,richl105,richble01
121164,richm001,richami01
121154,richn101,richano01
121150,richp101,richapa01
121166,richp102,richepe01
121168,richr001,richiro01
121151,richr002,richaru01
121175,richr101,richtre01
121173,richr102,richmra01
446341,richs001,richmsc01
670950,richt001,richatr01
121162,richt101,richato01
817555,richt102,richato02
817553,richt103,richata01
,richt104,
121152,richu101,richa01
433499,richv701,
121144,richw101,richwo01
121181,rickb101,rickebr01
817557,rickb102,ricksbi01
121182,rickc101,ricklch01
817550,rickc102,rickscu01
121180,rickd101,rickedi01
121179,rickd102,rickeda01
572073,rickj001,rickajo01
121177,rickj101,rickejo01
121183,rickj102,ricksjo01
121178,rickm101,rickema01
121185,ricoa101,ricoar01
121184,ricof101,ricofr01
121186,ricoh101,riconha01
121191,riddd101,riddldo01
121190,riddd102,riddlde01
121187,ridde101,riddlel01
492522,riddg801,riddogr99
595375,riddj001,riddljt01
121189,riddj101,riddljo02
121188,riddj102,riddljo01
817549,riddm101,riddlma01
817551,riddv101,riddive01
817543,ridgb101,
455047,ridgj001,ridgwje01
121192,ridgj101,ridgwja01
817552,ridgu101,
670050,ridis001,ridinst01
817544,ridlj101,ridleja01
121193,ridzs101,ridzist01
121194,riebh101,riebeha01
150180,riedj001,riedljo01
592677,riefc001,riefecj01
121195,riege101,riegeel01
,riekr901,
516589,riena001,rienzan01
121196,riesn001,riesgni01
817545,rigam101,rigalma01
121197,rigbb001,rigbybr01
282331,rigdp001,rigdopa01
121199,rigga001,riggsad01
817547,riggb101,riggibi01
339492,riggj001,riggaje01
121198,riggj101,riggejo01
427427,riggj801,rigglji99
573769,riggj901,
121200,riggl101,riggsle01
526909,riggm801,
,riggm901,
457493,riggs001,riggash01
121201,righd001,righeda01
121202,righr001,rightro01
,riglc901,
121205,rignb101,rignebi01
121204,rignj101,rignejo01
121203,rignt101,rigneto01
,rigoj801,
121206,rijoj001,rijojo01
121207,rikac101,rikarcu01
663586,rilea001,rileyau01
121213,rileb101,rileybi01
121208,rilee001,rileser01
817539,rilee101,rileed01
121209,rileg001,rileyge01
121211,rilej101,rileyji02
121210,rilej102,rileyji01
817538,rilej103,rileyja01
121212,rilel101,rileyle01
235494,rilem001,rileyma01
121214,rinca101,rincoan01
346799,rincj001,rincoju01
121215,rincr001,rincori01
121216,rinej101,rineeje01
121218,ringf101,ringofr01
121217,ringj101,ringji01
429721,ringr001,ringro01
553832,ringt701,
121219,rinkb101,rinkebo01
136608,riosa001,riosar01
425567,riosa002,riosal01
121220,riosd001,riosda01
621458,riose001,riosed01
121221,riosj101,riosju01
817534,riosm101,riosma01
605441,riosy001,riosya01
121223,ripkb001,ripkebi01
121222,ripkc001,ripkeca01
492683,ripkc801,ripkeca99
121224,ripla101,ripleal01
121225,riplw101,riplewa01
121227,rippc101,ripplch01
121228,rippj101,ripplji01
483919,rippm901,
121226,rippr101,rippera01
427429,ripps901,
121229,risbs101,risbesw01
121230,risip101,risinpo01
228594,riskd001,riskeda01
121231,rislb001,rislebi01
121232,ritcc101,ritchcl01
,ritcf901,
532665,ritcg801,
121233,ritcj101,ritchja01
817529,ritcj102,ritchjo01
121234,ritct001,ritchto01
817532,ritcu101,ritch02
121235,ritcw001,ritchwa01
121236,rittc101,rittech01
121237,rittf101,rittefl01
121240,ritth101,ritteha01
121242,rittj101,rittwji01
121238,rittl101,rittele01
121239,rittr001,rittere01
690022,rittr002,rittery01
121241,rittw101,rittewh01
121243,ritzj101,ritzji01
121244,ritzk001,ritzke01
663845,rivaa001,rivasal01
817533,rivaf101,
276372,rival001,rivaslu01
660844,rival002,rivasle01
593590,rivaw001,rivaswe01
121245,riveb001,riverbe01
121247,riveb101,riverbo01
425346,rivec001,riverca01
491640,rivec002,riverca02
817530,rivec101,riverch01
817525,rived101,riverde01
656896,rivee001,riverem01
553878,rivef001,riverfe01
121246,riveg001,riverge01
407487,rivej001,riverju01
121249,rivej101,riverji01
121248,rivel001,riverlu01
277182,rivel002,riverlu02
121253,rivem001,rivermi01
121250,rivem002,riverma01
407576,rivem003,rivermi02
469394,river001,riverro01
121252,river002,riverru01
425784,river003,riverre01
346800,rives001,riversa01
665861,rives002,riverse01
608061,rivet001,rivertj01
592680,rivey001,riverya01
121254,rivit101,rivieti01
121255,rixee101,rixeyep01
519203,rizza001,rizzoan01
121256,rizzj101,rizzojo01
121257,rizzp101,rizzuph01
134266,rizzt001,rizzoto01
464869,rleas001,rlealse01
685005,roa-c001,roach02
121258,roa-j001,roajo01
543698,roacd001,roachdo01
429480,roacj001,roachja01
121259,roacj101,roachjo01
121260,roacm101,roachme01
121261,roacm102,roachmi01
121263,roacr101,roachro01
121262,roacs101,roachsk01
121264,roarm101,roarkmi01
543699,roart001,roarkta01
121265,roatf101,roatfr01
121266,robbb101,robbibr01
400267,robbj001,robbija01
,robbj901,
817527,robbs101,robbisl01
,robbs901,
121285,robea001,roberan01
121268,robeb001,roberbe01
121280,robeb002,roberbi01
406878,robeb003,roberbr01
121296,robeb101,roberbo01
434562,robec001,roberch02
452075,robec002,roberco01
121286,robec101,roberch01
121274,robec103,robercu01
150353,robed001,roberda07
502085,robed002,roberda08
543706,robed003,roberda09
621002,robed004,roberda10
642016,robed005,roberda11
121276,robed101,roberda05
121278,robed102,roberda06
121288,robed103,roberda01
121289,robed104,roberdo01
121287,robed105,roberda02
121293,robed106,roberdi01
121275,robed107,roberda04
121277,robed108,roberda03
681799,robee001,roberet01
817521,robee101,
827715,robee701,
817520,robef101,
150241,robeg001,robergr01
121290,robeg101,roberge01
276359,robej001,roberje02
121279,robej101,roberji01
121291,robej102,roberje01
121284,robej103,roberji02
121270,robek001,roberke01
594977,robek002,roberke02
670298,robek003,roberkr01
121281,robel001,roberle01
673357,robel002,roberlu01
,robel901,
121292,robem001,robermi01
495345,robem801,
425146,roben001,roberna01
687798,roben002,roberni01
121295,rober001,roberri02
440251,rober002,roberry01
121294,rober101,roberri01
121283,rober102,roberro01
121282,rober103,roberra01
121272,rober104,roberre01
817518,rober105,roberro02
817519,rober106,roberra02
121271,robes001,robersi01
121269,robes101,robersk02
121297,robes102,robersh01
121273,robes103,robersk01
817516,robes104,robersp01
502356,robet001,roberty01
121267,robet101,robelto01
150199,robew001,roberwi01
683770,robew002,roberwi02
121299,robia101,robinaa01
817507,robia102,
121298,robib001,robidbi01
121326,robib101,robinbi02
121302,robib102,robinbr02
121323,robib103,robinbi01
121301,robib104,robinbr01
817508,robib105,robinbo01
817505,robib106,robinbo03
,robib901,
519208,robic001,robincl01
460101,robic002,robinch02
642020,robic003,robinch04
121305,robic101,robincr01
121303,robic102,robinch01
121327,robic103,robitch01
121308,robid001,robindo01
501961,robid002,robinde02
592685,robid003,robindr01
121307,robid101,robinde01
121306,robid102,robinda01
121324,robie101,robined01
121309,robie102,robinea01
121312,robif101,robinfr01
121310,robif102,robinfl01
121311,robif103,robinfr02
817504,robif104,robinfr03
817500,robig101,robinge01
121313,robih101,robinhu01
121318,robih102,robinha01
817499,robih103,robinha02
121315,robij001,robinje01
121316,robij002,robinje02
121317,robij101,robinja03
121319,robij102,robinja01
121314,robij103,robinja02
817498,robij104,robinja04
817497,robij105,
121320,robik001,robinke01
137005,robik002,robinke02
817496,robil101,robinle01
817489,robin101,robinne02
817492,robin102,robinbo02
817490,robin103,robinne01
121321,robir001,robinro01
121304,robir101,robinra01
817493,robir102,robinra02
453203,robis001,robinsh01
817494,robis101,robinsk01
,robis801,robisst99
827124,robis802,
477054,robit001,robintr01
121300,robiv101,robinva01
121322,robiw101,robinwi01
121325,robiy101,robinya01
570663,roblh001,robleha01
500909,roblm001,roblema01
425854,roblo001,robleos01
121328,roblr101,roblera01
121329,robls101,roblese01
645302,roblv001,roblevi01
615699,robsj001,robsoja01
121330,robst101,robsoto01
121331,rocaa101,rocapad01
677587,roccb001,rocchbr01
121332,roccm101,roccomi01
121333,rocha101,rochear01
121335,rochb101,rochebe01
121334,rochj101,rocheja01
121336,rochl101,rochelo01
121337,rochm001,rochfmi01
121339,rocki101,rockeik01
132340,rockj001,rockejo01
697812,rockj002,rockjo01
677958,rockk001,rockeku01
121338,rockl101,rockle01
121340,rockp101,rockepa01
121341,rodar001,rodasri01
702176,rodea001,rodenal01
121342,rodga101,rodgean01
572086,rodgb001,rodgebr01
663898,rodgb002,rodgebr02
121345,rodgb101,rodgebi02
121343,rodgb102,rodgebu01
121344,rodgb103,rodgebi01
,rodgs101,
121346,rodie101,rodiner01
407845,rodnf001,rodnefe01
607074,rodoc001,rodonca01
121347,rodra001,rodrial01
444553,rodra002,rodrian01
121348,rodra101,rodriau01
817487,rodra102,rodrian02
,rodra901,
699134,rodrb001,rodribr01
817480,rodrb101,rodribe01
817483,rodrb102,rodribi01
121349,rodrc001,rodrica01
669735,rodrc002,rodrich01
692230,rodrc003,rodrica02
817481,rodrc101,rodrico01
817482,rodrc102,
605446,rodrd001,rodride01
121351,rodre001,rodried02
430626,rodre002,rodried03
453256,rodre003,rodried04
593958,rodre004,rodried05
660730,rodre005,rodriel02
682848,rodre006,rodrien01
121352,rodre101,rodriel01
121350,rodre102,rodried01
427434,rodre801,
121355,rodrf001,rodrifr02
121353,rodrf002,rodrife01
408061,rodrf003,rodrifr03
451775,rodrf004,rodrife02
477557,rodrf005,rodrifr04
121354,rodrf101,rodrifr01
276534,rodrg001,rodrigu01
457517,rodrg002,rodrigu02
680570,rodrg003,rodrigr01
,rodrg901,
121357,rodrh001,rodrihe02
469159,rodrh002,rodrihe03
514719,rodrh003,rodrihe04
121356,rodrh101,rodrihe01
121358,rodri001,rodriiv01
316792,rodrj001,rodrijo04
431138,rodrj002,rodrijo03
446044,rodrj003,rodrijo05
570257,rodrj004,rodrijo06
622446,rodrj005,rodrije01
642578,rodrj006,rodrijo07
677594,rodrj007,rodriju01
679563,rodrj008,rodrijo09
671286,rodrj009,rodrijo10
121359,rodrj101,rodrijo01
817469,rodrj102,rodrijo08
218594,rodrl001,rodrili01
425904,rodrl002,rodrilu01
655889,rodrm001,rodrima01
817465,rodrm101,
121361,rodrn001,rodrine01
670550,rodrn002,rodrini01
572089,rodrp001,rodrist02
121362,rodrr001,rodriri01
121365,rodrr002,rodriru01
121364,rodrr003,rodriro02
121363,rodrr004,rodriri02
400156,rodrr005,rodriri03
444126,rodrr006,rodrira01
600965,rodrr007,rodriri04
593144,rodrr008,rodriri05
500135,rodrr009,rodriro03
678495,rodrr010,rodrira02
121368,rodrr101,rodriro01
470427,rodrr801,
121366,rodrs001,rodrist01
446481,rodrs002,rodrise01
121360,rodrt001,rodrito01
121367,rodrv001,rodrivi01
817461,rodrv101,rodrivi02
276360,rodrw001,rodriwi01
434643,rodrw002,rodriwa01
516853,rodrw003,rodriwi02
550298,rodry001,rodriyo01
666720,rodry002,rodriye01
684320,rodry003,rodriya01
475054,roe-c001,roech01
121370,roe-c101,roecl01
121369,roe-p101,roepr01
,roe-r901,
121371,roebe101,roebued01
121372,roeng001,roeniga01
502158,roenj001,roenijo01
121373,roenr001,roeniro01
,roesb901,
121374,roesm001,roeslmi01
,roesp801,
121377,roete101,roetzed01
121375,roeto101,roettos01
121376,roetw101,roettwa01
,rogab101,roganbu99
121378,rogaj101,rogaljo01
446910,rogeb001,rogerbr01
121388,rogeb101,rogerbu01
121379,rogeb102,rogelbi01
407855,rogee001,rogered01
469134,rogee002,rogeres01
121381,rogee101,rogerem01
121382,rogef101,rogerfr01
,rogeg901,
121384,rogej001,rogerji02
595386,rogej002,rogerja02
642028,rogej003,rogerjo01
668670,rogej004,rogerja03
121385,rogej101,rogerja01
121383,rogej102,rogerji01
121386,rogek001,rogerke01
121380,rogek002,rogerke02
121387,rogel101,rogerle01
449161,rogem001,rogerma01
,rogem901,
817458,rogen101,rogerna01
121389,rogep101,rogerpa01
121390,roges001,rogerst01
573124,roget001,rogerta01
643511,roget002,rogerty01
669432,roget003,rogertr01
121391,roget101,rogerto01
121392,roggc101,roggecl01
121393,roggg101,roggega01
121394,rogom101,rogodmi01
121395,rogos101,rogovsa01
121396,rohdd001,rohdeda01
121397,roheg101,rohege01
489262,rohlr001,rohliry01
121398,rohnd001,rohnda01
121400,rohrb101,rohrbi01
121401,rohrd001,rohrmda01
121399,rohrl101,rohrle01
121402,rohwr101,rohwera01
121403,roigt101,roigto01
121406,rojac101,rojasco01
427436,rojae801,
668942,rojaj001,rojasjo01
670351,rojaj002,rojasjo02
679032,rojaj003,rojasjo03
467588,rojal801,rojaslu99
121404,rojam001,rojasme01
500743,rojam002,rojasmi02
121405,rojam101,rojasmi01
492527,rojam801,
817457,rojar101,rojasra01
121407,rojes101,rojekst01
817452,rojoj101,rojoju01
121408,rolaj101,rolanji01
121409,roles001,rolensc01
121410,rolfr101,rolfere01
150372,rolin001,rolisna01
669020,rolir001,rolisry01
676896,rollc001,rollech01
817453,rollc101,rollica01
150390,rolld001,rollsda01
543716,rolld002,rollida01
276519,rollj001,rolliji01
121413,rollr101,rolliri01
121411,rollr102,rollira01
121412,rollr103,rollire01
,rollu901,
121414,rollw101,rollibi01
680723,rom-d001,romdr01
121416,romab101,romanbi01
121415,romaj001,romanjo02
400099,romaj002,romanja01
457449,romaj003,romakja01
605447,romaj004,romanjo03
121419,romaj101,romanjo01
121418,romaj102,romanji01
817454,romaj103,
237334,romam001,romanmi01
121417,romar001,romanro01
607219,romas001,romansa01
121420,romat001,romanto01
817450,rombb101,rombybo01
121421,rombd101,rombedu01
464900,romea001,romeral01
456630,romed001,romerda01
121423,romee001,romered01
544836,romee002,romeren01
622864,romef001,romerfe01
240694,romej001,romerj.01
668941,romej002,romerjo01
664584,romej003,romerjh01
121422,romem001,romerma01
462962,romen001,romerni01
121424,romer001,romerra01
460069,romer002,romerri01
552662,romes001,romerst01
656913,romes002,romerse01
676720,romet001,romerto01
461865,romia001,rominan01
519222,romia002,rominau01
121425,romik001,rominke01
121426,romme101,rommeed01
691011,romod001,romodr01
121427,romoe101,romoen01
121429,romoj101,romonjo01
489265,romos001,romose01
121428,romov101,romovi01
121430,ronam001,ronanma01
667373,ronda001,rondoan01
541652,rondb001,rondobr01
121432,rondg101,rondogi01
444468,rondh001,rondohe01
121431,rondh101,rondehe01
504083,rondj001,rondojo01
602922,rondj002,rondojo02
425662,ronem001,roneyma01
121433,roofg101,roofge01
121434,roofp101,roofph01
667670,rookb001,rookebr01
121436,rookg101,rooksge01
121435,rookj101,rookeji01
121437,roomr001,roomero01
817446,roonc101,roonecl01
121438,roonf101,roonefr01
680701,roonj001,roonejo01
121439,roonp101,roonepa01
121440,rootc101,rootch01
121441,ropej001,roperjo01
121442,roquj101,roquejo01
817443,roquj102,roquejo02
136305,roqur001,roquera01
666163,rortb001,rortvbe01
489267,rosaa001,rosalad01
451705,rosaa002,rosaral01
642708,rosaa003,rosaram01
650738,rosaa004,rosaad01
121445,rosab101,rosarbu01
460349,rosac001,rosaca01
592696,rosae001,rosared01
666703,rosae002,rosareg01
425564,rosaf001,rosarfr01
121443,rosaj001,rosadjo01
121446,rosaj101,rosarji01
449820,rosal001,rosalle01
121444,rosal101,rosadlu01
121447,rosam001,rosarme01
407837,rosar001,rosarro01
600968,rosar002,rosarra01
466459,rosas001,rosarsa02
121448,rosas101,rosarsa01
121449,rosav001,rosarvi01
501647,rosaw001,rosarwi01
121461,rosea101,rosenal01
121455,roseb001,rosebo01
121450,roseb002,rosebr01
543725,roseb003,rosenbj01
121471,roseb101,roserbu01
121458,roseb102,roselbo01
817439,roseb103,roselba01
431069,roseb701,
463015,roseb801,
,roseb901,
121460,rosec101,rosemch01
121451,rosec102,rosech01
121459,rosed101,roselda01
121452,rosed102,rosedo01
121462,roseg101,rosengo01
,roseg801,
121463,roseh101,rosenha01
121456,rosej101,rosebjo01
670046,rosek001,rosenke01
121467,rosel101,rosenla01
121464,rosel102,rosenlo01
425852,rosem001,rosemi01
121466,rosem101,rosenma01
121454,rosep001,rosepe01
121453,rosep002,rosepe02
622329,roser901,
121465,roses001,rosenst01
121470,roses101,roserst01
121468,roses102,rosensi01
572096,roset001,rosentr01
817445,roseu101,rose03
121469,rosew001,rosenwa01
121457,rosez101,rosebze01
519229,rosis001,rosinse01
132786,roskj001,roskojo01
657745,rossb001,rossmbu01
121477,rossb101,rossbo01
121480,rossb102,rossbu02
121472,rossb103,rossbu01
425496,rossc001,rossco01
121484,rossc101,rossmcl01
121474,rossc102,rosscl01
121473,rossc103,rossch01
424325,rossd001,rossda01
121475,rossd101,rossdo01
817434,rossd102,rossdi01
121476,rosse101,rosser01
121485,rossf101,rossofr01
121479,rossg101,rossge01
121478,rossg102,rossga01
817435,rossh101,rossho01
121482,rossj001,rossejo01
605452,rossj002,rossjo01
121483,rossj101,rossijo01
121481,rossm001,rossma01
121486,rossr001,rossyri01
543726,rossr002,rossro01
665759,rossr003,rossora01
,rossr901,
475115,rosst001,rossty01
817432,rossw101,rosswi01
573127,rossz001,rosscza01
121487,rotbm101,rotblma01
121491,rothb101,rothebo01
121489,rothb102,rothbr01
121490,rothb103,rothebo02
121493,rothc101,rothgcl01
121488,rothf101,rothfr01
817425,rothh101,rothhe01
121494,rothj101,rothrja01
121492,rothj102,rothfja01
121495,rothl101,rothsla01
607706,rothm001,rothmi01
431070,rothr701,
,rothr901,
457130,rottv001,rottivi01
121496,roung101,rounsge01
,rounh901,
694738,roupl001,rouppla01
121497,rouse101,roushed01
817424,rousj101,roussji01
425452,rousm001,rousemi01
121498,routp101,routcph01
817427,rovil101,
400023,rowaa001,rowanaa01
121499,rowad101,rowanda01
121500,rowaj101,rowanja01
121501,rowdw001,rowdowa01
594985,roweb001,rowenbe01
121508,roweb101,rowelba01
121503,rowed101,rowedo01
121502,rowed102,roweda01
121509,rowee101,rowened01
121504,roweh101,roweha01
121505,rowej101,roweja01
121506,rowek101,roweke01
,rower801,
121507,rowes101,rowesc01
817428,roweu101,rowe02
635903,rowlc001,rowlech01
121510,rowlc101,rowlach01
121511,rowlm101,rowlami01
492685,rowlp801,rowlapa99
121512,rowlr001,rowlari01
434884,rowlr002,rowlary01
494875,rowsj801,
121513,roxbj101,roxbuji01
121514,roy-c101,roych01
121515,roy-e101,royem01
121516,roy-j101,royje01
121517,roy-l101,roylu01
121518,roy-n101,royno01
817419,roy-o101,royor01
817423,royad101,royaldi01
817420,royaj101,royaljo01
688297,roycc001,roycrch01
541663,roycg701,
817422,roycu101,royce01
817415,royec101,
121519,royes001,royerst01
121520,roysj001,roystje01
121521,roysw101,roystwi01
121523,rozed001,rozemda01
121522,rozed101,rozekdi01
121524,roznv101,roznovi01
607387,rua-r001,ruary01
400118,ruanw001,ruanwi01
121525,rubea101,rubelal01
121526,rubes101,ruberso01
121527,rubij101,rubiojo01
121528,rubla101,rublear01
607968,rucid001,rucindr01
121529,ruckd001,ruckeda01
121531,ruckj101,ruckejo01
621074,ruckm001,ruckemi01
121530,ruckn101,ruckena01
,ruddf901,
121532,ruddj101,ruddejo01
432625,ruddw701,
121533,rudij101,rudijo01
121538,rudod101,rudoldi01
121536,rudod102,rudoldu01
121535,rudod103,rudoldo01
121534,rudoe101,rudoler01
121537,rudok101,rudolke01
,rue-j901,
121539,ruebm001,ruebema01
121540,ruelm101,ruelmu01
121542,ruetd101,ruethdu01
121541,ruetk001,rueteki01
573131,ruf-d001,rufda01
121543,rufer101,ruferru01
121545,ruffb001,ruffibr01
592704,ruffc001,ruffich01
121546,ruffj001,ruffijo01
817416,ruffl101,ruffile01
121547,ruffr101,ruffire01
121544,ruffs001,ruffcsc01
448605,ruggj001,ruggiju01
,ruhlg901,
121548,ruhlv001,ruhleve01
817417,ruiza101,ruizan01
434563,ruizc001,ruizca01
121550,ruizc101,ruizch02
121549,ruizc102,ruizch01
674635,ruizc701,
665923,ruize001,ruizes01
614179,ruizj001,ruizjo01
660688,ruizk001,ruizke01
650204,ruizn001,ruizno01
457859,ruizr001,ruizra01
547004,ruizr002,ruizri01
817411,ruizs101,ruizsi01
121551,rullj101,rullojo01
592705,rumbn001,rumbeni01
121552,rumlw101,rumlewi01
,runcd901,
457858,rundr001,rundlri01
427444,rungb901,
,runge901,
121553,rungp001,rungepa01
,rungp901,
121555,runnp101,runnepe01
121554,runnt001,runneto01
132784,runys001,runyase01
502130,runzd001,runzlda01
434666,rupej001,rupejo01
150142,ruper001,rupery01
519237,ruppc001,ruppca01
817410,rusah101,
121556,ruscg001,ruschgl01
121557,rusha101,rushan01
121558,rushb101,rushbo01
687221,rushd001,rushida01
425106,rushj001,rushfji01
121559,rusia101,rusieam01
543734,rusic001,rusinch01
121560,rusks001,ruskisc01
452240,russa001,russead01
608365,russa002,russead02
121562,russa101,russeal01
817408,russa102,russea03
817409,russa103,
121574,russb001,russebi01
817400,russb101,russebr01
817401,russb102,russebi02
817402,russf101,russefr01
121566,russh101,russeha01
121569,russj001,russeje01
121571,russj002,russejo02
460701,russj003,russeja02
121570,russj101,russejo01
121568,russj102,russeji01
121567,russj103,russeja01
121561,russj104,russjo01
817403,russj105,russejo03
501835,russk001,russoke01
121563,russl101,russele01
121572,russl102,russell01
121575,russm101,russoma01
121573,russp101,russepa01
817406,russp102,russpy01
121565,russr101,russeri01
121564,russr102,russere01
121576,rustd101,rustedi01
121577,ruszh101,ruszkha01
666164,ruthb001,ruthebl01
121578,ruthb101,ruthba01
121581,ruthd001,ruthvdi01
121580,ruthj101,ruthejo01
121579,ruthj102,rutheji01
592710,rutlj001,rutlejo01
671131,rutlj002,rutleja01
121582,rutnm101,rutnemi01
668939,rutsa001,rutscad01
121583,ryalm001,ryalma01
489277,ryalr001,ryalru01
124805,ryanb001,ryanb.01
453895,ryanb002,ryanbr01
121592,ryanb101,ryanbl01
121591,ryanb102,ryanbu01
121585,ryanc101,ryancy01
121584,ryanc102,ryanco01
448767,ryand001,ryandu01
150042,ryanj001,ryanja04
657746,ryanj002,ryanjo04
121589,ryanj101,ryanjo02
121587,ryanj102,ryanja02
121590,ryanj103,ryanja01
121593,ryanj104,ryanja03
121588,ryanj105,ryanji01
121594,ryanj106,ryanjo01
121596,ryank001,ryanke01
594986,ryank002,ryanky01
408050,ryanm001,ryanmi03
121598,ryanm101,ryanmi02
121586,ryanm102,ryanmi01
121597,ryann001,ryanno01
233594,ryanr001,ryanro02
656924,ryanr002,ryanry01
689981,ryanr003,ryanri01
121599,ryanr101,ryanro01
817397,ryanr102,ryanre01
,ryanw901,
121600,rybam101,rybami01
,rybes901,
121601,rydet101,ryderto01
121602,rye-g101,ryege01
121603,ryerg101,ryersga01
547943,ryu-h001,ryuhy01
472490,ryu-j001,ryuja01
519240,rzepm001,rzepcma01
685314,saala001,saalfan01
424164,saark001,saarlki01
282332,sabac001,sabatc.01
121604,sabeb001,saberbr01
219294,sabee001,sabeler01
121605,saboa101,saboal01
666165,sabob001,sabolbl01
121606,saboc001,saboch01
681870,sabre001,sabroer01
455986,saccm001,saccoma01
121608,sackb001,sackibr01
121607,sackf101,sackafr01
121610,sadem101,sadekmi01
121609,sader101,sadecra01
452724,sadlb001,sadlebi01
817396,sadlb101,sadlebi02
424725,sadlc001,sadleca01
594987,sadlc002,sadleca02
132620,sadld001,sadledo01
430041,sadlr001,sadlera01
121614,sadob101,sadowbo01
121613,sadob102,sadowbo02
121611,sadoe101,sadowed01
121612,sadoj101,sadowji01
455961,sador001,sadowry01
121615,sadot101,sadowte01
592712,sadzc001,sadzeco01
430609,saenc001,saenzch01
121616,saeno001,saenzol01
121617,safft101,saffeto01
532889,sagab801,
121619,sagea001,sagera.01
121618,sageh101,sageha01
121620,sagep101,sagerpo01
695336,saggt001,saggeth01
121621,sagmm001,sagmoma01
121622,saiev101,saiervi01
121623,sainj101,sainjo01
134182,saipm001,saipemi01
493416,saitt001,saitota01
121627,sakal001,sakatle01
121629,salaa001,salazan01
663967,salac001,salazce01
817392,salac101,salazca01
517593,salad001,salazda01
674285,salae001,salazed01
,salae101,
477569,salaf001,salasfe01
466838,salaj001,salasju01
434625,salaj002,salazje01
121630,salal001,salazlu01
817395,salal101,salazla01
121628,salam001,salasma01
434978,salam002,salasma02
400073,salao001,salazos01
817394,salas101,salazsa01
573135,salat001,saladty01
817391,salaw101,salaswi01
,salea901,
519242,salec001,salech01
121632,salee101,salesed01
121631,salef101,salefr01
121633,salih101,salisha01
121634,salis101,salisbi01
121636,salkb101,salkebi01
121635,salkr001,salkero01
121637,salls101,sallesl01
445104,salmb001,salmobr01
121639,salmc101,salmoch01
817388,salmh101,salmoha01
121638,salmr101,salmoro01
121640,salmt001,salmoti01
449162,saloa001,saloman01
817389,salte101,salteed01
457454,saltj001,saltaja01
121641,saltj101,saltzja01
121642,salvg101,salvegu01
121643,salvj101,salveja01
121644,salvm101,salvoma01
817390,salvm102,salvama01
502188,samaj001,samarje01
121645,sambj001,sambijo01
121646,samce101,samcoed01
121647,samfr101,samforo01
676614,sammb001,sammobr01
460261,sammc001,sammocl01
592716,sampa001,sampsad01
121649,sampb001,samplbi01
121648,sampb002,sampebi01
136733,sampb003,sampsbe01
448200,sampc001,sampsch01
817382,sampe101,sampsem01
431071,sampg701,
572102,sampk001,sampske01
817383,sampo101,sampsor01
817381,sampt101,sampsto01
121650,samua101,samueam01
121654,samui101,samulik01
121651,samuj001,samueju01
121652,samuj101,samuejo01
427451,samuj901,
121653,samur001,samuero01
817384,san-p101,sanpe01
502253,sanaa001,sanabal01
656004,sanac001,sanabca01
121655,sanbg101,sanbegu01
121656,sanca001,sanchal01
121657,sanca002,sanchal02
400128,sanca003,sanchal03
434671,sanca004,sanchan01
447816,sanca005,sanchan02
592717,sanca006,sanchaa01
506703,sanca007,sanchad01
605795,sanca008,sanchan03
645305,sanca009,sanchal04
430083,sancb001,sanchbr01
570560,sancc001,sanchca01
650911,sancc002,sanchcr01
121658,sancc101,sanchce01
400093,sancd001,sanchdu01
500674,sance001,sanched01
408108,sancf001,sanchfr01
425485,sancf002,sanchfe01
459991,sancg001,sanchga01
596142,sancg002,sanchga02
817385,sancg101,
458008,sanch001,sanchhu01
516949,sanch002,sanchhe01
121659,sanci001,sanchis01
133260,sancj001,sanchje01
456043,sancj002,sanchjo01
660821,sancj003,sanchje02
121660,sancl001,sanchlu01
667376,sancm001,sanchmi01
121661,sanco001,sanchor01
121663,sancr001,sanchre01
454972,sancr002,sanchro01
645307,sancr003,sanchri01
121662,sancr101,sanchra01
817377,sancr102,sanchra02
664350,sancs001,sanchsi01
506997,sanct001,sanchto01
150483,sanda001,sandean01
121666,sandb101,sandebe01
,sandb102,
663485,sandc001,sandsco01
676742,sandc002,sandeca01
121680,sandc101,sandsch01
121668,sandd001,sandede02
425553,sandd002,sandeda01
435501,sandd003,sandoda01
664848,sandd004,sandsdo01
121667,sandd101,sandede01
461866,sandf001,sandofr01
121664,sandh101,sandhe01
277409,sandj001,sandbja01
543742,sandj002,sandsje01
682144,sandj003,sandrja01
121669,sandj101,sandejo01
817373,sandj102,sandejo02
121670,sandk101,sandeke01
817376,sandl101,sandele01
121679,sandm101,sandlmi01
680704,sandn001,sandlni01
467055,sandp001,sandopa01
663776,sandp002,sandopa02
676637,sandp003,sandeph01
121665,sandr001,sandbry01
121673,sandr002,sandere02
121675,sandr101,sandero02
121671,sandr102,sandera01
121672,sandr103,sandere01
121674,sandr104,sandero01
121678,sands001,sandesc01
121676,sands002,sandesc02
121681,sandt101,sandtto01
121677,sandw101,sandewa01
131680,sanfc001,sanfoch01
121683,sanff101,sanfofr01
121684,sanfj101,sanfoja02
121682,sanfj102,sanfoja01
121685,sanfm001,sanfomo01
121686,sangm101,sanguma01
490313,sania001,sanitam01
121687,sanie101,saniced01
121688,sankb101,sankebe01
665665,sanmr001,sanmare01
691594,sanoj001,sanojja01
593934,sanom001,sanomi01
121689,santa001,santaan01
407488,santa002,santoan01
623993,santa003,santaan02
665733,santa004,santoan02
121699,santa101,santoal01
817367,santa102,santaan03
431072,santa701,
121693,santb001,santibe01
455025,santc001,santoch01
467793,santc002,santaca01
817368,santc101,santica01
542454,santd001,santada01
570267,santd002,santado01
642701,santd003,santade01
429722,sante001,santaer01
650828,sante002,santaed01
121701,sante101,santred01
817374,sante102,
121692,santf001,santaf.01
407810,santf002,santofr01
666619,santg001,santogr01
502327,santh001,santihe01
121690,santj001,santaju01
121696,santj002,santijo03
276371,santj003,santajo02
121695,santj101,santijo02
121694,santj102,santijo01
608601,santl001,santolu01
817369,santl101,santolo99
136661,santm001,santama01
121700,santn001,santone01
435408,santo001,santoom01
276348,santp001,santape01
121691,santr001,santara01
421124,santr002,santira01
121698,santr101,santora01
121697,santr102,santoro01
435045,sants001,santose01
663574,santt001,santito01
276343,santv001,santovi01
543743,sappd001,sappeda01
492531,sarbm801,
450363,sardb001,sardibr01
400154,sardd001,sardida01
596143,sardl001,sardilu01
430610,sarfd001,sarfade01
121702,sargj101,sargejo01
121703,sarmm101,sarmima01
121704,sarnb101,sarnibi01
817359,sarva101,sarvian01
277408,sasak001,sasakka01
808963,sasar001,sasakro01
121705,sassm001,sassema01
150290,sassr001,sassero01
,satcd901,
543744,satij001,satinjo01
121706,satrt101,satrito01
817357,satta101,
150462,satul001,saturlu01
121707,saucf101,saucifr01
121708,sauck101,saucike01
642048,sauct001,sauceta01
121709,sauee101,sauered01
121710,saueh101,sauerha01
669422,sauem001,sauerma01
150261,saues001,sauersc01
503426,saulj801,
817358,saulu101,
817360,sauna101,saundau01
817352,saunb101,saundbo01
121713,saund001,saunddo01
121712,saund101,saundde01
434578,saunj001,saundjo01
459431,saunm001,saundmi01
121714,saunr101,saundru01
121711,saunt001,saundto01
599683,saupw001,saupowa01
121715,sauta101,sauteal01
121716,sauvr001,sauveri01
121720,savab101,savagbo01
121717,savad101,savagdo01
121719,savaj001,savagja01
121718,savaj101,savagji01
817356,savaj102,savagji02
817355,savaj103,savagbi01
121721,savat101,savagte01
121722,saveb101,saverbo01
456045,savej001,saverjo01
121723,savid101,saviddo01
121724,savir101,savidra01
121725,savrm101,savramo01
121726,sawac101,sawatca01
617228,sawah001,sawamhi01
431073,sawcj901,
121727,sawyc101,sawyeca01
,sawyd901,
492687,sawye801,sawyeed99
121728,sawyr101,sawyeri01
121729,sawyw101,sawyewi01
121730,sax-d001,saxda01
121731,sax-o101,saxol01
121732,sax-s001,saxst01
817349,saxot101,saxonth01
121733,say-j101,sayji01
121734,say-l101,saylo01
817351,sayla101,sayloal01
121735,saylb101,saylebi01
121736,saylp101,sayloph01
444849,sborj001,sborzja01
622250,sborj002,sborzjo01
543746,scahr001,scahiro01
457384,scalb001,scalebo01
817347,scalg101,scalege01
121739,scalj101,scalzjo01
121737,scalj102,scalaje01
817348,scalj103,scaleju01
121738,scals101,scalzsk01
121743,scanb001,scanlbo01
121744,scand101,scanldo01
121740,scanf101,scanlfr01
121741,scanm101,scanlmo01
,scanm801,scanlmi99
121746,scanp101,scantpa01
121745,scanp102,scanlpa02
121742,scanp103,scanlpa01
121751,scarl101,scarsle01
121749,scarm101,scarcma01
121747,scarr101,scarbra02
121748,scarr102,scarbra01
121750,scarr103,scarrru01
121752,scars001,scarsst01
669135,scerm001,sceroma01
121754,schaa101,schacal01
121769,schaa102,schalar01
121775,schaa103,scharar01
,schaa104,
121770,schab101,schanbo01
121774,schab102,scharbi01
121768,schab103,schalbi01
427452,schab801,schaebo99
121772,schac101,schanch01
,schac901,
121779,schad001,schatda01
,schaf901,
121767,schag001,schalge01
121757,schag101,schaege01
121776,schag102,scharge01
121761,schah101,schafha01
121759,schah102,schaeha01
121756,schah103,schacha01
121758,schaj001,schaeje01
457788,schaj002,schafjo02
121778,schaj101,schatje01
121764,schaj102,schaijo01
121773,schaj103,schapjo01
121762,schaj104,schafji01
121763,schaj105,schafjo01
817344,schaj106,
,schaj901,
502582,schal001,schaflo01
121760,scham101,schaema01
694384,schan001,schanno01
121777,schan101,scharni01
121753,schap101,schaapa01
121780,schar101,schauru01
121765,schar102,schalro01
121766,schar103,schalra01
121755,schas101,schacsi01
121771,schaw101,schanwa01
519256,schaw801,schaewa99
150125,schea001,schefaa01
121795,schea101,schelal01
121781,schea102,scheeal01
,schea901,
121805,scheb001,scherbi01
121785,scheb101,schefbo01
121802,scheb102,scherbo01
121798,scheb103,schenbi01
121788,schec101,scheica01
121806,sched101,schesdu01
121793,sched102,schelda01
121789,schef101,scheifr01
121804,schef102,scherfr01
121796,schef103,schemfr01
121783,schef104,scheefr01
,scheg801,
,scheg901,
121782,scheh101,scheehe01
121803,scheh102,scherha01
121800,scheh103,schenha01
121794,schej101,schelji01
121801,schej102,schepjo01
121799,schej103,schenjo01
121790,schej104,scheija01
121787,schel101,schegle01
121807,schel102,schetlo01
453286,schem001,scherma01
121797,schem101,schemmi01
121784,scheo101,scheeow01
121791,scher001,scheiri02
121792,scher101,scheiri01
594988,sches001,schebsc01
521889,sches901,
489294,schet001,schepta01
121786,schet101,schefte01
121813,schib101,schinbi01
121814,schic001,schirca01
121811,schic002,schilcu01
121810,schic101,schilch01
121815,schid101,schirdu01
484179,schid701,
,schid901,
121808,schil101,schialo01
121809,schim101,schicmo01
435625,schin001,schiena01
572114,schir001,schimry01
121812,schir101,schilre01
431074,schit701,
121817,schla101,schlead01
489295,schlb001,schlibr01
121820,schlb101,schlibi01
693645,schlc001,schlica01
519259,schld001,schleda01
121819,schld101,schlidu01
534576,schlg001,schlogu01
121821,schlj101,schluja01
,schlj901,
121816,schll101,schlala01
121822,schln101,schluno01
121818,schlr101,schleru01
459411,schlt001,schlitr01
121825,schma101,schmeal01
430082,schmb001,schmabr01
121837,schmb101,schmibo02
121826,schmb102,schmibo01
121827,schmb103,schmibu01
122385,schmb104,smithbi03
121828,schmc001,schmicu01
657376,schmc002,schmicl01
669477,schmc003,schmica01
121840,schmc101,schmicr01
121843,schmc102,schmuch01
121830,schmd001,schmida01
121829,schmd101,schmida02
121831,schmf101,schmifr01
121824,schmg101,schmege01
492689,schmg801,schmegu99
121833,schmh101,schmihe01
121842,schmh102,schmuha01
121834,schmj001,schmija01
121835,schmj002,schmije01
121841,schmj101,schmijo01
520209,schmk001,schmiko01
121836,schmm001,schmimi01
121832,schmp101,schmipe01
121823,schmr101,schmara01
467749,schms001,schmost01
121839,schmw101,schmiwi01
121838,schmw102,schmiwa01
150411,schnb001,schnebr01
676914,schnd001,schneda03
682177,schnd002,schneda04
121846,schnd101,schneda01
121844,schnd102,schneda02
121845,schnf101,schnefr01
121847,schnj101,schneje01
456120,schnj801,schnejo99
121849,schnk101,schneka01
121848,schnp101,schnepe01
,schoc101,
121854,schod001,schofdi02
121853,schod101,schofdi01
121858,schoe101,schored01
121859,schog101,schotge01
121850,schog102,schoege01
570731,schoj001,schoojo01
669947,schoj002,scholje01
121857,schoj101,schooje01
121852,schoj102,schoeju01
121856,schom001,schoomi01
121855,schoo101,schomot01
121860,schop001,schoupe01
121851,schor101,schoere01
150011,schos001,schoesc01
121870,schra101,schroal01
121869,schrb001,schrobi01
121863,schrb101,schreba01
121868,schrb102,schrobo01
,schrb901,
456744,schrc001,schroch01
121864,schrh101,schreha01
670167,schrj001,schrejo01
,schrj901,
121871,schrk001,schroke01
,schrl901,
621011,schrm001,schroma01
121862,schro101,schreos01
121867,schrp101,schripo01
121865,schrp102,schrepa01
121861,schrp103,schrapa01
427454,schrp901,
150112,schrs001,schrest02
121866,schrt101,schrete01
519263,schua001,schugaj01
668845,schua002,schunaa01
121878,schua101,schular01
121895,schua102,schulal01
544759,schub001,schulbo02
121886,schub101,schulba01
121903,schub102,schusbi01
121891,schub103,schulbo01
121885,schub104,schulbu01
121904,schuc001,schutca01
121898,schud001,schuldo01
121875,schud002,schulda01
,schud901,
121876,schue001,schuler01
121880,schuf101,schulfr02
121901,schuf102,schupfe01
121879,schuf103,schulfr01
121887,schuh101,schulho01
121900,schuh102,schumha01
121899,schuh103,schumha02
121881,schuh104,schulha01
121873,schuh105,schubhe01
121896,schuj001,schulje01
621289,schuj002,schulja02
121890,schuj101,schuljo03
121894,schuj102,schuljo01
121889,schuj103,schuljo05
121888,schuj104,schuljo02
121883,schuj105,schulja01
121882,schuj106,schuljo04
,schuj901,
121884,schul101,schulle01
449128,schum001,schulmi02
680474,schum002,schuema01
121893,schum101,schulmi01
572119,schup001,schuspa01
687606,schup002,schulpa01
121872,schur001,schuri01
121874,schur101,schuero01
435401,schus001,schumsk01
524228,schus701,
121877,schuw101,schulwe02
121902,schuw102,schurwa01
121897,schuw103,schulwa01
121892,schuw104,schulwe01
121917,schwa101,schwiar01
121913,schwa102,schweal01
121910,schwb102,schwabi02
121909,schwb103,schwabi01
121907,schwb104,schwabl01
452737,schwc001,schwich01
121906,schwd101,schwado01
643524,schwf001,schwifr01
121915,schwh101,schweha01
,schwh901,
,schwh902,
121911,schwj001,schwaje01
656941,schwk001,schwaky01
121905,schwm001,schwami01
543754,schwm002,schwimi01
121916,schwp101,schwepi01
121908,schwr101,schwara01
121914,schwr102,schweru01
680885,schws001,schwesp01
121918,schyj101,schypje01
121919,sciom001,sciosmi01
,scofj901,
121920,scofl101,scofflo01
431075,scogc701,
121921,scogj101,scoggji01
121922,scond001,sconida01
121923,scorh101,scorehe01
817334,scotb101,scottbo01
817335,scotb102,scottbo02
681035,scotc001,scottch01
121928,scotd001,scottdo01
121944,scotd002,scottdi03
121927,scotd003,scottda01
121925,scotd101,scottdi01
121945,scotd102,scottdi02
817329,scotd103,
674700,scotd701,
427457,scotd901,
121939,scote101,scottev01
121929,scote102,scotted01
817331,scote103,scotteu01
121931,scotg001,scottga01
121933,scotg101,scottge01
121932,scotg102,scottge02
121937,scotj101,scottja01
121936,scotj102,scottjo01
121935,scotj103,scottji02
121934,scotj104,scottji01
817327,scotj105,scottjo02
817328,scotj106,scottjo03
817326,scotj107,scottjo05
817325,scotj108,scottjo04
817336,scotj109,
,scotj901,
432928,scotl001,scottlu01
121940,scotl101,scottle02
121938,scotl102,scottle01
817323,scotl103,scottll01
121941,scotm001,scottmi03
121943,scotm101,scottmi02
121942,scotm102,scottmi01
121930,scotp101,scottpe01
582494,scotr001,scottro02
121946,scotr101,scottro01
121926,scott001,scottto01
121947,scott002,scottti01
656945,scott003,scottta01
605463,scott004,scottta02
121924,scotu101,scott01
687363,scotv001,scottvi01
121948,scraj001,scranji01
121949,scric101,scrivch01
519267,scrie001,scribev01
644428,scrit001,scribtr01
817322,scroj101,scrogjo01
668687,scrua001,scruban01
121950,scrut001,scrugto01
489305,scrux001,scrugxa01
121951,scuds001,scuddsc01
121952,scurr001,scurrro01
340192,scutm001,scutama01
657756,seabc001,seaboco01
346867,seabs001,seabosc01
608369,seagc001,seageco01
676882,seagc002,seaglch01
572122,seagk001,seageky01
121953,sealj101,sealejo01
121954,seamk101,seamaki01
121955,seanr001,seaneru01
676664,searj001,searsjp01
,searj901,
121958,seark101,searske01
,seark102,
121956,searr001,searara01
121957,sears001,searcst01
331492,seart001,searsto01
,searz901,
121960,seatt101,seatsto01
121959,seatt102,seatoto01
121961,seavt001,seaveto01
150144,seayb001,seaybo01
817319,seayd101,seaydi01
121962,sebrb001,sebrabo01
121963,sebrj101,sebriji01
121964,sechd101,sechrdo01
121965,secof101,secorfr01
121966,secrd101,secrido01
492532,sedae801,
817317,sedbl101,
434629,seddc001,seddoch01
121967,sedgd101,sedgwdu01
642060,sedlc001,sedloco01
424184,sedls001,sedlash01
121968,see-c101,seech01
121969,see-l001,seela01
817318,seebd101,
545136,seebt701,
121970,seedb101,seedsbo01
343192,seelc001,seelbch02
121971,seelc101,seelbch01
121973,seere101,seeryem01
121972,seerp101,seerepa01
121974,sefck001,sefcike01
503490,segac901,
121975,segeh101,segelhe01
574847,seger001,segedro01
434564,segoz001,segovza01
817315,segrj101,segrajc01
121976,segrk101,segrika01
817312,segrs101,segrasa01
121977,segud001,seguida01
121978,segud101,seguidi01
136663,seguf001,seguife01
121979,seguj001,segurjo01
516416,seguj002,segurje01
121980,seibk101,seibeku01
420672,seibp001,seibeph01
121981,seibs101,seiboso01
678011,seiga001,seiglan01
121982,seilr101,seilhri01
,seinb101,
640277,seipb701,
121983,seitk001,seitzke01
121985,selbb001,selbybi01
681882,selbc001,selbyco01
121984,selbk101,selbaki01
817313,seldb101,
121986,selea001,seleaa01
,selef801,seleefr99
446919,selft001,selfto01
121987,selkg101,selkige01
121991,selld101,sellsda01
121988,selle101,sellep01
121989,sellj001,selleje01
451088,sellj002,selleju01
121990,sellr101,selleru01
817310,sellu101,
121992,selmd101,selmadi01
121993,selmf101,selmafr01
572125,selms001,selmasa01
121994,selpc101,selphca01
592731,selss001,selskst01
121996,sembc101,sembeca01
121995,sembm101,sembemi01
121998,semia101,seminan01
121997,semif001,seminfr01
543760,semim001,semiema01
,semlj101,
121999,sempr101,semprra01
122000,senes101,senerso01
663584,sengh001,sengeha01
673540,sengk001,sengako01
122001,sensc101,senseco01
122002,sentp101,sentepa01
122003,sents101,sentest01
622608,senza001,senzaan01
669222,senzn001,senzeni01
150242,seo-j001,seoja01
122004,seoam101,seoanma01
122005,sepkt101,sepkote01
465015,septl001,septile01
122006,serab101,seradbi01
122007,serad001,serafda01
122008,sereb101,serenbi01
122009,sernp101,sernapa01
443563,serra001,serraal01
817307,serrb101,serrebo01
408250,serrj001,serraji01
150444,serrw001,serrawa01
122010,serug101,serumga01
661531,servb001,servebr01
122012,servs001,servisc01
122011,servs002,servasc01
122013,sessw101,sessiwa01
122014,settm101,settlme01
122015,sevcj101,sevcijo01
463037,sevea001,severat01
644429,sevea002,severan01
122017,sevea101,several01
122016,seveh101,severha01
622663,sevel001,severlu01
600474,sevep001,severpe01
122018,sever101,severri01
122019,sewae101,sewared01
122020,sewaf101,sewarfr01
122021,sewag101,sewarge01
623149,sewap001,sewalpa01
122023,sewej101,seweljo01
122022,sewel101,sewellu01
122025,sewer101,sewelri01
122024,sewet101,sewelto01
122026,sexae101,sexauel01
122027,sexsr001,sexsori01
150055,sextc001,sextoch01
122028,sextf101,sextofr01
122029,sextj101,sextoji01
122030,sextt101,sextoto01
122031,seybs101,seyboso01
122032,seyfg101,seyfrgo01
676044,seymb001,seymobo01
693313,seymc001,seymoca01
122034,seymc101,seymocy01
693855,seymi001,seymoia01
122033,seymj101,seymoja01
425822,shaba001,shabaad01
430939,shacb001,shackbr01
817302,shacj101,shackjo01
594992,shack001,shackke01
,shaeu901,
,shaff101,shafffr01
596101,shafj001,shafeju01
122040,shafj101,shaffjo01
122039,shafo101,shaffor01
572128,shafr001,shaffri01
122036,shafr101,shafera01
122041,shaft101,shaffta01
122035,shaft102,shafeti01
122037,shafu101,shaff01
122042,shalg101,shallgu01
431076,shalm701,
122043,shama101,shamsar01
817301,shamj101,shambji01
122061,shanb101,shantbi01
122060,shanb102,shantbo01
122051,shanb103,shannbi01
431077,shanb701,
122052,shand101,shannda01
122049,shand102,shanldo01
122053,shanf101,shannfr01
122044,shang101,shanagr01
122048,shanh101,shankho01
122047,shanh102,shankha01
817300,shanh103,shankha02
122045,shanj101,shandji01
122054,shanj102,shannjo01
122057,shanm101,shannmi01
122056,shano101,shannow01
122055,shanr101,shannre01
122059,shans101,shannsp01
817303,shanu101,shank02
122058,shanw101,shannwa02
122050,shanw102,shannwa01
122046,shanw103,shanewa01
122065,sharb101,sharpbu01
122064,sharb102,sharpbi01
817293,sharb801,sharsbi99
,sharb901,
122063,shard101,sharodi01
122067,sharg101,sharrge01
457465,sharj001,sharpjo01
122068,sharj101,sharrja01
122066,sharm001,sharpmi01
,sharm901,
817297,sharp101,sharppe01
122062,sharr101,sharmra01
643532,shars001,sharpst01
817299,sharu101,sharp02
122070,shauj101,shautjo01
122069,shaus101,shaugsh01
122072,shavj001,shaveje01
122071,shavj002,shavejo01
122074,shawa101,shawal01
122073,shawa102,shawal02
543766,shawb001,shawbr01
122075,shawb101,shawbe01
122083,shawb102,shawkbo01
122080,shawb103,shawbo01
622046,shawc001,shawch01
122077,shawd101,shawdu01
122076,shawd102,shawdo01
,shawd901,
122081,shawh101,shawhu01
122079,shawj001,shawje01
122078,shawj101,shawji01
817291,shawj102,
642067,shawm001,shawami01
807713,shawm002,shawma01
122082,shaws101,shawsa01
543768,shawt001,shawtr01
817292,shawt101,shawte01
817294,shawu101,shaw03
122085,shayd101,shayda01
122084,shaym101,shayma01
122095,sheaa101,shealal01
122094,shead001,sheafda01
122096,shead101,sheanda01
122087,sheag101,sheage01
122099,sheag102,shearge01
122098,sheaj101,shearjo01
122089,sheaj102,sheajo01
122091,sheam101,sheami01
122090,sheam102,sheame01
122088,shean101,sheana01
434626,shear001,shealry01
122097,shear101,shearra01
122092,shear102,sheare01
122086,sheas101,sheasp01
122093,sheas102,sheast01
407838,sheat001,shearto01
122100,shecj101,sheckji01
122109,sheea001,sheetan01
282656,sheeb001,sheetbe01
122107,sheeb101,sheelbu01
122105,sheeb102,sheehbi01
122108,sheec101,sheerch01
,sheec102,
,sheed101,ryanjo03
686218,sheee001,sheehem01
122106,sheee101,sheelea01
657757,sheeg001,sheetga01
122102,sheej101,sheehja01
122101,sheej102,sheehji01
122110,sheel001,sheetla01
122104,sheet101,sheehto01
122103,sheet102,sheehto02
122111,shefg001,sheffga01
,shefg101,
656954,shefj001,sheffju01
642068,shefj002,sheffjo01
122120,shelb001,sheltbe01
122113,shelb101,sheldbo01
430828,shelc001,sheltch01
486359,sheld801,sheltde99
122116,shelf101,shellfr01
122118,shelh101,shellhu01
817290,shelh102,shelbhi01
122112,shelj001,shelbjo01
122117,shelj101,shellji01
817284,shelj102,sheltje01
122114,shelr101,sheldro01
122115,shels001,sheldsc01
434579,shels002,shellst01
122119,shels101,sheltsk01
122121,shems101,shemost01
668853,shena001,shentau01
122122,shepb101,shepabe01
605469,shepc001,shephch01
817285,shepf101,shepafr01
,shepf102,shephfr01
817282,sheph101,shephha01
122127,shepj101,sheppjo01
122123,shepj102,shepaja01
122125,shepk001,shephke01
492691,shepl801,shepala99
122126,shepr001,shephro01
122124,shepr101,shepara01
817281,shepr102,sheppra01
817280,shepw101,sheppwi01
,shepw901,
122128,sherb101,sherdbi01
669980,sherb701,
122137,sherd001,shermda02
122140,sherd101,sherrde01
122139,sherd102,shermda01
122134,shere101,sherled01
122142,sherf101,sherrfr01
430941,sherg001,sherrge01
427468,sherg801,
642073,sherj001,sherfji01
122138,sherj101,shermjo01
,sherj901,
122143,sherl101,sherrla01
122135,sherm101,sherlmo01
122132,shern101,sherine01
122144,shern102,sherrno01
122133,sherp001,sheripa01
595411,sherr001,sherrry01
122131,sherr101,sherire01
122129,sherr102,sheriro01
817279,sherr103,
,shers901,
122141,shert001,sherrti01
122130,sheru101,sheri01
122136,sherv101,sherlvi01
122145,shetb101,shetrba01
492692,shetb801,shettbi99
122146,shetj101,shetzjo01
122147,shevj101,shevlji01
669699,shewb001,shewmbr01
,shewj901,
122148,shieb101,shielbe01
122149,shiec101,shielch01
817274,shiec102,shielch02
425126,shiej001,shielja01
448306,shiej002,shielja02
817277,shiej101,shielji01
122150,shiep101,shielpe01
122151,shies001,shielst01
276912,shies002,shielsc01
122152,shiet001,shielto01
122153,shiev101,shielvi01
122154,shifg101,shiffga01
122155,shifs001,shiffst01
122156,shilj101,shillji01
492917,shilm801,shildmi99
122159,shinb101,shindbi01
122158,shing101,shinagi01
122160,shinr001,shinera01
122161,shinr101,shinnra01
400101,shint001,shinjts01
122162,shint101,shinnti01
122157,shinz001,shinaza01
640463,shipb001,shiplbr01
122164,shipb101,shipkbi01
122165,shipc001,shiplcr01
122163,shipd001,shipada01
122166,shipj101,shipljo01
817275,shipj102,
122167,shira101,shirear01
122172,shirb001,shirlbo01
122170,shirb101,shirlba01
122168,shird101,shiredu01
122171,shirm101,shirlmu01
122173,shirs101,shirlst01
122169,shirt101,shirlte01
817276,shivg101,shivege01
122174,shivi101,shiveiv01
122177,shocc101,shockco01
122175,shocg101,shochge01
122176,shocu101,shockur01
122178,shoec101,shoemch01
533167,shoem001,shoemma01
122179,shofm101,shoffmi01
122180,shofs101,shofnst01
122181,shoke101,shokeed01
700390,shomd801,
122183,shoor101,shoopro01
122182,shoor102,shookra01
431159,shopk001,shoppke01
122184,shopt101,shopato01
122190,shorb101,shortbi01
122187,shorb102,shorebi01
122191,shorc101,shortch01
122188,shorc102,shortch02
122189,shord101,shortda01
122185,shore101,shoreer01
430907,shorr001,shortri01
122186,shorr101,shorera01
670097,shorz001,shortza01
122192,shotb101,shottbu01
122195,shoub001,shousbr01
122193,shouc101,shouncl01
122194,shouj101,shoupjo01
122196,shovj101,shovljo01
427469,showb801,showabu99
122197,showe001,shower01
592741,shrec001,shrevch01
122198,shrel101,shrevle01
122199,shrih101,shrivha01
817273,shror101,shropra01
122200,shubg101,shubage01
543776,shucj001,shuckja01
122201,shuep001,shueypa01
663767,shugc001,shugach01
122202,shugf101,shugafr01
567001,shulj901,
122203,shult101,shultto01
150113,shuma001,shumaan01
122204,shumh101,shumaha01
122205,shumt001,shumpte01
122206,shupv101,shupevi01
694363,shusj001,shustja01
482194,shutd701,
817272,shybu101,shyba01
672279,sianm001,sianimi01
817266,siasg101,siasge01
817265,siblu101,
122207,sicke101,sickied01
122208,siddj001,siddajo01
122213,siebd101,siebldw01
122211,siebd102,siebedi01
122209,siebn101,siebeno01
122210,siebp101,siebepa01
122212,siebs101,siebeso01
817269,siebu101,siebe02
122214,sieff101,siefkfr01
122216,siegj101,siegljo01
122215,siegj102,siegejo01
543779,siegk001,siegrke01
122217,siemo101,siemeos01
122219,sierc001,sierrca01
817268,sierf101,sierrfe01
501213,sierm001,sierrmo01
642423,sierm002,sierrma01
,sierp101,
122218,sierr001,sierrru01
700391,sierr801,
122220,sieve101,sieveed01
122221,sievr101,sievero01
122222,sifff101,siffefr01
122223,sigaf101,sigaffr01
122224,siglp101,siglipa01
122225,sigmt101,sigmatr01
122226,signw101,signewa01
122227,sigss101,sigsbse01
136920,sikob001,sikorbr01
122228,silbe101,silbeed01
122229,silce101,silched01
681217,silsc001,silsech01
122232,silva101,silveal01
400067,silvc001,silvaca01
122233,silvc101,silvech01
122236,silvd001,silveda01
122230,silvd101,silvada01
122231,silvj001,silvajo01
122237,silvk101,silveke01
122234,silvl101,silvelu01
817260,silvp101,silvape01
122235,silvt101,silveto01
477581,silvw001,silvawa01
122238,simaa101,simaal01
122239,simab001,simasbi01
592743,simma001,simmoan01
122240,simma101,simmoal01
137000,simmb001,simmobr01
122241,simmc101,simmocu01
122242,simmh101,simmoha01
122244,simmj101,simmojo01
122243,simmj102,simmojo02
492693,simml801,simmole99
122248,simmm001,simmsmi01
122245,simmn001,simmone01
122246,simmp101,simmopa01
623406,simms001,simmosh01
817258,simms101,simmosi01
122247,simmt001,simmote01
817264,simmu101,simmo03
817254,simmw101,simmswi01
430580,simoa001,simonal01
122253,simod001,simondo01
122249,simoh101,simonha01
421004,simoj001,simonja01
122254,simom101,simonme01
122250,simom102,simonmi01
122251,simor001,simonra01
682927,simor002,simonro01
122252,simos101,simonsy01
407817,simpa001,simpsal01
802415,simpc001,simpsch01
817252,simpc101,simpscl01
122260,simpd101,simpsdu01
122258,simpd102,simpsdi01
817247,simpd103,simpsde01
122255,simph101,simpsha01
681006,simpj001,simpsjo02
122256,simpj101,simpsjo01
817251,simpl101,
,simpl901,
122257,simpm101,simpsma01
122259,simps101,simpsst01
817255,simpu101,simps02
122261,simpw101,simpswa01
122263,simsd101,simsdu01
122264,simsg101,simsgr01
608371,simsl001,simslu01
817250,simsl101,simsle01
122262,simsp101,simspe01
122265,sinam001,sinatma01
122266,sincb101,sincobe01
800983,sinck701,
132061,sincs001,sinclst01
122267,sineh101,sinerho01
817243,singa101,singlal01
663903,singb001,singebr01
122268,singb101,singebi01
150334,singc001,singlch01
122270,singd001,singldu01
122269,singe101,singlel01
122273,singf101,singtfr01
572138,singj001,singljo02
122271,singj101,singljo01
122272,singk001,singlke01
817245,singo101,singeor01
817246,singu101,
446213,sinkb001,sinkbbr01
501062,sinkh701,
122274,siped101,sipekdi01
122275,sipij101,sipinjo01
448609,sippt001,sippto01
642350,sirij001,sirijo01
,siroh901,
122276,sirom001,sirotmi01
434878,sisca001,siscoan01
642082,siscc001,siscoch01
292140,siscs001,siscost01
122277,siskd001,siskdo01
681895,siske001,siskev01
122278,siskt101,siskto01
122281,sisld101,sisledi01
122279,sisld102,sisleda01
122280,sislg101,sislege01
,sissd801,
122282,sists101,sistisi01
670087,sittb001,sittibr01
122283,sittc101,sittoca01
122284,sivep101,sivespe01
122285,siwyj001,siwyji01
122286,sixse101,sixsmed01
429713,sizeg001,sizemgr01
502003,sizes001,sizemsc01
122287,sizet101,sizemte01
506428,skaaj801,
122288,skaff101,skafffr01
122289,skagd101,skaggda01
572140,skagt001,skaggty01
122290,skalj001,skalsjo01
122291,skaud101,skaugda01
122292,skeed101,skeelda01
,skelu901,
694973,skenp001,skenepa01
,skerj901,
122293,sketb101,sketcbu01
122294,skidr101,skidmro01
122295,skifb101,skiffbi01
122296,skina101,skinnal01
122299,skinb101,skinnbo01
122297,skinc102,skinnca01
122298,skinj001,skinnjo01
543788,skipk001,skipwky01
122300,skizl101,skizalo01
607215,skoge001,skogler01
122301,skokc101,skokcr01
605474,skolm001,skolema01
122302,skopj101,skopejo01
122303,skowb101,skowrbi01
282882,skrmm001,skrmema01
122304,skubb101,skubebo01
669373,skubt001,skubata01
122306,slada101,sladear01
122305,sladg101,sladego01
122308,slagj101,slagljo01
122307,slagj102,slaglji01
122309,slagr101,slaglro01
122310,slagw101,slaglwa01
460104,slama001,slamaan01
592753,sland001,slanida01
122311,slapc101,slapncy01
122312,slapj101,slappjo01
596103,slata001,slateau01
460657,slatd001,slatedo01
,slatd901,
122313,slatj001,slatoji01
686580,slatj002,slateju01
122314,slatj101,slattja01
122315,slatm101,slattmi01
122316,slatp101,slattph01
567160,slatt801,
122318,slaub101,slaugba01
122317,slaud001,slaugdo01
122319,slaue101,slaugen01
122320,slaus101,slaugst01
122322,slayb101,slaybbi01
122323,slays101,slaytst01
122321,slays102,slaybsc01
122324,sleal101,sleatlo01
212356,sledt001,sledgte01
642083,slega001,slegeaa01
,slicd901,
,slidr801,
122325,sloab101,sloanbr01
122327,sloal101,sloatle01
817242,sloar101,
122326,sloat101,sloanto01
451497,slocb001,slocubr01
122329,sloch001,slocuhe01
122328,slocr101,slocuro01
458713,slowk001,sloweke01
122330,slusj001,slusajo01
,smaih901,
122331,smajc001,smajscr01
122332,smala001,smallaa01
122333,smalc101,smallch01
663629,smale001,smallet01
122334,smalh101,smallha01
122335,smalj101,smallji01
817240,small101,smalllo01
122336,smalm001,smallma01
122337,smalr001,smallro02
122338,smalr101,smallro01
122340,smalw101,smallwa01
122339,smalw102,smallwi01
150412,smarj001,smartj.01
817237,smarl101,smartle01
693080,smart801,
817238,smauo101,smaulow01
122341,smazj101,smazajo01
656970,smeld001,smeltde01
122343,smilb101,smilebi01
122342,smilj001,smilejo01
700363,smita001,smithaj01
122353,smita101,smithar01
122350,smita102,smithal04
122349,smita103,smithal02
122348,smita104,smithal03
122347,smita105,smithal01
,smita901,
122358,smitb001,smithbr01
122357,smitb002,smithbr02
344793,smitb003,smithbr03
406873,smitb004,smithbu02
572143,smitb005,smithbu03
544930,smitb006,smithbl01
122354,smitb101,smithbi05
122355,smitb102,smithbi06
122452,smitb103,smithbo01
122356,smitb104,smithbo04
122359,smitb105,smithbe01
122468,smitb107,smithbi02
122455,smitb108,smithbo05
122454,smitb109,smithbo03
122453,smitb110,smithbo02
122428,smitb111,smithbu01
122469,smitb112,smithbi04
122470,smitb113,smithbi01
817212,smitb114,smithbo07
817214,smitb115,
,smitb801,
,smitb901,
276540,smitc001,smithch07
434672,smitc002,smithch08
605477,smitc003,smithch09
605476,smitc004,smithca02
627262,smitc005,smithch10
592761,smitc006,smithca03
663385,smitc007,smithch12
675986,smitc008,smithca05
671922,smitc009,smithca06
701358,smitc010,smithca07
122365,smitc101,smithch05
122421,smitc102,smithch03
122383,smitc103,smithca01
122367,smitc104,smithcl01
122364,smitc105,smithch04
122362,smitc106,smithch01
122361,smitc107,smithch02
817209,smitc108,smithcl03
817207,smitc109,smithch11
817208,smitc110,smithcl02
817211,smitc111,smithcl04
817210,smitc112,smithca04
122371,smitd001,smithda02
122372,smitd002,smithda03
122416,smitd003,smithdw01
122369,smitd004,smithda04
137203,smitd005,smithda05
122368,smitd006,smithda07
596105,smitd007,smithdw02
642086,smitd008,smithdo02
622098,smitd009,smithdr01
681916,smitd010,smithdy01
122373,smitd101,smithdo01
122450,smitd102,smithdi03
122449,smitd103,smithdi01
122448,smitd104,smithdi02
122370,smitd105,smithda01
817204,smitd107,
600052,smite101,smithed01
122447,smite102,smithed03
122384,smite103,smither01
122381,smite104,smithel02
122377,smite105,smithed04
122376,smite106,smithea02
122375,smite107,smithea01
122374,smite108,smithea03
122346,smite109,smithed02
137202,smite110,smithed05
,smite901,
,smite902,
122391,smitf101,smithfr02
122390,smitf102,smithfr04
122389,smitf103,smithfr05
122388,smitf104,smithfr06
122387,smitf105,smithfr01
122386,smitf106,smithfr03
817199,smitf107,smithfo01
122398,smitg001,smithgr01
460105,smitg002,smithgr02
122393,smitg101,smithge04
122396,smitg102,smithge03
122395,smitg103,smithge01
122392,smitg104,smithge02
817201,smitg105,smitheu01
817194,smitg106,smithgu01
,smitg901,
,smitg902,
122406,smith101,smithha04
122405,smith102,smithha02
122404,smith103,smithha01
122403,smith104,smithha03
122402,smith105,smithha05
122401,smith106,smithha08
122412,smith107,smithha06
122400,smith108,smithha09
122399,smith109,smithha07
122394,smith110,smithhe01
817188,smith111,smithhi99
817192,smith112,smithhe03
817189,smith113,smithhe04
817191,smith114,smithhe02
400136,smitj001,smithja05
501925,smitj002,smithjo05
502136,smitj003,smithjo06
595001,smitj004,smithjo07
607727,smitj005,smithja06
605479,smitj006,smithjo08
669701,smitj007,smithjo11
122414,smitj101,smithji02
122419,smitj102,smithja02
122397,smitj103,smithju01
122418,smitj104,smithjo02
122415,smitj105,smithjo01
122407,smitj106,smithja03
122413,smitj107,smithji01
122409,smitj108,smithja01
122408,smitj109,smithja04
122420,smitj110,smithjo04
122457,smitj111,smithjo03
817182,smitj112,smithjo10
817180,smitj114,smithji03
817178,smitj115,smithji04
817179,smitj117,
282863,smitj801,
122440,smitk001,smithke03
607345,smitk002,smithke04
675656,smitk003,smithke05
122422,smitk101,smithke01
122423,smitk102,smithke02
122352,smitk103,smithkl01
122426,smitl001,smithle02
122430,smitl002,smithlo01
122429,smitl101,smithle01
122424,smitl102,smithl.01
122434,smitm001,smithmi04
122475,smitm002,smithmi03
122435,smitm003,smithmi05
122432,smitm004,smithma03
420944,smitm005,smithmi06
445224,smitm006,smithma04
605480,smitm007,smithma05
573166,smitm008,smithmu01
122431,smitm101,smithma02
122436,smitm102,smithmi02
122382,smitm103,smithmi01
122380,smitm104,smithel01
122379,smitm105,smithma01
817175,smitm106,smithmi07
817176,smitm107,smithma06
431079,smitm701,
122437,smitn101,smithna01
122439,smito001,smithoz01
122438,smito101,smithol01
817174,smito103,smithol02
122443,smitp001,smithpe02
656976,smitp002,smithpa04
122363,smitp101,smithpo01
122444,smitp102,smithpe01
122442,smitp103,smithpa01
122441,smitp104,smithpa03
122425,smitp105,smithpa02
122417,smitp106,smithph01
122366,smitp107,smithpo02
817173,smitq101,smithqu01
122427,smitr001,smithro01
122474,smitr002,smithro02
134360,smitr003,smithbo06
400123,smitr004,smithro03
642092,smitr005,smithri01
122360,smitr101,smithre06
122445,smitr102,smithra01
122456,smitr103,smithru01
122467,smitr104,smithre03
122451,smitr105,smithre05
122446,smitr106,smithre01
122433,smitr107,smithre04
122411,smitr108,smithre02
817172,smitr109,smithra02
817170,smitr110,smithr07
817169,smitr111,
817168,smitr112,
817171,smitr113,smithrs01
425407,smits001,smithst02
452234,smits002,smithse01
681343,smits003,smithsh02
122460,smits101,smithsy01
122459,smits102,smithsh01
122458,smits103,smithsk01
122410,smits104,smithst01
567370,smits801,
134000,smitt001,smithtr01
642094,smitt002,smithty01
122351,smitt101,smithto03
122463,smitt102,smithto04
122462,smitt103,smithto01
122461,smitt104,smithto02
817165,smitt105,smithth01
817163,smitt106,smithta01
122344,smitu101,smith01
817184,smitu102,
122464,smitv101,smithvi01
122472,smitw001,smithwi03
519293,smitw002,smithwi04
669257,smitw003,smithwi05
122466,smitw101,smithwi01
122471,smitw102,smithwi02
122465,smitw103,smithwa01
817154,smitw104,smithwy01
817160,smitw105,smithwi06
817158,smitw106,smithwi07
122473,smitz001,smithza01
475253,smoaj001,smoakju01
519294,smokj001,smokejo01
122477,smolj001,smoltjo01
519295,smolj002,smolija01
122476,smoll101,smollle01
122478,smooh101,smootho01
122479,smoyh101,smoyehe01
122480,smykf101,smykafr01
592767,smyld001,smylydr01
122481,smyrc101,smyrecl01
431080,smytd701,
122483,smyth101,smythha01
122482,smytr101,smythre01
407790,smyts001,smythst01
424425,snarr001,snarery01
400109,sneae001,sneades01
817156,sneae101,sneaded01
669912,sneak001,sneadki01
817153,sneas101,sneadsy01
605482,sneec001,sneedcy01
122484,sneej101,sneedjo01
,sneeu901,
605483,snelb001,snellbl01
421684,snelc001,snellch02
122485,snelc101,snellch01
592769,sneld001,sneltdj01
430636,sneli001,snellia01
122486,sneln001,snellna01
122487,snelw101,snellwa01
676092,snidc001,snideco01
122488,snidd101,snidedu01
501983,snidt001,snidetr01
122489,snidv001,snideva01
122490,snipr101,snipero01
492535,snitb801,snitkbr99
607086,snitt801,
122491,snodc101,snodgch01
,snodc901,
122492,snodf101,snodgfr01
607087,snods001,snodgsc01
122493,snoof101,snookfr01
122494,snopc001,snopech01
122495,snovc101,snoveco01
122496,snowc101,snowch01
817155,snowd101,snowdda01
817157,snowf101,snowfe01
122497,snowj001,snowj.01
817151,snowm101,snowdmo01
122499,snydb001,snydebr01
430957,snydb002,snydebr02
474319,snydb003,snydebr03
122498,snydb101,snydebe01
122514,snydb102,snydebi01
122509,snydc001,snydeco02
430965,snydc002,snydech02
122503,snydc101,snydeco01
122500,snydc102,snydech01
,snydc103,snydech03
407897,snyde001,snydeea01
122504,snydf101,snydefr01
122506,snydg101,snydege01
122505,snydg102,snydege02
122511,snydj001,snydejo02
122512,snydj101,snydejo01
137204,snydj102,snydeja01
122510,snydj103,snydeji02
122508,snydj104,snydeji01
122507,snydj105,snydeje01
216897,snydk001,snydeky01
676766,snydn001,snydeni01
122501,snydp101,snydepo01
122502,snydr101,snydere01
122513,snydr102,snyderu01
,soarh901,
279574,sobks001,sobkosc01
656977,soboc001,sobotch01
122515,sockc101,sockach01
462515,socom001,socolmi01
122516,soddb101,soddbi01
122517,sodee101,soderer01
122518,sodes001,soderst01
691016,sodet001,soderty01
122519,sodoc001,sodowcl01
122520,soffr001,soffra01
122521,sofir101,sofieri01
519299,sogae001,sogarer01
686765,sogan001,sogarni01
122522,sojol001,sojolu01
456781,solad001,solando01
122524,solaj001,solanju01
500207,solaj002,solanjh01
,solaj101,
669256,solan001,solakni01
122523,solat101,solaito01
500208,solay001,solarya01
817148,soldu101,solde01
434057,solea001,soleral01
624585,solej001,solerjo01
455378,solia001,solisal01
122525,solim101,solisma01
817150,solim102,solismi01
519301,solis001,solissa01
150354,solis801,
122526,soloe101,solomed01
676660,soloj001,solomja01
122527,solom101,solommo01
656981,solop001,solompe01
122528,soltm101,soltemo01
122530,somee101,somered01
122529,somej101,somerjo01
122535,somma101,sommean01
122534,sommb101,sommebi01
,sommb901,
805427,sommd001,sommedr01
,sommd801,
122531,sommj101,sommejo01
122532,sommp101,sommepe01
122533,sommr101,sommeru01
643550,somsl001,somsela01
122536,songd101,songedo01
458567,sonna001,sonnaan01
693946,soosr701,
122537,sorel001,sorenla01
400124,sorez001,sorenza01
150093,soria001,soriaal01
666277,sorig001,soriage01
465657,sorij001,soriajo01
667755,sorij002,soriajo02
400089,sorir001,soriara01
647336,sorom001,sorokmi01
122539,sorrb101,sorrebi01
122540,sorrc101,sorrech01
122541,sorrp001,sorrepa01
122538,sorrv101,sorrevi01
624641,sosae001,sosaed01
122542,sosae101,sosael01
464400,sosah001,sosahe01
150057,sosaj001,sosaju01
407901,sosaj002,sosajo02
122543,sosaj101,sosajo01
672820,sosal001,sosale01
122544,sosas001,sosasa01
817146,sosav101,sosavi01
122546,sotha101,sothoal01
122545,sothd101,sothede01
519303,sotoe001,sotoel01
434567,sotog001,sotoge01
543803,sotog002,sotogi01
642397,sotog003,sotogr01
665742,sotoj001,sotoju01
670869,sotol001,sotoli01
122547,sotom001,sotoma01
519304,soton001,sotone01
122548,soucb101,souchst01
817141,soueh101,souelhe01
656986,sousb001,sousabe01
122551,soutb101,southbi01
122550,soutb102,southbi02
122549,soutc101,southcl01
122552,souzm101,souzama01
519306,souzs001,souzast01
122555,sowdb101,sowdebi01
122553,sowdj101,sowdejo01
122554,sowdl101,sowdele01
460265,sowej001,sowerje01
122556,spadb101,spadebo01
427479,spagd901,
122557,spahw101,spahnwa01
122558,spala101,spaldal01
122559,spald101,spalddi01
122560,spana101,spangal01
122561,spanb101,spansbi01
605486,spanc001,spangco01
452655,spand001,spande01
,spanj901,
817142,spanu101,spann01
642098,sparg001,sparkgl01
533331,sparg801,
237163,sparj001,sparkje01
122564,sparj101,sparmjo01
817133,sparj102,sparkjo01
,sparj801,
122562,spars001,sparkst01
331992,spars002,sparkst02
122563,spart101,sparktu01
666208,speaa001,speasal01
,speaa101,
431081,speaa701,
122565,speab101,speakbo01
817134,speac101,spearch01
817137,speac102,spearco01
817135,speac103,spearcl01
817129,speaf101,spearfr01
817131,speah101,spearhe01
820697,speaj101,applegi01
460621,spean001,spearna01
122566,speat101,speaktr01
817130,speaw101,spearwi01
122567,specc001,speckcl01
122568,speeb101,speecby01
122570,speef101,speerfl01
122569,speeh101,speedho01
122571,speek101,speerki01
122572,speht001,spehrti01
122573,speic001,speiech01
642100,speig001,speiega01
133221,speij001,speieju01
446453,speil001,speigle01
434627,speir001,speiery01
122585,spenb101,spencbe01
122574,spenb102,spencbo01
122577,spenc101,spencch01
122578,spend101,spencda01
,spenf901,
122582,speng101,spencgl01
122581,speng102,spencge01
122580,spenh101,spencha01
,spenh801,spencha99
543805,spenj001,spencjo01
122584,spenj101,spencji01
817125,spenj102,spencjo02
817124,spenj103,spencjo03
687765,spenm001,spencmi01
122586,spenr101,spencro01
133341,spens001,spencsh01
136461,spens002,spencst02
211686,spens003,spencse01
122575,spens101,spencst01
122579,spent101,spenctu01
122583,spent102,spencto01
122587,spenv101,spencve01
817126,spenw101,spencwi01
817128,spenz101,spencza01
122589,spere101,sperbed01
122588,sperp101,sperapa01
122590,sperr101,sperrro01
122591,spers101,sperrst01
122592,spicb101,spicebo01
122593,spieb001,spierbi01
686730,spiec001,spierca01
122595,spiee101,spiezed01
122594,spieh101,spiesha01
427482,spiep901,
122596,spies001,spiezsc01
122597,spikc101,spikech01
122598,spild001,spillda01
122599,spilh001,spilmha01
448676,spilr001,spilbry01
122600,spinh101,spindha01
,spinm901,
122601,spins101,spinksc01
665661,spits001,spitzsh01
150160,spivj001,spiveju01
122602,splip001,splitpa01
122603,spoga101,spognan01
122604,spoha101,spohral01
122605,spolp001,spoljpa01
122606,sponc101,spongca01
122607,spook101,spoonka01
407486,spoot001,spoonti01
122608,spotj101,spottji01
122611,sprac101,spragch01
122612,sprae001,spraged02
122613,sprae101,spraged01
122614,sprah101,spratha01
122610,sprah102,spragho01
122609,spraj001,spradje01
431083,sprej701,
122617,sprib101,sprinbr01
,sprib901,
122618,sprid001,sprinde01
122619,sprie101,sprined01
543807,sprig001,springe01
122615,sprig101,sprigge01
605488,sprij001,sprinje01
122622,sprij101,sprinjo01
122616,sprij102,sprinja01
,sprim901,
122620,sprir001,sprinru01
122621,spris001,sprinst01
687075,sprob001,sproabr01
122625,sprob101,sprowbo01
122624,sprob102,sproubo01
122623,sproc101,sprouch01
817121,spruj101,spruijo01
543809,spruz001,spruize01
400050,spurc001,spurlch01
122627,spure101,spurned01
122626,spurf101,spurgfr01
335992,spurj001,spurgja01
122628,squim001,squirmi01
122629,stabg101,stablge01
122630,stace101,stacked01
,stacp101,
122631,staem101,staehma01
122636,stafb101,staffbi01
122635,stafb102,staffbo01
122633,stafg101,staffge01
122632,stafh101,staffhe01
122634,stafj101,staffjo01
,stafj901,
,stagb901,
122637,stags101,staggst01
122638,stahc101,stahlch01
,stahg901,
122639,stahj101,stahlja01
122640,stahl101,stahlla01
122641,stahs001,stahosc01
122644,staim001,stairma01
122642,stair101,staigro01
122643,stait101,staintu01
122651,stalg101,stallge01
122650,stalg102,stallge02
122646,stalg103,stalege01
122645,stalg104,stalega01
122647,stalh101,staleha01
607732,stalj001,stallja01
122648,stalt101,stalltr01
122649,stalv101,stallvi01
817123,stalw101,
489334,stamc001,stammcr01
,stamc901,
608715,stame001,stameer01
817117,stamh101,stamphu01
431084,stamm701,
122665,stana001,stankan01
122656,stana101,staneal01
122674,stanb001,stanlbo01
122676,stanb101,stantbu01
122669,stanb102,stanlbu01
444839,stanc001,stanscr01
592774,stanc002,stanlco01
122653,stanc101,stancch01
458094,stand001,stangda01
122659,stand101,stanhdo01
122666,stane101,stanked01
122667,stanf101,stanlfr01
285075,stanj001,standja01
408037,stanj002,stanfja01
122668,stanj101,stanlji01
122675,stanj102,stansja01
122671,stanj103,stanljo02
122670,stanj104,stanljo01
122663,stanj105,stankjo01
122654,stanj106,standje01
,stanj901,
122657,stank101,stanfke01
122658,stanl101,stangle01
122678,stanl102,stantle01
122679,stanm001,stantmi01
122673,stanm002,stanlmi02
122681,stanm003,stantmi02
519317,stanm004,stantmi03
122672,stanm101,stanlmi01
817118,stann101,stanlne01
122652,stano101,stanaos01
122660,stanp001,stanipe01
122655,stanp101,standpe01
122662,stanr001,staniro01
592773,stanr002,stanery01
122661,stans001,stanist01
122680,stant101,stantto01
122664,stant102,stankto01
,stanu901,
122684,stapd001,staplda01
122683,stapd002,staplda02
122682,stapj101,stapljo01
605490,starb001,starlbu01
122690,starc101,starrch01
122693,starc102,starrbi01
122688,starc103,starkco01
150128,stard001,starkde01
122687,stard101,starkdo01
122692,stard102,starrdi01
,stard901,
122689,starg101,starnge01
122694,starh101,starrhe01
431085,starh701,
122695,starj101,startjo01
817112,starj102,starkji01
122686,starm001,starkma01
817113,staro101,starkot01
122691,starr101,starrra01
817110,staru101,stark02
122685,starw101,stargwi01
595426,stasb001,stassbr01
,stasb101,
664054,stasc001,stashco01
514089,stase701,
545358,stasm001,stassma01
122696,statd001,statoda01
122698,statj101,statzji01
122697,statj102,statojo01
122700,staue101,staufed01
622251,stauj001,staumjo01
122699,staur001,staubru01
431162,staut001,staufti01
,stava101,
458036,stavn001,stavini01
121624,stcle101,st.cleb01
121625,stclr001,st.clra01
122703,steab101,stearbi01
122701,stead101,stearec01
122702,steaj001,stearjo01
,steat101,steartu99
122704,stecc101,stechch01
608716,stecd001,steckdr01
276536,stecg001,stechge01
122705,stedj101,stedrjo01
122711,steeb101,steenbi01
122708,steeb102,steelbi01
122707,steeb103,steelbo01
122706,steee101,steelel01
817108,steee102,steeled01
122709,steef101,steelfa01
122713,steeg101,steerge01
122710,steej001,steelji01
657006,steej002,steelju01
132640,steek001,steenke01
122714,steem101,steevmo01
122712,steem102,steenmi01
668715,stees001,steersp01
122715,stefj001,stefejo01
683021,stefm001,stefami01
122716,stegd001,stegmda01
122720,steib001,steinbi02
133121,steib002,steinbl01
122727,steib101,steinbe01
122725,steib102,steinbi01
122717,steie101,steined01
122724,steig101,steinge01
122729,steih101,steinha01
122723,steih102,steinha02
122718,steii101,steinir01
122719,steij101,steinju01
,steim901,
122730,steir001,steirri01
122721,steir101,steinra02
122728,steir102,steinre01
122726,steir103,steinra01
122722,steit001,steinte01
122732,stelb101,stellbi01
122731,stelb102,stellbi02
,steld901,
122733,stelr101,stelmri01
122736,stemb101,stemmbi01
122734,stemf101,stemfr01
122735,stemj101,stembje01
435318,stems001,stemlst01
122737,stenc101,stengca01
275932,stend001,stensde01
122738,stend101,stenhda01
122741,stenj101,stenzja01
122739,stenm001,stenhmi01
122740,stenr101,stennre01
817105,stepa101,stephal01
122746,stepb101,stephbe01
122758,stepb102,stephbo01
122743,stepb103,stephbr01
122742,stepb104,stephbu01
122745,stepc101,stephcl01
122757,stepd101,stephdu01
122750,stepe101,stephea01
817103,stepf101,stephfr01
122751,stepg001,stephga01
122747,stepg101,stephge01
407856,stepj001,stephjo03
623451,stepj002,stephja01
122755,stepj101,stephjo01
122754,stepj102,stephjo02
122753,stepj103,stephje01
122748,stepj104,stephji01
817100,stepj105,stephja02
122756,stepp001,stephph01
122744,stepr001,stephra01
596112,stepr002,stephro01
122752,stepr101,stephri01
663886,stept001,stephty01
663986,stept002,stephtr01
122749,stepv101,stephve01
122759,stepw101,stephwa01
434886,stera001,sternad01
122762,sterd101,sterrdu01
686993,sterj001,sternju01
122760,sterj101,sterljo01
,sterp901,
122761,sterr101,sterlra01
449777,stetm001,stettmi01
664057,steva001,stevean01
122770,stevb101,stevebo01
670276,stevc001,steveca01
677060,stevc002,stevech02
122763,stevc101,stevech01
122764,stevd001,steveda01
122766,steve101,steveed01
459999,stevj001,steveje01
122767,stevj101,steveji01
,stevj901,
122765,stevl001,stevele01
817101,stevn101,steven01
122768,stevr101,stever_01
122769,stevr102,stevero01
122771,stevt001,steveto01
817097,stevw101,stevewi01
122772,stewa001,stewaan01
122773,stewa101,stewaac01
817093,stewa102,stewaar01
592779,stewb001,stewabr01
122776,stewb101,stewabu01
122789,stewb102,stewabi01
122785,stewb103,stewabu02
,stewb901,
,stewb902,
455755,stewc001,stewach01
621514,stewc002,stewach02
122775,stewd001,stewada01
621466,stewd002,stewadj01
,stewe901,
122777,stewf101,stewafr01
817091,stewf102,stewafr02
122778,stewg101,stewagl01
456655,stewi001,stewaia01
425554,stewj001,stewajo02
122781,stewj101,stewajo01
122779,stewj102,stewaji01
,stewj901,
640464,stewk001,stewako01
122786,stewl101,stewale01
817092,stewl102,stewale02
122788,stewm101,stewama02
122782,stewm102,stewama01
817088,stewm103,stewama03
122787,stewn101,stewane01
817089,stewo101,stewaos01
817085,stewr101,stewari01
122783,stews001,stewasa01
122784,stews002,stewash01
400305,stews003,stewasc01
701398,stews004,stewasa02
122780,stews101,stewast01
122774,stewt101,stewatu01
543819,stewz001,stewaza01
122790,stidp001,stidhph01
122791,stied001,stiebda01
122792,stief101,stielfr01
680692,stiej001,stievjo01
122793,stigd101,stigmdi01
122796,stilk001,stillku01
122797,stilr101,stillro01
122795,stilr102,stillro02
122794,stilr103,stilero01
817087,stilu101,stile02
122799,stima101,stimmar01
122798,stimc101,stimacr01
122800,stimc102,stimsca01
122804,stinb101,stinsbo01
,stinf101,
122801,stinh101,stineha01
502139,stinj001,stinsjo01
122803,stink001,stinnke01
122802,stinl101,stinele01
817083,stinu101,stins02
122805,stirg101,stirega01
122806,stirs101,stirnsn01
592781,stitm001,stitema01
122807,stivj101,stiveja01
657766,stjol001,stjohlo01
122808,stobc101,stobbch01
122811,stock001,stockke01
122813,stocl101,stockle01
444116,stocm001,stockme01
122809,stocm101,stockmi01
122812,stoco101,stockot01
430666,stocp001,stockph01
476594,stocr001,stockro01
817081,stoct101,stockte01
122810,stocw101,stockwe01
122815,stodb001,stoddbo01
122816,stodt001,stoddti01
122814,stodu101,stodd01
122818,stoka101,stokear01
122817,stoka102,stokeal01
425530,stokb001,stokebr01
657011,stokt001,stoketr01
122822,stona101,stonear01
122833,stonb101,stonebi01
122821,stond101,stonedw01
122820,stond102,stonede01
122819,stond103,stonedi01
817084,stone101,stoneed01
694813,stong001,stonega01
122825,stong101,stonege01
122824,stong102,stonege02
122823,stong103,stonege03
122827,stonj001,stoneje01
122832,stonj101,stonejo02
122828,stonj102,stonejo01
122834,stonl101,stoneli01
150392,stonr001,stoneri01
122829,stonr101,stonero01
122826,stonr102,stonero02
122830,stons101,stonest01
502621,stont001,stoneto01
122831,stont101,stoneti01
136765,stooj001,stoopji01
,stopj901,
122836,stora101,storkal01
519322,stord001,storedr01
122835,storh101,storiho01
122837,storl101,stortli01
493547,storm001,storemi01
596115,stort001,storytr01
681082,stotb001,stottbr01
122838,stotm001,stottme02
122839,stotm101,stottme01
122840,stott001,stottto01
122842,stoua101,stoutal01
657770,stoue001,stouter01
686651,stoul001,stoudle01
122841,stout101,stoucto01
134440,stovd001,stovada01
122843,stovg101,stovage01
122845,stovh101,stoveha01
122844,stovj101,stovaje01
122846,stovr101,stovira01
817078,stovu101,stova02
209063,stowc001,stowech01
122847,stowh101,stoweha01
669065,stowk001,stoweky01
425833,stpim001,stpiema01
122858,straa101,stratas01
122856,straa102,stranal01
122852,strab101,strambo01
608717,strac001,stratch01
122864,strad001,strawda01
122857,strad002,strando01
573185,strad003,straida01
122849,strad101,strahdi01
122861,strae101,strated01
817075,straf101,stratfe01
676702,strah001,strathu01
122850,straj101,straijo01
122862,straj102,straujo01
122863,straj103,straujo02
122851,stral001,strakle01
122854,stral101,stranla01
621381,stram001,strahma01
664702,stram002,strawmy01
122848,stram101,strahmi01
122860,stram102,stratmo01
407882,strap001,stranpa02
122853,strap101,stranpa01
595005,strar001,straury01
544931,stras001,strasst01
122859,stras101,stratsc01
122855,stras102,stransa01
122867,stree101,streled01
122865,streg101,streega01
434718,streh001,streehu01
,strem901,
122866,streo101,streios01
122868,strep101,stremph01
817073,stres101,streesa01
122869,strew101,streuwa01
122874,strib101,stricbi01
122871,stric101,striccu01
122875,strie101,stricel01
122876,strig101,striege01
122872,strig102,stricge01
519326,strih001,strichu01
817077,strih101,striche01
122881,strij101,stripjo01
122878,strij102,strikja01
122877,strij103,strikjo01
122873,strij104,stricji01
122870,strij105,stricjo01
122880,stril101,strinlo01
136604,strim001,stritma01
122879,strin101,strinni01
548389,strir001,stripro01
232994,stris001,stricsc02
675911,stris002,stridsp01
122882,stroa101,strobal01
122884,strob101,strombr01
122887,stroe101,stroued01
122885,strof101,stromfl01
313392,stroj001,stronjo01
425473,stroj002,stronja01
122886,stroj101,stronji01
122883,stroj102,strohjo01
817070,stroj103,stronjo02
669704,strok001,strowka01
817068,strol101,stronte01
506427,strol801,
573186,strom001,stromma01
,stroo101,
467008,strop001,stroppe01
122889,stros101,stroust01
122888,stros102,strousa01
817067,stros103,
122892,strua101,struval01
122890,strua102,strunam01
122891,strus101,strusst01
122893,stryd101,strykdu01
657265,strzp001,strzepe01
817120,stthl101,stthola01
122898,stuab101,stuarbi01
122897,stuad101,stuardi01
122894,stuaj101,stuarjo01
122895,stual101,stuarlu01
122896,stuam101,stuarma01
667690,stubc001,stubbcj01
453211,stubd001,stubbdr01
122899,stubf001,stubbfr01
596117,stubg001,stubbga01
122900,stubm101,stubimo01
,stubm102,
122901,studs101,studlse01
122902,stueg101,stuelge01
122903,stufp101,stuffpa01
122904,stule001,stullev01
445590,stule002,stulter01
122905,stulg101,stultge01
122908,stumb101,stumpbi01
621385,stumd001,stumpda01
122907,stumg101,stumpge01
122906,stumj101,stumpji01
122909,stupj001,stupejo01
122912,sturb101,sturgbo01
122913,sturd101,sturgde01
122911,sturg101,sturdgu01
122914,sturj101,sturmjo01
122915,sturt001,sturtta01
573188,sturt002,sturdty01
122910,sturt101,sturdto01
122916,stutg101,stutzge01
452741,stutm001,sttuemi01
485928,stutr701,
121626,stvrj101,st.vrji01
122917,styll101,stylele01
122918,stync001,stynech01
122919,stynn101,stynene01
544150,suara001,suareal01
605498,suara002,suarean01
553993,suare001,suareeu01
660761,suarj001,suarejo01
817064,suarj101,suarejo02
122920,suark101,suareke01
122921,suarl101,suarelu01
624133,suarr001,suarera01
663158,suarr002,suarero01
454368,subec801,
122923,suchc101,suchech01
122922,suchd101,suchdi01
122924,suchj101,sucheji01
122925,suckt101,suckto01
491696,sucrj001,sucreje01
122926,sudab101,sudakbi01
122927,sudep101,suderpe01
122928,sudhw101,sudhowi01
,sudoe901,
122929,suerw001,suerowi01
593833,suerw002,suerowa01
608372,sugat001,suganto01
122930,sugdj101,sugdejo01
592784,suggc801,
122931,suggg101,suggsge01
122932,suhrg101,suhrgu01
122933,sukec101,sukefcl01
122934,sukle101,suklaed01
122935,sulag101,sulargu01
122936,sulie101,suliker01
122938,sulla101,sullian01
664954,sullb001,sullibr01
122972,sullb101,sullibi02
122974,sullb102,sullibi03
122973,sullb103,sullibi04
122971,sullb104,sullibi01
430622,sullc001,sullico01
122940,sullc101,sullich02
122952,sullc102,sullich01
122943,sulld101,sullide02
122942,sulld102,sullide01
122941,sulld103,sullida01
,sulld901,
122945,sullf101,sullifr01
122944,sullf102,sullifl01
122947,sullh101,sulliha02
122946,sullh102,sulliha01
122957,sullj101,sullijo01
122950,sullj102,sullijo05
122956,sullj103,sullijo07
122955,sullj104,sullijo06
122954,sullj105,sullijo04
122953,sullj106,sullijo03
122951,sullj107,sullijo02
122949,sullj108,sulliji02
122948,sullj109,sulliji01
122939,sullj110,sullija01
,sullj901,
122963,sulll101,sullile01
122958,sullm001,sullima02
122961,sullm101,sullimi02
122960,sullm102,sullimi01
122959,sullm103,sullima01
122962,sullp101,sullipa01
,sullp801,sullipa99
122964,sullr101,sulliru01
122975,sulls001,sullisc01
122969,sulls101,sullisl01
122965,sulls102,sullisu01
122970,sullt101,sullite01
122968,sullt102,sullito03
122967,sullt103,sullito02
122966,sullt104,sullito01
122937,sullu101,sulli01
,sullw101,sulliwi01
676641,sulsb001,sulsebe01
642121,sulsc001,sulseco01
,summb901,
122977,summc001,summech01
122978,summe101,summeed01
122976,summh101,summaho01
,summj901,
122979,summk101,summeki01
817060,summl101,summelo01
817063,summt101,summeta01
122980,sumnc101,sumneca01
817059,sumrw101,sumrawi01
122981,sunda101,sundaar01
122982,sundb101,sundabi01
122984,sundg101,sundigo01
122983,sundj001,sundbji01
122985,sunds101,sundrst01
817057,sunkp101,sunkepe01
122986,sunkt101,sunketo01
122987,suppj001,suppaje01
,suppw901,
122989,surhb001,surhob.01
122988,surhr001,surhori01
474668,surke001,surkaer01
122990,surkm101,surkoma01
572180,susaa001,susacan01
122992,suscg101,suscege02
122991,suscg102,suscege01
519330,susds001,susdost01
122993,suskp101,suskope01
122994,sutcb101,sutclbu01
122996,sutcr001,sutclri01
122995,sutcs101,sutclsy01
608718,suteb001,suterbr01
122997,suteh101,suterha01
123001,suthd101,suthedi01
122998,suthd102,sutheda01
122999,suthg101,suthega01
123002,suthl101,suthele01
123000,suths101,suthesu01
123003,sutkg001,sutkogl01
123004,suttb001,suttebr01
123006,suttd001,suttodo01
450300,suttd002,suttodr01
123007,sutte101,suttoez01
123008,suttj101,suttojo01
123005,suttj102,sutthja01
123009,suttl001,suttola01
817050,suttl101,suttole01
817055,suttm101,suttlmu99
669261,suwij001,suwinja01
400085,suzui001,suzukic01
435559,suzuk001,suzukku01
123010,suzum001,suzukma01
673548,suzus001,suzukse01
694335,svanm001,svansma01
123011,sveud001,sveumda01
123012,swabb101,swababi01
123013,swach101,swaciha01
123014,swagb001,swaggbi01
680552,swagt001,swaggtr01
123015,swaic101,swaimcy01
123016,swana101,swanan01
123026,swanb101,swansbi01
,swanb102,
123017,swanc001,swancr01
621020,swand001,swansda01
123018,swand101,swandu01
657024,swane001,swanser01
123023,swane101,swansev01
123024,swank101,swanska01
123020,swanm101,swandma01
817052,swann101,swancno01
150201,swanp001,swannpe01
123021,swanp101,swandpi01
123019,swanr001,swanru01
123022,swanr101,swansre01
123025,swans101,swansst01
678933,swant801,
817053,swanu101,swan02
461872,swara001,swarzan01
123028,swarb101,swartbu01
123030,sward001,swartda01
123027,sware101,swarted01
664161,swarm001,swarmma01
123029,swarm101,swartmo01
123031,swarp101,swartpa01
123032,sweac101,sweasch01
817049,sweag101,sweatge01
425789,sweeb001,sweenbr01
123045,sweeb101,sweenbi03
123044,sweeb102,sweenbi02
123043,sweeb103,sweenbi01
123033,sweeb104,sweenbu01
123034,sweec101,sweench01
572182,sweed001,sweenda02
682967,sweed002,sweetde01
123035,sweed101,sweenda01
,sweeg901,
123037,sweeh101,sweenha01
123038,sweej101,sweenje01
123036,sweej102,sweenje02
,sweej901,
123047,sweel101,sweetle01
123040,sweem001,sweenma01
123041,sweem002,sweenmi01
123042,sweep101,sweenpe01
435220,sweer001,sweenry01
123046,sweer101,sweetri01
123039,sweer102,sweenro01
700242,sweet001,sweentr01
123048,sweih101,sweigha01
123049,swena101,swentau01
,swenc901,
674832,swens701,
123051,swetp101,swettpo01
123050,swets101,swetost01
123053,swifb001,swiftbi02
123054,swifb101,swiftbi01
123052,swifb102,swiftbo01
123056,swiga101,swiglad01
123055,swigo101,swigaoa01
596119,swihb001,swihabl01
123059,swinc101,swindch01
123057,swing001,swindgr01
123058,swinj101,swindjo01
123060,swinp001,swingpa01
449881,swinr001,swindrj01
430897,swisn001,swishni01
123061,swiss101,swishst01
408304,switj001,switzjo01
123062,swobr101,swoboro01
123063,sworl101,swormle01
817048,sydnd101,sydnodo01
618782,syepb701,
123064,sykeb101,sykesbo01
817044,syked101,sykesdo01
817047,sykem101,sykesme01
,sykes101,
,sylvf901,
123065,sylvl101,sylvelo01
592789,syndn001,syndeno01
663378,szapt001,szaputh01
519333,szczm001,szczuma01
123066,szekj101,szekejo01
123067,szotk101,szotkke01
430835,szumj001,szumija01
,tabaf901,
123068,tabaj001,tabakje01
467798,tabaj002,tabatjo01
123069,tabbj101,tabbje01
123071,tabej101,taberjo01
123070,tabel101,taberle01
123072,tablp001,tablepa01
817042,taboe101,tabormi01
123073,tabog001,taborgr01
123074,taboj101,taborji01
123075,tackj001,tackeje01
430954,tadak001,tadanka01
123076,taffj101,taffjo01
408039,tagus001,tagucso01
607369,taijt001,taijetr01
592791,tailj001,taillja01
123077,taitd101,taittdo01
538227,takah001,takahhi01
548092,takak001,takahke01
430968,takas001,takatsh01
431086,talba701,
123079,talbb101,talbobo01
817043,talbd101,
123078,talbf101,talbofr01
817040,talbf102,
452676,talbm001,talbomi01
,talbu901,
123080,talcr101,talcoro01
425226,tallb001,tallebr01
123081,taltt101,taltoti01
134641,tam-j001,tamje01
123082,tamaj101,tamarjo01
123083,tamuv101,tamulvi01
123084,tanaf001,tananfr01
547887,tanak001,tanakke01
547888,tanam001,tanakma01
407807,tankd001,tankede01
123085,tankl101,tankele01
452237,tankt001,tanketa01
123088,tannb001,tannebr01
123089,tannc101,tannech01
123086,tannj101,tanneje01
123087,tannl101,tannele01
123090,tapak001,tapanke01
593619,tapid001,tapiado01
606132,tapir001,tapiara01
817037,taplj101,taplejo01
817033,taplt101,tapleto01
123092,tappe101,tappeel01
123093,tappt101,tappete01
123091,tappw101,tappawa01
,tapsd101,
123094,tarat001,tarasto01
123095,tarba101,tarbear01
676206,tarnf001,tarnofr01
605501,tarps001,tarplst01
817034,tarrj101,tarraja01
,tarrr101,
123096,tartd001,tartada01
123097,tartj101,tartajo01
502023,tartt001,tartatr01
123098,tarvl001,tarvela01
123099,tasbw101,tasbywi01
435620,tascj001,taschja01
450265,tataj001,tatajo01
,tatat901,
123106,tatea101,tateal01
123101,tateb101,tatebe01
622253,tated001,tatedi01
123102,tateh101,tatehu01
123103,tatel101,tatele01
123100,tatep101,tatepo01
123104,tater101,tatera01
817032,tater102,tatero01
123105,tates001,tatest01
,tatew901,
599899,tatey001,tateyyo01
123107,tatif001,tatisfe01
665487,tatif002,tatisfe02
123108,tatir001,tatisra01
461874,tatuc001,tatumcr01
817025,tatug101,tatumgo01
123109,tatuj001,tatumji01
123110,tatuj101,tatumja01
123111,tatuk101,tatumke01
123112,tatut101,tatumto01
123113,taube001,taubeed01
123114,taubf101,taubyfr01
457458,taubt001,taubety01
643565,taucm001,tauchmi01
123116,tausd101,taussdo01
123115,tausw101,tauscwa01
123118,tavaj001,tavarju01
123117,tavaj002,tavarje01
123120,tavea101,taveral01
123121,tavef101,taverfr01
123119,tavej101,tavenja01
665750,tavel001,taverle01
570805,taveo001,taveros01
430838,tavew001,taverwi01
694374,tawat001,tawati01
407818,tayla001,tayloaa01
476531,tayla002,tayloan01
123123,tayla101,tayloar01
817023,tayla102,tayloal01
123163,taylb001,taylobi04
664701,taylb002,taylobe10
607333,taylb003,taylobe11
642130,taylb004,taylobl01
123126,taylb101,taylobr01
123164,taylb102,taylobi03
123162,taylb103,taylobi01
123161,taylb104,taylobi02
123152,taylb105,taylobo01
123124,taylb106,taylobe02
123125,taylb107,taylobe01
817021,taylb108,taylobe99
817020,taylb109,taylobo02
621035,taylc001,tayloch03
123129,taylc101,tayloch02
123128,taylc102,tayloca01
123127,taylc103,tayloch01
817022,taylc104,tayloci01
123132,tayld001,taylodw01
123131,tayld002,taylodo01
123130,tayld101,tayloda01
123149,tayld102,taylodu01
123134,tayle101,tayloed02
123133,tayle102,tayloed01
123136,taylf101,taylofr01
501869,taylg001,taylogr01
691799,taylg002,taylogr02
123137,taylg102,tayloga01
492695,taylg801,tayloge99
123142,taylh101,tayloha03
123151,taylh102,tayloha04
123140,taylh103,tayloha02
123139,taylh104,tayloha01
123138,taylh105,tayloha05
657031,taylj001,taylojo02
,taylj101,tayloja02
123145,taylj102,tayloja01
123144,taylj103,taylojo01
820787,taylj104,taylost01
817017,taylj105,tayloca02
817014,taylj106,tayloje01
817015,taylj107,taylojo05
817013,taylj108,taylojo04
817016,taylj109,taylojo03
,taylj901,
123147,taylk001,tayloke01
123148,tayll101,taylole01
123135,tayll102,tayloli01
817012,tayll103,taylole02
446345,taylm001,taylomi01
572191,taylm002,taylomi02
123159,taylp101,taylope01
150114,taylr001,taylore01
123154,taylr101,tayloro01
817010,taylr102,taylora01
817011,taylr103,tayloro02
123153,tayls001,taylosc01
123156,tayls002,taylosc02
669392,tayls003,taylosa04
123155,tayls102,taylosa02
817009,tayls103,taylosa03
123157,taylt001,taylote01
621438,taylt002,tayloty01
700187,taylt003,taylotr01
123122,taylt101,tayloto02
123158,taylt102,tayloto01
,taylt103,
123160,taylw001,taylowa01
123150,taylw101,taylowi01
,taylw901,
123143,taylz101,tayloza02
123165,taylz102,tayloza01
547749,tazaj001,tazawju01
123166,teacb101,teachbu01
501870,teafe001,teafoev01
460003,teagt001,teagata01
433597,teahm001,teahema01
817006,teasr101,teaslro01
123167,tebbb101,tebbebi01
123169,tebeg101,tebeage01
123170,tebep101,tebeapa01
123168,tebep102,tebeapu01
123171,tedra101,tedroal01
123172,teedd101,teeddi01
691019,teelk001,teelky01
527054,tehej001,teherju01
407893,teixm001,teixema01
123173,tejam001,tejadmi01
514913,tejar001,tejadru01
123174,tejaw001,tejadwi01
660731,tejea001,tejedan01
150373,tejem001,tejermi01
434565,tejer001,tejedro01
493574,tekob001,tekotbl01
123175,tekuk001,tekulke01
123176,telea001,telemam01
123177,telfa001,telfoan01
,telft901,
123178,telgd001,telghda01
542513,telit001,telisto01
642133,tellr001,tellero01
123179,tellt001,tellmto01
123181,tempc101,templch01
123182,tempg001,templga01
123180,tempj101,templjo01
123183,tenag101,tenacge01
677588,tenaj001,tenajo01
123184,tenej101,tenerjo01
678906,tengk001,tengka01
123187,tennf101,tennefr01
123188,tennf102,tennefr02
123185,tennj101,tennaji01
123186,tennt101,tennato01
817004,tennu101,
669326,teodb001,teodobr01
123189,tepef101,tepedfr01
519344,tepen001,tepesni01
572193,teper001,teperry01
123190,tepsj101,tepsijo01
817001,terar101,teranre01
519345,terdj001,terdojo01
123191,terlb101,terlebo01
123192,terlg101,terlegr01
,terlr901,
123193,terpj101,terpkje01
123202,terra101,terryad01
123203,terrb101,terrybi01
663799,terrc001,terrycu01
816997,terrf101,terryfe01
123195,terrj101,terreje01
123198,terrj102,terryjo01
407880,terrl001,terrelu01
816998,terrl101,terrela01
123200,terrr101,terryra01
123201,terrs001,terrysc01
123196,terrt101,terreto01
816990,terrt102,terryta01
123197,terru101,terry01
123194,terrw001,terrewa01
123199,terry101,terryya01
123204,terrz101,terryze01
123205,terwd101,terwidi01
123206,terww101,terwiwa01
123207,tesca101,teschal01
123208,tesrj101,tesreje01
136585,tessj001,tessmja01
123209,testn101,testani01
676194,tetrj001,tetreja01
123210,tettd101,tettedi01
123211,tettm001,tettlmi01
123212,teuft001,teufeti01
400137,teutn001,teutna01
123213,tewkb001,tewksbo01
444427,texek001,texeika01
123214,textg101,textoge01
123215,thacm101,thackmo01
642136,thaim001,thaisma01
123216,thaka101,thakeal01
519346,thame001,thameer01
407801,thamm001,thamema01
123217,thatg101,thatcgr01
491159,thatj001,thatcjo01
445612,thayd001,thayeda01
123218,thayg101,thayegr01
123220,theid101,theisdu01
,theie801,
123219,theij101,theisja01
,theit901,
672730,thenj001,thenju01
123222,theog101,theodge01
123221,theor101,theobro01
592279,therj001,dygesje01
444135,therr001,theriry01
123223,thesj101,theseju01
123224,thevt101,theveto01
123225,thieb101,thielbe01
573204,thiec001,thielca01
123228,thied101,thiesda01
123226,thieh101,thielhe01
123229,thiej101,thiesja01
123227,thiej102,thielja01
123230,thigb001,thigpbo01
450303,thigc001,thigpcu01
123231,thobj001,thobej.01
123232,thobt001,thobeto01
123233,thoed101,thoendi01
489365,tholj001,tholejo01
123235,thoma001,thomaan01
276546,thoma002,thompan02
457744,thoma003,thompaa01
677950,thoma004,thomaal01
123269,thoma101,thomaar01
,thoma801,thompam99
346801,thomb001,thomabr01
433581,thomb002,thompbr01
669352,thomb003,thompbu01
123267,thomb101,thomabi01
123257,thomb102,thomabu01
123253,thomb103,thomabu02
123236,thomb104,thomabl01
123308,thomb105,thomsbo01
123275,thomb106,thompbo01
433595,thomc001,thomach01
460004,thomc002,thomacl02
642137,thomc003,thomaco01
671162,thomc004,thomaco02
687515,thomc005,thomaco03
123240,thomc101,thomacl01
123237,thomc102,thomaca01
816983,thomc103,thomacl03
816986,thomc105,thomach03
639285,thomc701,
123242,thomd001,thomade01
425663,thomd002,thompde01
444354,thomd003,thompda02
605504,thomd004,thomadi01
123241,thomd101,thomada01
123279,thomd102,thompdo01
123277,thomd103,thompda01
816980,thomd104,thomada03
816982,thomd105,thomaor01
816981,thomd107,thomada04
658292,thomd901,
123270,thome101,thomaer01
816974,thome103,thomaer02
123245,thomf001,thomafr04
123283,thomf101,thompfu01
123247,thomf102,thomafr02
123246,thomf103,thomafr03
123244,thomf104,thomafr01
123243,thomf105,thomafa01
123295,thomf106,thompfr03
123282,thomf107,thompfr02
123278,thomf109,thompfo01
816955,thomf110,thompfr04
,thomf801,thomafr99
123251,thomg001,thomago01
123271,thomg101,thomaga01
123248,thomg102,thomage01
123291,thomg103,thompgu01
816956,thomg104,thompgu02
123286,thomh101,thompho01
123249,thomh102,thomahe01
123285,thomh103,thompha02
123284,thomh104,thompha01
816977,thomh105,thomahe02
621962,thomi001,thomaia01
123250,thomi101,thomair01
123288,thomj001,thompja01
123272,thomj002,thomeji01
123294,thomj003,thompju02
123289,thomj004,thompja02
123307,thomj005,thomsjo01
476206,thomj006,thomaju01
622097,thomj007,thompja03
123293,thomj101,thompjo01
123280,thomj102,thompju01
816969,thomj103,thomaju02
816972,thomj104,thomajo01
453911,thomk001,thompke01
624522,thomk002,thompke02
123254,thomk101,thomaki01
123255,thoml001,thomala01
657041,thoml002,thomala02
123290,thoml101,thomple01
123256,thoml102,thomale02
123252,thoml103,thomale03
123239,thoml104,thomale01
816971,thoml105,thomala03
816970,thoml107,thomal04
123298,thomm001,thompmi02
123296,thomm002,thompma01
123258,thomm003,thomami01
445120,thomm004,thompmi03
666168,thomm005,thompma02
123259,thomm101,thomamy01
123297,thomm102,thompmi01
,thomm103,
,thomm901,
816967,thomn101,thomane01
123238,thomp101,thomapi01
123263,thomr001,thomaro02
123299,thomr002,thompri01
123300,thomr003,thompro01
123302,thomr004,thompry01
430829,thomr005,thompri02
460366,thomr006,thompri03
657044,thomr007,thompry02
689041,thomr008,thomarh01
123262,thomr101,thomaro01
123261,thomr102,thomare01
123260,thomr103,thomara01
479080,thomr801,thomsro99
,thomr901,
123305,thoms001,thompsc01
123287,thoms101,thompsh01
123264,thoms102,thomast01
123303,thoms103,thompsa01
816942,thoms104,thompsa02
816944,thoms105,thompsa03
816945,thoms106,
543853,thomt001,thompta01
572204,thomt002,thomptr01
123292,thomt101,thomptu01
123265,thomt102,thomato01
123234,thomt103,thomato02
123304,thomt104,thompto01
123301,thomt105,thompto02
123276,thomt106,thompti01
123281,thomu101,thompfr01
816966,thomu102,thomama01
816988,thomu104,thomabu03
123266,thomv101,thomava01
123268,thomw101,thomawa01
123306,thomw102,thompwi01
816964,thomw103,thomawa02
605507,thomz001,thompza01
668868,thomz002,thompza02
123309,thond001,thondi01
123310,thonj101,thoneja01
123313,thora001,thornan01
123320,thorb101,thorpbo02
123318,thorb102,thorpbo01
816937,thorc101,
689672,thord001,thorpdr01
816938,thorg101,thornge01
123311,thorh101,thormha01
123319,thorj101,thorpji01
123314,thorj102,thornjo01
816940,thorj103,thornja01
123315,thorl001,thornlo01
626929,thorl002,thorple01
407819,thorm001,thornma01
123316,thoro101,thornot01
123312,thorp101,thormpa01
429801,thors001,thormsc01
427508,thors701,
592804,thort001,thornty01
663423,thort002,thorntr01
123317,thorw101,thornwa01
123321,thrab101,thrasbu01
408069,three001,threeer01
123323,throf101,thronfa01
123324,throg101,throoge01
123322,throm101,thronma01
123325,thuml101,thumalo01
123328,thurb101,thurmbo01
407903,thurc001,thurmco01
123326,thurg001,thurmga01
407871,thurj001,thursjo01
123329,thurm001,thurmma01
123327,thurm002,thurmmi01
123330,thurs101,thurssl01
816935,thuru102,thurs02
123331,tianl101,tiantlu01
816936,tianl102,tiantlu02
123332,tibbj001,tibbsja01
676709,ticet001,ticety01
429805,ticht901,
123333,tidrd001,tidrodi01
694918,tidwb001,tidwebl01
123334,tiefb101,tiefebo01
123335,tiefv101,tiefeve01
502774,tiegj801,
123336,tieme101,tiemeed01
123339,tierb101,tiernbi01
123338,tierc101,tiernco01
123337,tierm101,tiernmi01
123340,tietl101,tietjle01
430584,tifft001,tiffete01
123341,tiftr101,tiftra01
,tighe901,
492696,tighj801,tigheja99
,tildo901,
816932,tilla101,
123344,tillb101,tillmbo01
501957,tillc001,tillmch01
482679,tillc901,
,tillh901,
123343,tillj101,tillmjo01
123342,tillj102,tillejo01
123345,tillr001,tillmru01
123346,tillt101,tilloth01
816930,tillu101,till02
605508,tilsc001,tilsoch01
123347,timbg101,timbega01
,timbu901,
123348,timlm001,timlimi01
123350,timmo001,timmooz01
123349,timmt101,timmeto01
427509,timmt901,
435626,timpc001,timpncl01
123351,tincb101,tincube01
,tindu901,
461344,tingj801,tinglja99
123352,tingr001,tinglro01
816927,tinkh101,
123353,tinkj101,tinkejo01
123354,tinnb101,tinnibu01
,tinnt101,tinneth01
,tinnu901,
622786,tinoj001,tinocje01
123355,tinsl001,tinslle01
123357,tippd101,tipplda01
123356,tippj101,tippeji01
123358,tipte101,tiptoer01
123359,tiptj101,tiptojo01
816924,tiptu101,tipto02
123360,tisct101,tischto01
816925,tisdj101,tisdaju01
123361,tisij101,tisinja01
123362,titcc101,titcoca01
123363,tituj101,titusjo01
123370,tobib101,tobinbi01
123364,tobid001,tobikda01
123368,tobij101,tobinja01
123367,tobij102,tobinjo02
123365,tobij103,tobinji01
474226,tobim001,tobinma01
123369,tobip101,tobinpa01
123366,tobit101,tobinjo01
150243,tocaj001,tocajo01
624636,toccc001,toccica01
123371,todda101,toddal01
123372,toddf101,toddfr01
519357,toddj001,toddje01
123373,toddj101,toddja01
123374,toddj102,toddji01
123375,todtp101,todtph01
123376,toenh101,toeneha01
669911,toglm001,toglimi01
123377,tolab101,tolanbo01
342792,tolak001,tolarke01
816919,tolbj101,tolbeja01
445196,tolbm001,tolbema01
686475,tolbt001,tolbety01
592808,tolea001,tolesan01
123378,tolej001,tolenjo01
123379,tolif001,tolivfr01
572208,tolla001,tollias01
328092,tollb001,tollbbr01
801139,tollp001,tollepa01
476270,tolls001,tollest01
474521,tolls002,tollesh01
123380,tollw001,tollewa01
123381,tolmt001,tolmati01
816922,toloa101,
123382,tolsc101,tolsoch01
664789,tom-k001,tomka01
123384,tomaa101,tomasan01
123383,tomad101,tomandi01
630111,tomay001,tomasya01
123385,tomba001,tombean01
123386,tomeg101,tomerge01
123387,tomkb001,tomkobr01
123388,tomld001,tomlida01
458708,tomlj001,tomlijo01
605509,tomlk001,tomlike01
608158,tomln901,
123389,tomlr001,tomlira01
816915,tomlu101,tomli02
816916,tommu101,
123390,tomnp101,tomneph01
123391,tompc101,tompkch01
123392,tompr101,tompkro01
816917,tompu101,tompk02
123393,tomst101,tomsto01
816914,tonea101,
123394,tonef101,toneyfr01
804636,tongj001,tongjo01
408223,tonim001,tonismi01
123395,tonkd101,tonkido01
543859,tonkm001,tonkimi01
123396,tonnt101,tonneto01
123398,toolb101,toolebe01
123397,tools101,toolest01
623437,topaj001,topaju01
123399,topos101,toporsp01
123400,toppr101,toppiru01
123401,torbj101,torboje01
407378,torct001,torcato01
,torct801,
444430,torew001,toregwy01
123402,torge101,torgeea01
816909,toril101,torialo01
123403,torkr101,torkere01
679529,torks001,torkesp01
647351,toroa001,toroab01
123404,torpr101,torphre01
400083,torra001,torrean02
456776,torra002,torreal01
123408,torra101,torrean01
816913,torra102,torrear01
448614,torrc001,torreca01
506640,torrc101,torricr99
547380,torrc901,
123409,torrd001,torredi01
462855,torre001,torreei01
123411,torrf101,torrefe01
123405,torrf102,torrefr01
650402,torrg001,torregl01
123410,torrg101,torregi01
816911,torrg102,torrega01
123412,torrh101,torrehe01
600526,torrj001,torrejo02
123406,torrj101,torrejo01
445229,torrj801,
620443,torrl001,torrelu01
123416,torrm001,torremi01
123407,torrp101,torrepa01
591720,torrr001,torrero01
593527,torrr002,torrera01
123414,torrr101,torreru01
123413,torrr102,torreri01
123415,torrs001,torresa01
279576,torrs002,torrest01
150275,torry001,torreyo01
123417,torvk001,torveke01
503354,tosam801,
427510,toscc801,toscaca99
605673,tosia901,
459434,tosor001,tosonre01
123418,tostl101,tostlo01
123419,tothp101,tothpa01
123420,toucc101,touchcl01
657053,toust001,toussto01
123421,tovac101,tovarce01
678662,tovae001,tovarez01
541600,tovaw001,tovarwi01
346869,towej001,towerjo01
816908,toweu101,
453525,towlj001,towlejr01
123422,townb101,towneba01
123423,towng101,townsge01
123425,townh101,townsha01
123424,towni101,townsir01
123426,townl101,townsle01
123427,toy-j101,toyji01
123428,tozeb101,tozerbi01
407896,trabb001,trabebi01
123429,trabj001,trabeji01
816903,trabr101,traburu01
282905,traca001,tracyan01
429710,tracc001,tracych01
123430,tracd101,tracedi01
123432,tracj101,tracyji01
595441,tracm001,tracyma01
123431,tracs001,trachst01
434600,tracs002,tracese01
123434,trafb101,traffbi01
123433,trafj101,traffjo01
123435,tragw101,tragewa01
664167,trahb001,trahabl01
123437,trama001,trammal01
123438,tramb001,trammbu01
816900,tramn101,trammna01
123436,tramr101,trambre01
666211,tramt001,trammta01
,trape101,
123439,trauf101,trautfr01
123440,trauj001,trautjo01
123441,trava101,traveal01
123442,travb101,travebi01
123443,travc101,travice01
581527,travd001,travide01
607752,travs001,travisa01
,travv901,
123444,traxb001,traxlbr01
123445,trayj101,trayji01
655676,trayk701,
123446,trayp101,traynpi01
691042,trayw901,
816896,treac101,
492538,tread801,
816899,treae101,treadel01
123447,treaf101,treacfr01
123450,treag101,treadge01
816898,treah101,treadha01
123451,treaj001,treadje01
276354,tream001,treanma01
123448,treap101,treacpe01
123452,trear101,treadre01
123449,trear102,treadra01
427512,trebt801,trebeto99
123453,trecf101,trechfr01
,treia101,
595014,treib001,treinbl01
,treil901,
676701,treja001,trejoal01
123454,trekh101,trekeha01
123456,tremb101,tremebi01
123457,tremc001,tremich01
492539,tremd801,trembda99
,tremd901,
123455,tremn101,tremani01
123458,tremo101,trempov01
123459,treng101,trenwge01
816893,trent101,trentte01
123460,tresm101,treshmi01
123461,trest101,treshto01
491916,treur801,
123462,treva001,trevial01
123463,trevb101,trevibo01
624431,trevj001,trevijo01
123464,triag101,triangu01
123465,tricb101,tricebo01
592811,triga001,triggan01
123466,trilm001,trillma01
123467,trimj101,trimbjo01
123468,trink101,trinkke01
669707,trioj001,triolja01
123469,tripc101,triplco01
816892,tripn101,
482394,tritb701,
508892,triuc001,triunca01
642152,trivl001,trivilo01
123470,trlir001,trlicri01
123471,troer101,troedri01
644433,tromc001,trompch01
123472,tromm001,trombmi01
470462,tronr001,troncra01
607374,tropn001,tropeni01
123474,trosh101,troskha01
123473,trosh102,troskha02
123475,trosm101,trostmi01
123477,trotb101,trottbi01
123476,trots101,trottsa01
123479,troud101,troutdi01
545361,troum001,troutmi01
123478,trouq101,troupqu01
123480,trous001,troutst01
123481,trowb101,trowbbo01
123483,troyb101,troybu01
123482,troyd101,troyda01
816895,troyd102,troydo01
123484,truaf101,truaxfr01
150067,trubc001,trubych01
123485,trubh101,trubyha01
123486,trucv101,truckvi01
123487,truef101,truesfr01
408243,trujj001,trujijj01
123488,trujm001,trujimi01
123489,trume101,trumbed01
444432,trumm001,trumbma01
123490,tsamg001,tsamige01
425835,tsaoc001,tsaoch01
427514,tscht901,
627500,tsenj001,tsengje01
123491,tsitj101,tsitojo01
660294,tsuty001,tsutsyo01
123492,tubbg001,tubbsgr01
816890,tubbu101,
657061,tuckc001,tuckeco01
123493,tucke001,tuckeed01
492898,tuckg801,
663656,tuckk001,tuckeky01
123494,tuckm001,tuckemi01
123495,tucko101,tuckeol01
816885,tucko102,
605512,tuckp001,tuckepr01
457761,tuckr001,tuckery01
324892,tuckt001,tucket.01
123498,tuckt101,tucketo02
123497,tuckt102,tucketh01
123496,tuckt103,tucketo01
816887,tucku101,tuck03
123499,tudoj001,tudorjo01
123500,tuero101,tueroos01
123501,tuftb101,tuftsbo01
,tugel101,
449168,tuiam001,tuiasma01
592815,tuivs001,tuivasa01
668684,tullt001,tullyta01
453064,tulot001,tulowtr01
483630,tumpj901,
123502,tunnl001,tunnele01
,tunnw901,
445584,tupmm001,tupmama01
123503,turab001,turanbr01
668930,turab002,turanbr02
123504,turbg101,turbege01
123505,turbj101,turbije01
123506,turce101,turched01
123507,turgp101,turgepe01
123508,turkl101,turklu01
123509,turlb101,turlebo01
543867,turln001,turleni01
816884,turna101,
816883,turnb101,turnebo01
123510,turnc001,turnech01
816879,turnc101,turneco01
816880,turnc102,turnecl01
276913,turnd001,turnbde01
123511,turne101,turneea01
816877,turnh101,turnehe01
457759,turnj001,turneju01
545363,turnj002,turneja01
123514,turnj101,turneje01
123513,turnj102,turneji01
816873,turnj103,
123515,turnk101,turneke01
816874,turnl101,turnele01
,turnl901,
123521,turnm001,turnema01
123516,turns001,turnesh01
642156,turns002,turnest01
605513,turns003,turnbsp01
607208,turnt001,turnetr01
123512,turnt101,turnetu01
123520,turnt102,turneto01
123519,turnt103,turneti01
123518,turnt104,turnete02
123517,turnt105,turnete01
816872,turnt106,turneto02
816876,turnt107,turnetu02
815800,turnt801,turnete99
816875,turnw101,turnewy01
,tuthb901,
123522,tuttb101,tuttlbi01
123523,tutwe101,tutwiel01
123524,tutwg101,tutwigu01
123525,twina101,twinear01
123526,twint101,twinitw01
123529,twitj101,twittje01
123527,twitl101,twitcla01
123528,twitw101,twitcwa01
123530,twomb101,twombba01
123531,twomc101,twombcy01
123532,twomg101,twombge01
123533,tyacj101,tyackji01
816870,tye-d101,tyeda01
,tylec901,
816864,tylee101,tylereu01
123534,tylef101,tylerfr01
123536,tylej101,tylerjo01
667725,tylek001,tylerky01
123535,tylel101,tylerle01
816866,tyler101,tylerro01
816867,tyles101,tylerst01
150244,tynej001,tynerja01
123537,tyngj101,tyngji01
123538,tyree101,tyreeea01
816863,tyrer101,tyreeru01
123539,tyrid101,tyrivda01
123540,tyroj101,tyronji01
123541,tyrow101,tyronwa01
816865,tysoc101,tysonca01
123544,tysom101,tysonmi01
123543,tysot101,tysontu01
123542,tysot102,tysonty01
670955,ucete001,ucetaed01
123545,uchrj101,uchriji01
123546,ueckb101,ueckebo01
493157,uehak001,ueharko01
657272,uelme001,uelmeer01
462564,uggld001,ugglada01
407899,uguel001,uguetlu01
123547,uhalf101,uhaltfr01
123548,uhl-b101,uhlbo01
123549,uhlat101,uhlaete01
123550,uhleg101,uhlege01
482680,uhlej901,
123551,uhlem101,uhlerma01
123552,uhlic101,uhlirch01
123553,ujduj001,ujdurje01
123554,ulism101,ulisnmi01
123555,ullgs101,ullgesc01
123556,ullrs101,ullrisa01
123557,ulrid101,ulricdu01
123558,ulrig101,ulricge01
,ulrig901,
123559,umbaa101,umbacar01
123560,umbaj101,umbarji01
123561,umbrj101,umbriji01
,umonf901,
123562,umpht101,umphlto01
621249,unded001,underdu01
816859,undee101,underel01
123564,undef101,underfr01
123565,undep101,underpa01
123566,undet001,underto01
123563,undew101,underwi01
123567,unglb101,unglabo01
123568,unrot001,unroeti01
123569,unsea101,unseral01
123570,unsed101,unserde01
123571,upchw101,upchuwo01
123573,uphab101,uphambi01
123572,uphaj101,uphamjo01
123574,upp-j101,uppje01
123575,uprid101,uprigdi01
123576,upshc101,upshace01
123577,upshw001,upshawi01
425834,uptob001,uptonbj01
123579,uptob101,uptonbi01
457708,uptoj001,uptonju01
123578,uptot101,uptonto01
123583,urbab101,urbanbi01
123580,urbaj101,urbanja01
123581,urbal101,urbanlu01
123582,urbat001,urbanto01
123584,urbiu001,urbinug01
,urchw901,
430842,urdal001,urdanli01
,urelm901,
,uremj901,
570632,urenj001,urenajo01
620446,urenr001,urenari01
628711,uriaj001,uriasju01
649966,urial001,uriaslu01
602104,uriar001,uriasra01
682842,uriba001,uribeab01
123585,uribj001,uribejo01
346874,uribj002,uribeju01
,urlad901,
664353,urquj001,urquijo01
123586,urrej101,urreajo01
625329,urruh001,urruthe01
570482,urshg001,urshegi01
468222,uruel801,
123587,ury-l101,urylo01
123588,usheb101,usherbo01
123589,ussad101,ussatdu01
400284,utlec001,utleych01
640298,utslm701,
498487,uttes701,
683822,uwasn001,uwasana01
123590,vacht101,vachete01
123591,vadeg101,vadebge01
123592,vahrh101,vahreha01
123594,vailb101,vailbo01
123593,vailm001,vailmi01
453362,valac001,valaich01
642162,valap001,valaipa01
472528,valbl001,valbulu01
123600,valdc001,valdeca01
346846,valdc002,valdeca02
491624,valdc003,valdece01
123601,valde001,valdeef01
665839,valde002,valdeen01
664285,valdf001,valdefr01
816853,valdf101,valdefe01
816851,valdf102,valdefa01
123595,valdi001,valdeis01
451990,valdj001,valdejo01
518170,valdj002,valdejo02
572308,valdj003,valdejo03
123602,valdj101,valdeju01
123607,valdj102,valdijo01
446003,valdl001,valdelu01
816852,valdl101,
123596,valdm001,valdema01
123603,valdm002,valdema02
429723,valdm003,valdeme01
123597,valdp001,valdepe01
570488,valdp002,valdeph01
123604,valdr001,valdera01
447744,valdr002,valdera02
123605,valdr101,valdere01
123598,valdr102,valdero01
816847,valdr103,
123606,valds001,valdese01
123599,valds101,valdesa01
816845,valds102,
816843,valdu101,valde04
407832,valdw001,valdewi01
591971,valeb001,valerbr01
123618,valeb101,valenbe01
123616,valeb102,valenbo02
123615,valeb103,valenbo01
,valeb901,
123613,valec101,valenco01
502143,valed001,valenda01
123611,valee001,valenel01
346858,valee002,valener01
123619,valef001,valenfe01
123612,valef101,valenfr01
671655,valeg001,valerge01
123620,valej001,valerju01
123608,valej002,valenjo02
123610,valej003,valenjo03
123609,valej004,valenja01
407907,valej005,valenjo04
621044,valej006,valenje01
123614,valej101,valenjo01
816834,valej102,
,valej103,
608093,valej901,
123617,valev101,valenvi01
282903,valey001,valeryo01
681808,vallc001,vallich01
123621,valld001,valleda01
123622,vallh101,vallehe01
464708,vallr801,
123623,valoe101,valoel01
407878,valvj001,valvejo01
123624,vanac101,vanalcl01
676568,vanar001,vanasri01
123625,vanar101,vanatru01
687003,vanbb001,vanbebr01
123627,vanbd101,vanbude01
429724,vanbj001,vanbejo01
435278,vanbj002,vanbuje01
123626,vanbo101,vanbroz01
123628,vanbt001,vanbuty01
123629,vanca101,vancaal01
425246,vancc001,vanceco01
123633,vancc101,vancuch01
816838,vancc102,vanceco02
123630,vancd101,vanceda01
,vance901,
123634,vancj101,vancujo01
123632,vancj102,vancejo01
123631,vancs101,vancesa01
123642,vandb101,vandybi01
123641,vandb102,vandybe01
816831,vandb103,vandebo01
,vandb901,
123635,vandc101,vandaca01
123636,vande001,vandeed01
123640,vandf101,vandufr01
123637,vandh101,vandehy01
123639,vandj001,vandejo02
123638,vandj101,vandejo01
462995,vandr001,vanderi01
457508,vanej001,vanevjo01
123643,vanet001,vanegti01
123645,vangd001,vangoda01
123644,vange101,vangiel01
,vangr901,
407843,vanha001,vanhean01
123646,vanhg101,vanhage01
123647,vanlb001,vanlawi01
642165,vanmj001,vanmejo01
123649,vannj101,vannoja01
123648,vannj102,vannjo01
,vanoj801,
427520,vanol901,
123650,vanpt001,vanpoto01
123652,vanrb001,vanrybe01
123651,vanrm101,vanroma01
123653,vansa001,vanslan01
,vansc901,
684057,vansr801,
475100,vanss001,vanslsc01
,vanvm901,
701121,vanwl001,vanwelo01
123655,vanzd101,vanzadi01
123654,vanzi101,vanzaik01
454453,varee801,
123656,varga101,vargaan01
123659,vargb101,vargubi01
282567,vargc001,vargacl01
570714,vargc002,vargace01
672841,vargc003,vargaca01
123657,varge001,vargaed01
,varge901,
,vargg101,
545121,vargi001,vargail01
450306,vargj001,vargaja01
816829,vargj101,vargajo01
573627,vargk001,vargake01
678246,vargm001,vargami01
123658,vargr101,vargaro01
816833,vargt101,vargate01
123660,varij001,varitja01
681402,varlg001,varlagu01
686973,varll001,varlalo01
123661,varnb101,varnebu01
123662,varnd101,varnedi01
123663,varnp101,varnepe01
,varog101,
816827,varoo101,varonor01
662139,varsd001,varshda01
123664,varsg001,varshga01
460008,varva001,varvaan01
123665,vasbc101,vasbica01
678024,vasim001,vasilmi01
457786,vasqa001,vasquan01
607755,vasqa002,vasquan02
458220,vasqe001,vasques01
430655,vasqj001,vasqujo01
681190,vasqr001,vasqura02
123666,vasqr101,vasqura01
446911,vasqv001,vasquvi01
657786,vastj001,vastoje01
123667,vatcj001,vatchji01
603873,vatzd701,
683734,vauga001,vaughan01
123671,vauga101,vaughar01
123679,vaugb101,vaughbo01
123669,vaugc101,vaughch01
123673,vaugd001,vaughde01
123676,vaugf101,vaughfa01
123674,vaugf102,vaughfr01
123675,vaugg001,vaughgr01
123670,vaugg101,vaughgl01
123677,vaugh101,vaughhi01
816824,vaugh102,vaughha01
123678,vaugm001,vaughmo01
123668,vaugp101,vaughpo01
123672,vaugr101,vaughro01
816825,vaugs101,vaughsl01
816828,vaugu101,vaugh02
492705,vavrj801,
679631,vavrt001,vavrate01
816821,vazqa101,vazquar01
543877,vazqc001,vazquch01
134320,vazqj001,vazquja01
676679,vazql001,vazqulu01
407496,vazqr001,vazqura01
123680,veaca101,veachal01
123681,veacb101,veachbo01
123682,veacp101,veachpe01
123684,vealb101,vealebo01
123683,vealc101,vealco01
453264,veald001,vealdo01
123685,veddl101,veddelo01
691728,veenz001,veenza01
123686,vegaj101,vegaje01
123687,veiga101,veigeal01
123688,veilb101,veilbu01
623205,velaa001,velazan01
123692,velac101,velazca01
123693,velaf101,velazfr01
123691,velag001,velasgu01
444041,velag002,velazgi01
584171,velah001,velazhe01
123689,velaj001,velanjo01
816815,velaj101,velasjo01
676369,velan001,velazne01
123690,velar001,velarra01
592826,velav001,velasvi01
464299,velee001,velezeu01
123694,veleo101,velezot01
123695,veltp101,veltmpa01
123696,venam001,venabma01
150291,venam002,venafmi01
461416,venaw001,venabwi01
519381,vendp001,vendipa01
685107,venea001,venezan01
816810,venej101,
458924,ventj001,ventejo01
430676,ventm001,ventomi01
123697,ventr001,venturo01
123698,ventv101,ventuvi01
570649,venty001,ventuyo01
,venzt901,
123699,verad001,verasda01
407842,veraj001,verasjo01
123700,veraq001,verasqu01
150173,veraw001,veraswi01
123701,verbe101,verbaem01
123703,verbg101,verblge01
123702,verbj101,verbajo01
657077,verda001,verdual01
123704,verda101,verdeal01
123705,verdf101,verdifr01
489400,verdr001,verdury01
123707,vered001,veresda01
123708,verer001,veresra01
123706,veret101,verekto01
123709,vergj101,vergejo01
572403,verhd001,verhadr01
123710,verhj101,verhojo01
434378,verlj001,verlaju01
461347,vermj001,vermija01
123712,vernj101,vernojo01
123711,vernm101,vernomi01
548337,verrl001,verrelo01
123713,versz101,versazo01
123714,veryt001,veryzto01
123715,veseb101,veselbo01
681911,vesia001,vesiaal01
663989,vespn001,vespini01
676684,vestw001,vestwi01
,vezil101,
123716,viaul101,viaule01
493364,vicid001,vicieda01
123717,vicke101,vicker01
123719,vickr101,vickeru01
123718,vicks101,vicksa01
123720,vickt101,vicketo01
123721,vicos101,vicoge01
425664,victs001,victosh01
123722,vidaj101,vidaljo01
123723,vidrj001,vidrojo01
664944,vieac001,vieauca01
600986,vieit001,vieirth01
622713,viele001,vielmen01
643585,vielj801,
668901,vienm001,vientma01
816801,vierc101,vierich01
663837,vierm001,vierlma01
668723,vilar001,viladry01
276344,villb001,villabr01
500903,villb002,villabr02
453646,villc001,villaca01
570799,villc002,villach01
681584,villd001,villada01
433278,ville001,villaed01
534631,ville002,villael01
681871,ville003,villael02
123724,villh001,villahe01
492821,villh002,villahe02
150310,villi001,villeis01
542340,villj001,villajo01
816794,villl101,villolu01
816802,villm101,villama01
425629,villo001,villaos01
543881,villp001,villape01
123725,villr001,villoro01
816800,villv101,villavi01
650619,vilom001,vilorme01
123726,vinaf001,vinafe01
,vinca801,
481200,vincd701,
816793,vinci101,vinceir01
543883,vincn001,vinceni01
572227,vincz001,vinceza01
123727,vineb101,vinesbo01
670241,vined001,vinesda01
123728,vined101,vineyda01
816787,vinee101,vinesed01
400012,vinik001,vininke01
123729,vinsc101,vinsoch01
123730,vinsr101,vinsoru01
123731,vintb101,vintobi01
123732,violf001,violafr01
501638,violp001,violape01
123733,vioxj101,vioxji01
123734,virdb101,virdobi01
123735,virgo001,virgioz02
123736,virgo101,virgioz01
123737,virtj101,virtuja01
596740,viscj901,
123738,visnj101,visnejo01
595450,vitac801,
123739,vitej101,viteljo01
123740,vitij001,vitiejo01
123741,vitkj001,vitkojo01
519388,vittj001,vittejo01
123742,vitto101,vittos01
678391,vivaj001,vivasjo01
816790,vivej101,vivenjo01
527055,vizca001,vizcaar01
123743,vizcj001,vizcajo01
150430,vizcl001,vizcalu01
123744,vizqo001,vizquom01
680767,vodnv001,vodnivi01
596129,voged001,vogelda01
123745,vogeo101,vogelot01
285064,voger001,vogelry01
519390,vogts001,vogtst01
123746,voigj001,voigtja01
123747,voigo101,voigtol01
123748,voisb101,voisebi01
572228,voitl001,voitlu01
123749,vollc101,vollmcl01
683011,volpa001,volpean01
450172,volqe001,volqued01
458690,volsc001,volstch01
,volte901,
,voltv901,
123750,volzj101,volzja01
,vondc801,vondech99
623949,vondc901,
123751,vonft101,vonfrto01
123752,vonhb101,vonhobr01
123753,vonkf101,vonkofr01
123754,vonod001,vonohda01
123755,vorhc101,vorhecy01
123756,vosbe001,vosbeed01
613564,voslj001,vosleja01
123757,vosmj101,vosmijo01
123758,vossa101,vossal01
123759,vossb101,vossbi01
608723,votha001,vothau01
458015,vottj001,vottojo01
123760,vowir101,vowinri01
400143,voylb001,voylebr01
123761,voylp101,voyleph01
123762,vuckp001,vuckope01
123763,vukog001,vukovge01
123764,vukoj101,vukovjo01
,vusij101,
608379,wachm001,wachami01
123765,wachp101,wachtpa01
123766,wackc101,wackech01
493159,wadat001,wadats01
663399,waddb001,waddebr01
816789,wadde101,waddyew01
123769,waddf101,waddefr01
455730,waddj001,waddeja01
123767,waddr101,wadderu01
123768,waddt001,waddeto01
123771,wadeb101,wadebe01
,wadeb901,
460677,wadec001,wadeco01
123772,wadeg101,wadega01
123770,wadeh101,wadeha01
123774,wadej101,wadeja01
592831,wadek001,wadeko01
664774,wadel001,wadela01
816784,wadel101,
123775,wader101,waderi01
123773,wadet001,wadete01
642180,wadet002,wadety01
123776,wadsj101,wadswja01
425531,waecd001,waechdo01
676572,wagae001,wagamer01
123777,wagew101,wagenwo01
123790,wagnb001,wagnebi02
123792,wagnb101,wagnebi01
123791,wagnb102,wagnebu02
123778,wagnb103,wagnebu01
123780,wagnc101,wagnech01
123781,wagng101,wagnega01
123783,wagnh001,wagnehe02
123784,wagnh101,wagneho01
123782,wagnh102,wagneha01
123779,wagnh103,wagnehe01
123785,wagnj101,wagnejo01
123786,wagnl101,wagnele01
123787,wagnm001,wagnema01
123788,wagnm002,wagnema02
474599,wagnn001,wagnene01
123789,wagnp001,wagnepa01
429842,wagnr001,wagnery01
621281,wagnt001,wagnety01
695238,wagnw001,wagnewi01
621097,waguj001,wagueja01
592833,wahlb001,wahlbo01
123793,wahlk101,wahlke01
425794,waina001,wainwad01
123794,waind001,wainhda01
816782,waita101,waitear01
686972,waitc001,waiteco01
123797,waitc101,waittch01
123795,waite101,waitked01
123796,waitr001,waitsri01
123798,wakad001,wakamdo01
123802,wakeb101,wakefbi01
276349,wakec001,wakelch01
123800,waked101,wakefdi01
123799,wakeh101,wakefho01
123801,waket001,wakefti01
123803,walbm001,walbema01
123804,walbr101,walberu01
123805,walce101,walczed01
123806,waldd101,waldbdo01
123807,waldf101,waldefr01
816781,waldg101,waldege01
694462,waldh001,waldrhu01
123808,waldi101,waldrir01
477229,waldj001,waldejo01
448252,waldk001,waldrky01
592835,waldk002,waldrky02
686610,waldk003,waldike01
,waldl901,
605520,waldm001,waldimi01
519393,waldm002,waldema01
663362,waldm003,waldrma01
816780,waldo101,waldool01
123809,walej001,walewji01
816776,walka101,walkead01
123810,walkb001,walkbo01
123846,walkb101,walkebi01
123815,walkc001,walkech01
572233,walkc002,walkech02
123845,walkc101,walkecu01
816771,walkc102,walkeca01
816775,walkc103,
123816,walkd001,walkedu01
123820,walkd101,walkedi02
123819,walkd102,walkedi01
123818,walke101,walkeer01
123817,walke102,walkeed01
816770,walke103,walkeed02
123837,walkf101,walkefl01
123813,walkf102,walkefr01
,walkf901,
123824,walkg001,walkegr01
123823,walkg101,walkege02
123822,walkg102,walkege01
816766,walkg103,walkege03
123826,walkh101,walkehu01
123825,walkh102,walkeha01
816769,walkh103,walkeho01
123828,walkj001,walkeja01
668683,walkj002,walkeje02
691023,walkj003,walkejo02
677020,walkj004,walkejo03
123848,walkj101,walkuji01
123847,walkj102,walkuji02
123831,walkj103,walkejo01
123830,walkj104,walkeje01
276526,walkk001,walkeke02
123833,walkl001,walkela01
123827,walkl101,walkelu01
816767,walkl102,
816768,walkl103,
123836,walkm001,walkemi01
123835,walkm002,walkemi02
123834,walkm101,walkema01
123821,walkm102,walkemy01
435522,walkn001,walkene01
123838,walko101,walkeos01
123839,walkp001,walkepe01
676254,walkr001,walkery01
123811,walkr101,walkeru01
123829,walkr102,walkero01
816762,walkr103,walkert01
667727,walks001,walkest01
123832,walks101,walkesp01
816765,walks102,walkesh01
123812,walkt001,walketo03
123842,walkt002,walketo04
400104,walkt003,walkety01
592836,walkt004,walketa01
123814,walkt101,walketi01
123841,walkt102,walketo01
123840,walkt103,walketo02
816764,walkt104,walketo06
816758,walkt105,walketo05
816778,walku101,walke06
,walkv801,
123844,walkw101,walkewe01
123843,walkw102,walkewa01
816759,walkw103,walkewi01
,walkw901,
477165,wallb001,wallabr01
123864,wallb101,wallabo01
816757,wallb102,wallabo02
595453,wallc001,wallach01
123870,walld001,wallide01
123849,walld002,walldo01
123856,walld003,wallade01
123858,walld101,wallado01
123857,walld102,wallado02
123855,walld103,wallada01
816756,walld104,walladi01
430955,walld801,
657088,wallf001,wallfo01
816752,wallg101,
123850,wallh101,wallho01
123859,wallh102,wallahu01
123862,wallj001,wallaje01
476205,wallj002,walljo02
123871,wallj101,wallijo01
123866,wallj102,wallaja02
123861,wallj103,wallaji01
123854,wallj104,wallaja01
123851,wallj105,walljo01
816754,wallj106,wallaja03
,wallj901,
123872,walll101,wallsle01
123860,walll102,wallale01
670242,wallm001,wallnma01
123852,wallm101,wallmu01
123863,wallm102,wallami01
123867,walln101,walleno01
123869,wallr101,wallere01
123853,walls101,wallst01
123865,wallt001,wallati01
123868,wallt002,wallety01
670764,wallt003,wallsta01
816753,wallu101,walls02
400113,walrl001,walrole01
123874,walsa101,walshau01
123873,walsa102,walshau02
686796,walsb001,walstbl01
665281,walsb901,
595023,walsc001,walshco02
123875,walsc101,walshco01
123876,walsd001,walshda01
123886,walsd101,walshde01
123878,walse101,walshed01
123877,walse102,walshed02
,walsf901,
665120,walsj001,walshja01
673904,walsj002,walshja02
123887,walsj101,walshji01
123885,walsj102,walshjo01
123884,walsj103,walshjo04
123883,walsj104,walshjo03
123882,walsj105,walshjo02
123881,walsj106,walshji03
123880,walsj107,walshju01
123879,walsj108,walshji02
492698,walsm801,walshmi99
123888,walst101,walshto01
123889,walsw101,walshwa01
689958,walta001,waltean01
123899,waltb001,waltobr01
687888,waltb002,waltebr01
123891,waltb101,waltebe01
123898,waltb102,waltebu01
,waltb901,
123893,waltc101,waltech01
816747,waltc102,waltecl01
816750,waltc103,
123894,waltd001,walteda01
622268,waltd002,waltodo01
123900,waltd101,waltoda01
123895,waltf101,waltefr01
816745,waltf102,waltofu01
123890,waltg001,waltege01
,waltg901,
123901,waltj001,waltoje01
492699,waltj801,waltzjo99
,waltj802,
123896,waltk101,walteke01
123897,waltm001,waltemi01
663534,waltn001,waltena01
502208,waltp001,waltepj01
123902,waltr101,waltore01
123892,waltr102,waltero01
,waltu901,
595025,waltz001,walteza01
123903,wambb101,wambsbi01
123904,wanel101,wanerll01
123905,wanep101,wanerpa01
425426,wangc001,wangch01
623913,wangw001,wangwe01
123906,wannj101,wanneja01
123907,wannp101,wannipe01
681806,wanta001,wantzan01
123908,wantd101,wantzdi01
123909,wapns001,wapnist01
123910,warda101,wardaa01
135785,wardb001,wardbr01
123932,wardc001,wardlcu01
123913,wardc002,wardco01
123928,wardc003,wardco02
123912,wardc101,wardch02
123911,wardc102,wardch01
123929,wardd001,warddu01
132880,wardd002,wardda01
123927,wardd101,warddi01
123915,wardg001,wardga01
123923,wardh101,wardha01
123931,wardj101,wardejo01
123922,wardj102,wardjo04
123920,wardj103,wardja01
123919,wardj104,wardjo02
123916,wardj105,wardji01
123917,wardj106,wardjo03
123924,wardk001,wardke01
123921,wardm101,wardjo01
123926,wardp101,wardpr01
123925,wardp102,wardpe01
123914,wardp103,wardpi01
816740,wardp104,wardpi02
123918,wardr101,wardru01
123930,wardt001,wardtu01
621493,wardt002,wardta01
663658,wardt003,wardth01
,wardu101,ward01
,wardu901,
816741,wardw101,wardwi01
816742,warea101,warear01
123934,wareb101,waresbu01
123933,warej001,wareje01
816738,warej101,warejo01
816735,warej102,warejo02
816737,warew101,warewi01
816734,warf101,warfifr01
123935,warhj101,warhoja01
123936,warmc101,warmocy01
816736,warmh101,
816730,warms101,warmasa01
,warna901,
123938,warne101,warneed01
123939,warnf101,warnefr01
123945,warnh101,warnoha01
123940,warnh102,warneho01
492892,warnh801,
123944,warnj101,warneja01
123943,warnj102,warneja03
123942,warnj103,warnejo01
123941,warnj104,warneja02
123937,warnl101,warnelo01
491917,warnr801,
476589,warra001,warread01
605521,warra002,warrear01
681810,warra003,warreau01
123949,warrb101,warrebi01
123946,warrb102,warrebe01
816728,warrc101,warreci01
816726,warrj101,warreje01
,warrl901,
123947,warrm001,warremi01
123948,warrt101,warreto01
701542,warrw001,warrewi01
816727,warrw101,
123950,warsr101,warstra01
123951,wartd101,warthda01
123953,warwb101,warwibi01
123952,warwc101,warwica01
123955,wasdj001,wasdijo01
123954,wasdj101,wasdeji01
123956,wasel101,wasemli01
123961,washb101,washebu01
123962,washc001,washicl01
572241,washd001,washida01
816720,washe101,washied01
816721,washf101,washifa01
,washf901,
123958,washg101,washbgr01
123966,washg102,washige01
123957,washg103,washbge01
123963,washh101,washihe01
132220,washj001,washbja01
816716,washj101,washija01
816717,washj102,washijo01
444373,washj801,
,washk101,
123964,washl101,washila01
123959,washl102,washbli01
816715,washn101,washina01
816714,washp101,washipe01
123965,washr001,washiro01
442146,washr002,washiri01
123960,washr101,washbra01
816712,washr102,
123967,washu001,washiu_01
816725,washu101,washi02
816710,washw101,
123968,wasim001,wasinma01
123969,waslg101,waslega01
469164,wasse001,wasseeh01
150096,waszb001,waszgb.01
425561,watec001,waterch01
671221,wated001,waterdr01
123972,watef101,waterfr02
123971,watef102,waterfr01
123970,wates101,waterst01
816708,watet101,waterte01
816711,wateu101,water03
150130,wathd001,wathadu01
123973,wathj001,wathajo01
123979,watkb101,watkibi01
123977,watkb102,watkibo01
123974,watkd101,watkida01
123976,watke101,watkied01
123975,watkg101,watkige01
816706,watkg102,watkige02
492700,watkh801,watkiha99
543894,watkl001,watkilo01
816703,watkm101,watkimu01
123980,watkp001,watkipa01
123978,watks001,watkisc01
400152,watks002,watkist01
657093,watks003,watkisp01
435714,watkt001,watkito01
123981,watln101,watline01
123982,watsa001,watsoal01
123983,watsa101,watsoar01
816700,watsa102,watsoam01
123988,watsb001,watsobo01
430567,watsb002,watsobr01
123984,watsd101,watsodo01
816698,watsd102,
123986,watsj101,watsojo01
816695,watsj102,watsojo02
282333,watsm001,watsoma03
420673,watsm002,watsoma02
123989,watsm101,watsomo01
123987,watsm102,watsomi01
123985,watsm103,watsomu01
453265,watst001,watsoto01
123990,watta101,wattal01
123991,watte101,watted01
123992,wattf101,wattfr01
816693,watth101,wattshe01
816692,wattj101,
123993,watwj101,watwojo01
123994,waugj101,waughji01
123995,way-b101,waybo01
123996,wayef101,wayenfr01
123997,wayng001,waynega01
400306,waynj001,wayneju01
,weafh901,
123998,weafk101,weafeke01
124000,weatd001,weathda01
677960,weatr001,weathry01
123999,weatr101,weathro01
124001,weava101,weavear01
124003,weavb101,weavebu01
816691,weavd101,weavedi01
134261,weave001,weaveer01
,weave801,weaveea99
124002,weavf101,weavefl01
124012,weavf102,weavefa01
124004,weavh101,weaveha01
124007,weavj001,weaveji03
213711,weavj002,weaveje01
450308,weavj003,weaveje02
124006,weavj101,weaveji01
124005,weavj102,weaveji02
596133,weavl001,weavelu01
124008,weavm101,weavemo01
124009,weavo101,weaveor01
124010,weavr101,weavero01
124011,weavs101,weavesa01
425630,webbb001,webbbr01
124019,webbb101,webbbi01
124018,webbb102,webbbi02
431088,webbb701,
543900,webbd001,webbda01
124017,webbe101,webbea01
124014,webbh101,webbha01
425486,webbj001,webbjo01
657097,webbj002,webbja01
613603,webbj701,
657277,webbl001,webblo01
124013,webbl101,webble01
124020,webbl102,webbele01
444436,webbr001,webbry01
124016,webbr101,webbre01
124015,webbs101,webbsk01
643778,webbt001,webbty01
276533,webeb001,weberbe01
124021,webec101,weberch01
124022,webeh101,weberha01
124023,webej101,weberjo01
136760,weben001,webbene01
543901,weber001,weberry01
519403,webet001,weberth01
543903,websa001,webstal01
816686,websd101,webstda01
124024,websl001,webstle01
124025,websm001,webstmi01
816685,websp101,
124027,websr101,webstra01
124026,websr102,webstra02
816684,websw101,webstwi01
124028,weckp101,weckbpe01
124029,wedge001,wedgeer01
124030,weedb101,weedebe01
,weedu901,
457789,weekj001,weeksje01
124031,weekj101,weekljo01
430001,weekr001,weeksri01
607179,weemj001,weemsjo01
124032,wegem101,wegenmi01
124033,wegmb001,wegmabi01
427533,wegnm901,
124034,wehdb101,wehdebi01
124035,wehmh101,wehmehe01
124036,wehnj001,wehnejo01
124037,wehrd001,wehrmda01
599632,weidm801,
622256,weigp001,weigepa01
124038,weigr101,weigera01
,weigw901,
124039,weihp101,weihepo01
124040,weikd101,weikdi01
124042,weilb101,weilabo01
124043,weilc101,weilmca01
124041,weile101,weilaed01
475095,weilk001,weilaky01
124044,weimj101,weimeja01
124046,weine101,weingel01
124045,weinl101,weinele01
124047,weinp101,weintph01
519405,weinr001,weinhro01
124048,weirr101,weirro01
124049,weisa101,weisal01
124051,weisb101,weisebu01
124050,weisb102,weisbu01
669711,weisg001,weissgr01
124052,weisg101,weissga01
124053,weisj101,weissjo01
124054,weisw001,weisswa01
592848,weisz001,weissza01
124055,welaj101,welajjo01
124064,welcb001,welchbo01
124056,welcc101,welchcu01
124065,welcd101,welchdo01
124058,welcf101,welchfr01
124059,welch101,welchhe01
124066,welch102,welchha01
124061,welcj101,welchjo01
816680,welcj102,
150115,welcm001,welchmi03
124063,welcm101,welchmi02
124062,welcm102,welchmi01
124057,welct101,welchte01
124060,welct102,welchtu01
816678,welcw101,welchwi01
124067,weldm101,weldami01
124068,welfo101,welfol01
427534,welkb901,
666213,welkc001,welkeco01
444992,welkd001,welkedu01
427545,welkt901,
649144,wella001,wellsal01
669224,wella002,wellsau01
124069,wellb001,wellmbr01
124077,wellb002,wellsbo01
124070,wellb101,wellmbo01
489413,wellc001,wellsca01
124071,welld001,wellsda01
124072,welle101,wellsed01
124073,wellg101,wellsgr01
457437,wellj001,wellsja02
124075,wellj101,wellsjo01
124074,wellj102,wellsja01
150337,wellk001,wellski01
124076,welll101,wellsle01
448694,wellr001,wellsra01
431089,wells701,
124078,wellt001,wellste01
425487,wellt002,welleto01
669330,wellt003,wellsty01
150484,wellv001,wellsve01
816676,wellw101,wellswi99
816677,wellw102,wellswi01
816674,welmr101,welmaro01
124079,welsc001,welshch01
124080,welsj101,welshji01
124081,weltd101,weltedi01
124082,welzt101,welzeto01
673995,wendd001,wendzda01
,wendh901,
427537,wendh902,
605525,wendj001,wendejb01
621563,wendj002,wendljo01
124083,wendl101,wendele01
124084,wendt001,wendetu01
124085,wengd001,wengedo01
124086,wensb101,wenslbu01
666214,wentj001,wentzjo01
124087,wentj101,wentzja01
124088,wents101,wentzst01
124089,wenzf101,wenzfr01
124090,weraj101,weraju01
124091,werbb101,werbebi01
124092,werdp101,werdepe01
124093,werhj101,werhajo01
124094,werlb101,werlebi01
124095,werlg101,werlege01
599819,werna001,wernean01
124096,wernd101,wernedo01
124097,werrj101,werrijo01
124103,wertb001,wertzbi01
124099,wertd101,werthde01
124101,wertd102,wertzde01
124098,wertd103,wertdo01
150029,wertj001,werthja01
124100,wertj101,wertsjo01
124102,wertv101,wertzvi01
816672,weslc101,weslech01
816669,wesle101,wesleed01
669713,wesnh001,wesneha01
424485,wessb001,wessoba01
124104,wessj101,wessiji01
124119,westa101,westoal01
124114,westb101,westbi01
124109,westb102,westbu01
816666,westb103,
124105,westd001,westda01
124110,westd101,westdi01
124106,westf101,westfr01
,westf901,
,westg901,
124116,westh101,westehu01
124107,westh102,westhi01
150414,westj001,westbja01
676059,westj002,westbjo01
642197,westj003,westbja02
124117,westj101,westlji01
816668,westj102,westji01
427538,westj901,
124113,westl101,westle01
124120,westm001,westomi01
519411,westm002,westma03
124112,westm101,westma01
124108,westm102,westma02
124115,westo101,westeos01
816667,westo102,westol01
,westp101,
476811,wests001,westse01
124111,wests101,westsa01
,westu901,
124121,westw101,westrwe01
124118,westw102,westlwa01
124122,wethj001,wetheje01
124123,wettj001,wettejo01
124124,wetzb101,wetzebu01
124125,wetzd101,wetzedu01
124126,wetzs101,wetzesh01
124127,weves101,weverst01
,weyel901,
124128,weyhg101,weyhigu01
124129,weyhj101,weyhijo01
124131,whalb101,whalibe01
124130,whalb102,whalebi01
,whalb901,
547007,whalr001,whalero01
816664,whatd101,whatlda01
124135,wheac101,wheatch01
124132,wheal101,wheatle01
124133,wheam101,wheatma01
124136,wheaw101,wheatwo01
124134,wheaz101,wheatza01
124146,wheeb101,wheelbo01
235095,wheed001,wheelda01
124137,wheed101,wheeldo01
124144,wheed102,wheeldi01
124139,wheee101,wheeled02
124138,wheee102,wheeled01
124145,wheeg101,wheelga01
124142,wheeg102,wheelge01
124141,wheeg103,wheelge02
124143,wheeh101,wheelha01
605528,wheej001,wheelja01
816665,wheej101,wheeljo01
572253,wheer001,wheelry01
124140,wheer101,wheelri01
816662,whees101,wheelsa01
554430,wheez001,wheelza01
519412,wheez002,wheelze01
124147,whelj101,whelaji01
460128,whelk001,whelake01
124148,whelt101,whelato01
124149,whilj101,whillja01
,whipj101,
687931,whisc001,whiseca01
124152,whisl101,whisela01
124153,whisl102,whistle01
124150,whism001,whisema01
124151,whisp101,whisepe01
430888,whisr801,
452217,whisw001,whislwe01
502229,whita001,whiteal01
664334,whita002,whiteaa01
124159,whita101,whiteab01
124219,whita102,whitnar01
816661,whita103,whitear01
450321,whitb001,whitebi04
686839,whitb002,whitebr01
124197,whitb101,whitebu01
124222,whitb102,whitrbi01
124193,whitb103,whitebi01
124192,whitb104,whitebi02
124191,whitb105,whitebi03
124190,whitb106,whiteba01
124158,whitb107,whitcbo01
124157,whitb108,whitbbi01
816659,whitb109,whitebu02
816660,whitb110,
657804,whitb801,
595032,whitc001,whitlch01
124162,whitc101,whitech02
124201,whitc102,whitech01
816658,whitc103,whitech03
816657,whitc104,whitecl01
816642,whitc105,whitnca01
816656,whitc106,
,whitc107,
489985,whitc901,
124164,whitd001,whitede03
124217,whitd002,whitmda02
124163,whitd003,whitede04
124216,whitd101,whitmda01
124175,whitd102,whitede01
124214,whitd103,whitmdi01
124173,whitd104,whitedo01
124172,whitd105,whitede02
124165,whitd106,whitedo02
816640,whitd107,whitwdi01
,whitd109,
,whitd801,
124223,white001,whitsed01
124224,white002,whitter01
124196,white003,whiteed02
434630,white004,whiteel03
657108,white005,whiteev01
642201,white006,whiteel04
124212,white101,whitied01
124200,white102,whiteea01
124169,white103,whiteer01
124168,white104,whiteel01
124167,white105,whiteel02
124166,white106,whiteed01
816655,white107,whiteed03
124170,whitf001,whitefr01
666215,whitf002,whitlfo01
124215,whitf101,whitmfr01
124220,whitf102,whitnfr01
124210,whitf103,whitffr01
124160,whitf104,whitefu01
124171,whitg001,whitega01
676477,whitg002,whitlga01
124206,whitg101,whitege01
124205,whitg102,whitegu01
124202,whitg103,whitegi01
816653,whitg104,whitege02
,whitg901,
124174,whith101,whiteha01
,whith901,
124176,whitj001,whiteje01
444882,whitj002,whitejo03
124198,whitj101,whitejo02
124221,whitj102,whitnji01
124213,whitj103,whitije01
124179,whitj104,whitejo01
124178,whitj105,whiteja01
124177,whitj106,whiteja02
816651,whitj107,whiteja03
662974,whitj701,
676831,whitk001,whitlko01
124183,whitk101,whiteki01
124154,whitl001,whitalo01
124181,whitl002,whitela01
124203,whitl003,whitele01
816648,whitl101,whitela02
124207,whitm001,whitema01
124209,whitm002,whitema02
425665,whitm003,whitema03
669952,whitm004,whitemi03
124182,whitm101,whitemy01
124199,whitm102,whitemi01
124180,whitm103,whitemi02
669391,whito001,whiteow01
124156,whitp101,whitapa01
124226,whitp102,whittpo01
124218,whitp103,whitnpi01
124185,whitr001,whitero02
124184,whitr002,whiteri01
124186,whitr101,whitero01
816646,whitr102,whitero03
124208,whits001,whitese01
457461,whits002,whitese02
694376,whits003,whitcsh01
124155,whits101,whitast01
124189,whits102,whitest01
124187,whits103,whitesa02
124188,whits104,whitesa01
506641,whits105,whiteso99
124211,whitt001,whitfte01
643603,whitt002,whitety01
816644,whitu101,whitl02
124204,whitw001,whitewa02
124225,whitw101,whittwa01
124195,whitw102,whitewa01
124194,whitw103,whitewi01
,whitw104,
124232,wicka101,wicklal01
124233,wickb001,wickmbo01
124230,wickb101,wickebo01
124231,wickd101,wickeda01
,wickd901,
816636,wicke101,wicksel01
124228,wickf101,wickefl01
816637,wickf102,wickwfr01
696136,wickj001,wicksjo01
124227,wickk001,wickake01
124229,wickk101,wickeke01
592858,wickr001,wickro01
642203,widet001,widenta01
124234,widgc001,widgech01
,widlm901,
124235,widma101,widmaal01
124236,widnw101,widnewi01
124237,wieat101,wieante01
623364,wiecb001,wieckbr01
124238,wiedc101,wiedech01
482213,wiedl701,
124240,wieds101,wiedmst01
124239,wiedt101,wiedeto01
124241,wiegt001,wieghto01
543921,wielj001,wielajo01
686894,wiemj001,wiemejo01
124242,wienj101,wieneja01
124243,wiesb101,wieslbo01
446308,wietm001,wietema01
124244,wietw101,wietewh01
124245,wigga001,wiggial01
124246,wiggj101,wiggsji01
816633,wiggj102,wiggijo01
816634,wiggr101,wiggiru01
424364,wiggs001,wiggisc01
421064,wiggt001,wiggity01
,wiggu901,
124247,wighb101,wightbi01
124248,wigif101,wiginfr01
124249,wihts101,wihtosa01
124251,wilbc101,wilbocl01
,wilbc901,
124250,wilbd101,wilbede01
124252,wilbt101,wilbote01
677961,wilcc001,wilcoco01
124253,wilcm001,wilcomi01
,wildj901,
621079,wilec001,wilesco01
816632,wiled101,wileydo01
816631,wilef101,wileyfr01
203737,wilej101,wiley01
816630,wilej102,wileyjo01
124256,wilem101,wileyma01
686249,wilen001,wilesna01
124254,wiler101,wilesra01
124257,wilfr001,wilforo01
124261,wilhh101,wilheho01
124259,wilhh102,wilheha01
124263,wilhj101,wilhojo01
124262,wilhj102,wilheji01
124260,wilhk101,wilheka01
124258,wilhs101,wilhesp01
452666,wilht001,wilheto01
124264,wilid101,wiliede01
573244,wilka001,wilkad01
519421,wilka002,wilkian01
658792,wilka003,wilkeaa01
124275,wilkb001,wilkibi01
150415,wilkb002,wilkebr01
124272,wilkb101,wilkibo01
124266,wilkc001,wilkecu01
124268,wilkd001,wilkide01
124273,wilke101,wilkied01
124269,wilke102,wilkier01
124265,wilkh101,wilkeha01
816627,wilkj101,wilkeji01
525732,wilkj701,
124267,wilkl101,wilkile01
124270,wilkm001,wilkima01
124271,wilkr001,wilkiri01
124274,wilkr101,wilkiro01
592859,wilks001,wilkest01
124276,wilkt101,wilkste01
431091,wilkt701,
124282,willa001,willial03
124349,willa002,willian01
657117,willa003,williau01
686294,willa004,william01
675961,willa005,willial04
124283,willa101,willial02
124353,willa102,willial01
124338,willa103,williac01
124285,willa104,williar01
816609,willa105,williad01
816608,willa107,willian02
,willa901,
124291,willb001,willibr01
124288,willb002,willibe02
682227,willb003,willibr02
810938,willb004,willibe03
124369,willb101,willsbu01
124347,willb102,willibi02
124337,willb103,willibo01
124290,willb104,willibi01
124289,willb105,willibe01
124277,willb106,willbo01
816602,willb107,willibo02
816599,willb108,willibu01
816607,willb109,willibi06
816604,willb110,willibi05
816603,willb111,willibo03
816605,willb112,
449838,willb801,
,willb901,
,willb902,
124356,willc001,willica01
700246,willc002,willica02
124292,willc101,willich01
124365,willc102,willocl01
124310,willc103,willicy01
124280,willc104,willeca01
816596,willc106,willich03
816593,willc107,willico01
816591,willc108,willicl02
816587,willc109,willicu01
816600,willc111,willic02
816595,willc112,
,willc901,
124295,willd001,willida06
400063,willd002,willida07
425883,willd003,willido03
642207,willd004,willide03
124294,willd101,willida05
124296,willd102,willida03
124299,willd103,willida02
124335,willd104,willidi02
124308,willd105,willide01
124307,willd106,willida01
124306,willd107,willidi01
124301,willd108,willido01
124300,willd109,willide02
124302,willd110,willido02
124358,willd111,willida04
124368,willd112,willsda01
816590,willd113,willido04
,willd801,
,willd902,
124305,wille001,willied01
124304,wille101,williea02
124303,wille102,williea01
124279,wille103,willeed01
816586,wille104,williel01
816584,wille106,williel02
124309,willf001,willifr01
124370,willf002,willsfr01
816581,willf101,willifr03
816583,willf102,willifr02
124314,willg001,willige02
124313,willg002,willige03
435403,willg003,willigl01
668909,willg004,williga01
124312,willg101,willige01
124287,willg102,willigu01
124286,willg103,willigu02
816578,willg104,willige04
816576,willg105,willige05
,willg901,
124352,willh101,williho01
124355,willh102,willihu01
124316,willh103,williha01
816575,willh104,willihe01
816577,willh105,williha02
816579,willh107,
124278,willj001,willaje01
237796,willj002,willije02
425532,willj003,willije01
425545,willj004,willijo03
519425,willj005,willija01
642211,willj006,williju02
124320,willj101,willijo02
124366,willj102,willoji01
124360,willj103,willijo01
124359,willj104,williji02
124354,willj105,williju01
124319,willj106,williji01
124318,willj107,williji03
124317,willj108,williji04
816563,willj109,willijo99
816568,willj110,williji06
816571,willj111,willibi04
816562,willj112,willijo06
816559,willj113,willijo07
816566,willj114,willije03
816564,willj115,willijo05
816565,willj116,willijo04
816533,willj117,williji05
492701,willj801,williji99
,willj802,
124322,willk001,willike02
124298,willk002,willike03
124321,willk101,willike01
124373,willk102,willski01
816561,willk103,williko01
663897,willl001,willilu01
124323,willl101,willile03
124361,willl102,willile04
124357,willl103,willile02
124293,willl104,willile01
816558,willl105,willile06
816554,willl106,willili02
820786,willl107,willile08
,willl108,willile07
816553,willl110,willilo01
816556,willl111,willile05
816560,willl112,willil05
816555,willl113,
816557,willl114,
607886,willl901,
124327,willm001,willima03
124329,willm002,willimi02
124326,willm003,willima04
124351,willm004,willima05
124328,willm005,willimi03
276370,willm006,willima09
592863,willm007,willima10
607776,willm008,willima11
124362,willm101,willimi01
124371,willm102,willsma01
124297,willm103,willimu01
124325,willm104,willima01
124324,willm105,willima02
816549,willm106,willime01
816552,willm107,willima12
816551,willm108,willimo01
608384,willn001,willini01
124281,willn101,willhni01
124350,willn102,willine01
816546,willn103,willini02
124330,willo101,williot01
124345,willp101,willipo01
124311,willp102,willipa01
816547,willp103,willipo02
816545,willp104,williph01
816622,willp105,willepe01
124333,willr001,willire01
124332,willr002,willire02
430942,willr003,willira01
435065,willr004,willire03
124334,willr101,williri03
124363,willr102,williro01
124336,willr103,williri02
124284,willr104,williri01
816544,willr105,williro02
816541,willr106,williro03
,willr801,
605674,willr901,
124339,wills001,willish01
150182,wills002,willisc01
124331,wills101,willist01
124340,wills102,willist02
816538,wills103,willist03
816542,wills104,willisa01
816540,wills105,
,wills801,
124343,willt001,willito02
592866,willt002,willitr01
592865,willt003,willita01
124342,willt101,willito01
124372,willt102,willste01
124341,willt103,willite01
816539,willt104,willito03
124367,willu101,wills01
124364,willv101,willivi01
124315,willw001,williwo02
124348,willw101,williwo01
124346,willw102,williwa01
124344,willw103,williwa02
816535,willw104,williwi02
816532,willw105,williwo03
816534,willw106,willili01
816530,wilma101,wilmoal01
124374,wilmp001,wilmepa01
124375,wilmw101,wilmowa01
543935,wilsa001,wilsoal01
124380,wilsa101,wilsoar02
124379,wilsa102,wilsoar01
124378,wilsa103,wilsoar03
816525,wilsa104,wilsoal02
816528,wilsa105,wilsoan01
451216,wilsb001,wilsobr01
435064,wilsb002,wilsobo02
669060,wilsb003,wilsobr02
124433,wilsb101,wilsobi03
124432,wilsb102,wilsobi01
124431,wilsb103,wilsobi02
124419,wilsb104,wilsobo01
816523,wilsb105,wilsobe01
124382,wilsc001,wilsocr01
150339,wilsc002,wilsocr02
346852,wilsc003,wilsocr03
450351,wilsc004,wilsocj01
680963,wilsc005,wilsoco01
124381,wilsc101,wilsoch02
124409,wilsc102,wilsoch01
816524,wilsc103,wilsoch03
816522,wilsc104,wilsoch04
124383,wilsd001,wilsoda01
124384,wilsd002,wilsode01
124386,wilsd101,wilsodu01
124385,wilsd102,wilsodo01
816521,wilsd103,wilsoda02
124388,wilse001,wilsoen01
124387,wilse101,wilsoed01
124420,wilse102,wilsoea01
816518,wilse103,wilsoel01
816519,wilse104,wilsoem01
816520,wilse105,
124390,wilsf101,wilsofr01
124389,wilsf102,wilsofi01
816517,wilsf103,wilsofe01
816513,wilsf104,wilsofr02
,wilsf901,
124398,wilsg001,wilsogl01
124392,wilsg002,wilsoga03
124397,wilsg101,wilsoge01
124405,wilsg102,wilsoga01
124400,wilsg103,wilsogr01
124393,wilsg104,wilsoga02
816511,wilsg105,
124402,wilsh101,wilsohi01
124412,wilsh102,wilsoha01
124401,wilsh103,wilsohe01
816510,wilsh104,wilsohu01
124396,wilsi101,wilsoic01
124406,wilsj001,wilsoji03
333292,wilsj002,wilsoja02
425543,wilsj003,wilsojo03
458677,wilsj004,wilsoju10
607111,wilsj005,wilsoja04
805779,wilsj006,wilsoja05
124408,wilsj101,wilsojo01
124410,wilsj102,wilsojo02
124407,wilsj103,wilsoja01
124404,wilsj104,wilsoji02
124403,wilsj105,wilsoji01
816505,wilsj106,wilsoju99
816504,wilsj107,wilsoji04
816506,wilsj108,wilsoja03
816508,wilsj109,wilsoj11
,wilsj901,
330892,wilsk001,wilsokr01
124411,wilsl101,wilsole01
816503,wilsl102,wilsole02
124434,wilsm001,wilsomo01
444125,wilsm002,wilsomi02
657129,wilsm003,wilsoma02
124413,wilsm101,wilsoma01
124430,wilsm102,wilsomu01
124423,wilsm103,wilsomi01
124415,wilsn001,wilsoni01
124424,wilsn101,wilsone01
816502,wilsn102,
657282,wilsn801,
124417,wilsp001,wilsopa02
133343,wilsp002,wilsopr01
124418,wilsp101,wilsope01
124416,wilsp102,wilsopa01
816501,wilsp103,wilsope02
124422,wilsr101,wilsoro01
124421,wilsr102,wilsore01
816500,wilsr103,
124425,wilss001,wilsost01
621051,wilss002,wilsost02
124395,wilss101,wilsosq01
124414,wilst001,wilsota01
124427,wilst002,wilsotr01
134263,wilst003,wilsoto02
592869,wilst004,wilsoty01
124426,wilst101,wilsoto01
124399,wilst102,wilsote01
124394,wilst103,wilsotu01
124377,wilst104,wilshte01
816497,wilst105,wilsoto03
136300,wilsv001,wilsova01
124435,wilsw001,wilsowi02
642215,wilsw002,wilsowe01
669717,wilsw003,wilsowi03
124429,wilsw101,wilsowi01
124428,wilsw102,wilsowa01
124376,wilsw103,wilshwh01
124391,wilsz101,wilsoze01
124437,wilth101,wiltsha01
124436,wilth102,wiltsho01
124438,wilts101,wiltssn01
592872,wimma001,wimmeal01
642216,winaa001,winanal01
,winam901,
124439,wince101,winceed01
124440,wincf101,winchfr01
670174,wincj001,winckjo01
124441,wincs001,winchsc01
124443,windb101,windlbi01
124442,windg101,windhgo01
448253,windj001,windsja01
680739,windj002,windejo01
124445,wineb101,winebo01
124446,winee101,wineaed01
124444,winer001,winero01
124447,winer101,winegra01
124448,winfd001,winfida01
124449,winfj101,winfoji01
124452,winga101,wingoal01
816493,wingd101,wingfda01
816494,wingd102,wingodo01
124453,winge101,wingoed01
124450,winge102,wingaer01
124454,wingi101,wingoiv01
622259,wingt001,wingetr01
124451,wingt101,wingfte01
124455,winhl101,winhala01
492702,winkb801,winklbo99
595465,winkd001,winklda01
124456,winkg101,winkege01
,winkg102,winklge01
206463,winkj001,winkejo01
608385,winkj002,winkeje01
676466,winkj003,winklja01
668390,winnc001,winnco01
124457,winng101,winnge01
124459,winnh001,winnihe01
124458,winnj001,winnji01
676775,winnk001,winnke01
691026,winnm001,winnma01
133160,winnr001,winnra01
816492,winsb101,winstbo01
124461,winsd001,winstda01
124462,winsh101,winstha01
816490,winsj102,winstja01
124460,winst101,winseto01
124464,wintc101,wintecl01
124463,wintg101,wintege01
124465,wintj101,winteje01
124466,wintm001,wintema01
427552,wintm901,
816489,wintn101,winteni01
124467,wirta101,wirthal01
,wirta901,
124468,wirtk101,wirtske01
621550,wisdp001,wisdopa01
124469,wisea101,wisear01
689172,wiseb001,wiselbr01
124476,wiseb101,wisebi01
124471,wisec101,wiseca01
276547,wised001,wisede01
124470,wiseh101,wisehu01
823823,wisel701,
277184,wisem001,wisema01
124472,wisen101,wiseni01
124473,wiser101,wiseri01
124474,wiser102,wisero01
124475,wises101,wisesa01
605538,wislm001,wislema01
124477,wisnj101,wisneja01
124478,wisnp101,wisneph01
124479,wissd101,wissmda01
124481,wistt101,wistete01
124480,wistw101,wistewh01
124482,witaj001,witasja01
124483,witem101,witekmi01
519437,withc001,withrch01
124487,withc101,withrco01
124484,withc102,withech01
124486,withf101,withrfr01
816491,withl101,withele01
124485,withr101,withero01
136865,withs001,whitesh01
124488,witmr001,witmero01
124492,wittb001,wittbo01
677951,wittb002,wittbo02
124494,wittj101,wittijo01
124493,wittj102,witteje01
136901,wittk001,wittke01
124491,wittm001,wittmi01
621295,wittn001,wittgni01
124489,wittr101,wittge01
124490,wittw101,wittwh01
124495,wockj001,wockejo01
124496,woeha101,woehran01
124497,woerj101,woerljo01
124499,wohlj001,wohlfji01
124498,wohlm001,wohlema01
592879,wojca001,wojcias01
124501,wojcj101,wojcijo01
124500,wojcs001,wojcist01
124502,wojep101,wojeype01
124503,wojne001,wojnaed01
124504,wolcb001,wolcobo01
511890,wolcq901,
430582,wolfb001,wolfebr01
124516,wolfb101,wolfebi01
124515,wolfb102,wolfeba01
124510,wolfc101,wolfech01
124509,wolfc102,wolfji01
124511,wolfe101,wolfeed01
124505,wolfe102,wolfer01
664991,wolfg001,wolfrgr01
124512,wolfh101,wolfeha01
680232,wolfj001,wolfja01
427554,wolfj901,
124513,wolfl101,wolfela01
124508,wolfl102,wolfle01
124518,wolfm101,wolfgme01
124514,wolfp101,wolfepo01
150116,wolfr001,wolfra02
448693,wolfr002,wolfro01
124506,wolfr101,wolfra01
124517,wolfr102,wolffro01
124507,wolfw101,wolfwa01
,wolge801,
124519,wolsa101,wolstab01
124520,wolth101,wolteha01
124521,woltr101,woltery01
547172,woltt001,wolteto01
124522,wolvh101,wolveha01
800934,womab701,
124524,womad101,womacdo01
816485,womag101,womacge01
816483,womaj101,womacja01
124525,womas101,womacsi01
124523,womat001,womacto01
657136,wongc001,wongco01
499125,wongg701,
673858,wongj001,wongja01
543939,wongk001,wongko01
642221,wongk002,wongke01
693433,woo-b001,woobr01
124558,wooda001,woodsal01
622072,wooda002,woodal02
124570,woodb001,woodwbo01
124545,woodb002,woodabr01
457420,woodb003,woodbr01
502028,woodb004,woodbl01
605540,woodb005,woodrbr01
124541,woodb101,woodbo01
,woodb102,
218595,woodc001,woodwch01
124559,woodc101,woodscl01
124555,woodd101,woodmda01
124566,woodd102,woodsdi01
124546,woodd103,woodada01
124528,woodd104,wooddo01
124530,woodf101,woodfr01
124569,woodf102,woodwfr01
124550,woodf103,woodcfr01
124560,woodg001,woodsga01
124554,woodg101,woodlge01
124551,woodg102,woodege01
124549,woodg103,woodbge01
124531,woodg104,woodge01
621056,woodh001,woodhu01
124552,woodh101,woodeha01
124532,woodh102,woodha01
133120,woodj001,woodja02
430646,woodj002,woodsja01
663765,woodj003,woodfja01
695578,woodj004,woodja03
124538,woodj101,woodjo03
124563,woodj102,woodsjo01
124562,woodj103,woodsji01
124537,woodj104,woodjo04
124536,woodj105,woodjo01
124534,woodj106,woodji01
124533,woodj107,woodja01
124535,woodj108,woodjo02
124568,woodk001,woodske01
134268,woodk002,woodke02
124539,woodk101,woodke01
124544,woodl101,woodala01
124547,woodm001,woodami01
430061,woodm002,woodmi01
434589,woodm003,woodyma01
124540,woodp101,woodpe01
124561,woodp102,woodspi01
124557,woodp103,woodrpe01
816478,woodp104,woodspa01
597076,woodp801,
124553,woodr101,woodhre01
124564,woodr102,woodsro01
124542,woodr103,woodro01
124548,woods001,woodast01
680573,woods002,woodssi01
124527,woods101,woodsp01
124556,woods102,woodrsa01
816479,woods103,woodssa01
124567,woodt001,woodstr01
124529,woodt002,woodte01
445971,woodt003,woodti01
475243,woodt004,woodtr01
816475,woodt101,woodsto01
524988,woodt901,
124526,woodu101,wood01
682016,woodw001,woodswi02
124571,woodw101,woodwwo01
124565,woodw102,woodswa01
124543,woodw103,woodwi01
816476,woodw104,woodswi01
124572,woolf101,wooldfl01
816474,wooll101,woolfle01
124573,wootj101,wooteju01
,wootn101,
543942,wootr001,wootero01
279564,woots001,wootesh01
124575,wordf101,wordsfa01
124574,wordf102,wordefr01
519443,workb001,workmbr01
124576,workc101,workmch01
669398,workg001,workmga01
124578,workh101,workmha01
124577,workh102,workmho01
124579,workr101,worksra01
474699,worlv001,worleva01
450312,worrm001,worrema01
124581,worrt001,worreto01
124580,worrt002,worreti01
124584,worta101,worthal01
124585,wortc001,worthcr01
124587,wortc101,wortmch01
519445,wortd001,worthda01
124582,worth101,worthhe01
124583,wortr101,worthri01
124586,wortr102,worthre01
642226,wothm001,wothema01
124588,wotur001,wotusro01
816473,woulc101,wouldch01
124589,woulj101,woulfji01
124591,wriga101,wrighab01
124590,wriga102,wrighal01
,wriga801,wrighal99
124610,wrigb101,wrighbo01
124618,wrigb102,wrighbi01
816466,wrigb103,wrighbr02
816460,wrigb104,wrighwi01
816465,wrigb105,wrighbr01
451657,wrigc001,wrighch01
124592,wrigc101,wrighcy01
124594,wrigc102,wrighcl01
216106,wrigd001,wrighda02
431151,wrigd002,wrighda03
642229,wrigd003,wrighda04
124616,wrigd101,wrighdi01
124595,wrigd102,wrighda01
124599,wrige101,wrighed01
124598,wrigg001,wrighge03
124597,wrigg101,wrighge01
124596,wrigg102,wrighgl01
124593,wrigg103,wrighge02
816463,wrigg104,
124617,wrigh101,wrighha01
816462,wrigh102,wrighhe01
124604,wrigj001,wrighja01
124605,wrigj002,wrighja02
124602,wrigj101,wrighji03
124606,wrigj102,wrighjo01
124601,wrigj103,wrighji02
124600,wrigj104,wrighji01
816464,wrigj105,wrighjo02
657140,wrigk001,wrighky01
124607,wrigk101,wrighke01
124619,wrigl101,wrighlu01
605541,wrigm001,wrighmi01
124608,wrigm101,wrighme01
816461,wrigm102,wrighmo01
,wrigm901,
124609,wrigp101,wrighpa01
124603,wrigr001,wrighri01
150263,wrigr002,wrighro02
124611,wrigr101,wrighro01
124621,wrigr102,wrighru01
124620,wrigr103,wrighra01
124615,wrigr104,wrighra02
816458,wrigr105,wrighre01
453214,wrigs001,wrighst01
124612,wrigs101,wrighsa01
124614,wrigt101,wrighto01
124613,wrigt102,wrighta01
,wrigu901,
449079,wrigw001,wrighwe01
124622,wrigz101,wriglze01
816459,wrigz102,wrighzo01
680736,wrobj001,wroblju01
124623,wronr001,wronari01
430900,wuerm001,wuertmi01
124624,wuesy101,wuestya01
279823,wunsk001,wunscke01
124625,wurmf101,wurmfr01
124628,wyatj101,wyattjo01
124626,wyatj102,wyattjo02
816456,wyatr101,wyattra01
124627,wyatw101,wyattwh01
124629,wyckj101,wyckowe01
,wycou901,
124630,wylir101,wyliere01
816453,wylis101,wyliest01
124631,wymaf101,wymanfr01
124632,wyneb001,wynegbu01
642851,wynna001,wynnsau01
124637,wynnb101,wynnebi01
124635,wynnb102,wynnebi02
124633,wynne101,wynnea01
124634,wynnj101,wynnji01
124636,wynnm001,wynnema01
691094,wynnr001,wynnera01
816452,wynnw101,wynnwi01
124638,wyroj101,wyrosjo01
124639,wyseh101,wyseha01
124640,wysob101,wysonbi01
816448,xiqul101,xiquele01
435158,yabuk001,yabuke01
493161,yabuy001,yabutya01
642231,yacaj001,yacabji01
124641,yaikh101,yaikhe01
664337,yajum001,yajurmi01
124642,yalea101,yalead01
657141,yamaj001,yamamjo01
685493,yamas001,yamagsh01
808967,yamay001,yamamyo01
124643,yan-e001,yanes01
816450,yancb101,yancebi01
124644,yanch101,yancyhu01
687066,yange001,yanger01
660365,yangh001,yanghy01
124645,yankg101,yankoge01
124646,yantg101,yantzge01
816444,yarbg101,yarboge01
642232,yarbr001,yarbrry01
642233,yarde001,yardler01
150097,yarne001,yarnaed01
124647,yarnr101,yarnaru01
124648,yarrr101,yarriru01
124649,yaryy101,yaryaya01
124650,yastc101,yastrca01
573262,yastm001,yastrmi01
124651,yatea101,yatesal01
489446,yatek001,yateski01
407884,yatet001,yatesty01
124652,yde-e101,ydeem01
124653,yeabb101,yeabsbe01
124654,yeagg101,yeagege01
124655,yeagj101,yeagejo01
124656,yeags001,yeagest01
124657,yeara101,yeargal01
,yeasd901,
124658,yeatb101,yeatmbi01
124659,yelde001,yeldier01
592885,yelic001,yelicch01
124660,yella101,yellear01
124662,yellc101,yelloch01
124661,yelll101,yellela01
660766,yepej001,yepezju01
124663,yerkc101,yerkeca01
124665,yerks101,yerkest02
124664,yerks102,yerkest01
702056,yesat001,yesavtr01
124666,yettr001,yettri01
124667,yewct101,yewcito01
124668,yewee101,yeweled01
,yingc101,yinglch01
124669,yinge101,yinglea01
124670,yingj101,yingljo01
593679,ynoag001,ynoaga01
660623,ynoah001,ynoahu01
573589,ynoam001,ynoami01
501255,ynoar001,ynoara01
124671,yochl101,yochile01
124672,yochr101,yochira01
124673,yoheb101,yohebi01
684974,yohoc001,yohocr01
816442,yokel101,yokella01
124676,yorkj101,yorkji01
816440,yorkj102,yorkji02
124675,yorkl101,yorkle01
124677,yorkm001,yorkmi01
694377,yorkn001,yorkeni01
124678,yorkr101,yorkru01
124679,yorkt101,yorkto01
124674,yorkt102,yorkto02
134180,yoshm001,yoshima01
807799,yoshm002,yoshima02
124681,yoste001,yostne01
124682,yoste101,yosted01
124680,yostg101,yostgu01
124683,yotee101,yoterel01
425903,youkk001,youklke01
124684,youmf001,youmafl01
456558,youms001,youmash01
124685,youna001,youngan01
622065,youna002,youngal01
670370,youna003,youngan02
816439,youna101,youngad01
687064,younb001,youngbr01
124712,younb101,youngbo01
124709,younb102,youngba01
816436,younb103,youngbu01
,younb901,
124689,younc001,youngcu01
124688,younc002,youngcl01
432934,younc003,youngch03
455759,younc004,youngch04
702284,younc005,youngco01
124714,younc101,youngch02
124692,younc102,youngcy01
124687,younc103,youngch01
459314,younc801,
124693,yound001,youngdm01
277415,yound002,youngda01
430321,yound003,youngde03
434704,yound004,youngde04
664849,yound005,youngda02
124711,yound101,youngdi01
124719,yound102,yountdu01
124694,yound103,youngdo01
124691,yound104,youngde01
124690,yound105,youngde02
124695,youne001,younger01
124696,youne002,younger02
458913,youne003,younger03
124718,youne101,younted01
816435,youne102,younged01
816433,younf101,
124698,young001,youngge02
124697,young101,youngge01
124700,younh101,younghe02
124716,younh102,younghe01
124699,younh103,youngha01
816432,younh104,youngha02
124701,youni101,youngir01
124715,younj001,youngjo02
408221,younj002,youngja01
676724,younj003,youngja02
696285,younj004,youngja03
124703,younj101,youngjo01
124702,younj102,youngj.01
493726,younj701,
,younj901,
124704,younk001,youngke01
124705,younk101,youngki01
124720,younl101,yountla01
816430,younl102,youngle01
816428,younl103,youngle02
427556,younl901,
124707,younm001,youngma01
124708,younm002,youngmi01
276545,younm003,youngmi02
457568,younm004,youngma02
572283,younm005,youngma03
816429,younm101,youngma04
816427,younn101,youngno01
492703,younn801,youngni99
124686,younp001,youngpe02
124706,younp101,youngpe01
124721,younr001,yountro01
124717,younr101,youngro01
124713,younr102,youngru01
124710,younr103,youngra01
136662,yount001,youngti01
816426,yount101,youngto01
816425,yount102,youngto02
425488,younw001,youngwa01
816423,younw101,youngwi01
816424,younw102,youngwp99
124722,yowec101,yowelca01
124723,yuhae101,yuhased01
124724,yuraj101,yurakje01
,yurca101,
124725,yvars101,yvarssa01
656008,zabaa001,zabalan01
124726,zabaa101,zabalad01
124727,zabez101,zabelzi01
124730,zachc101,zachach02
124728,zachc102,zachach01
124731,zache101,zacheel01
124732,zachp001,zachrpa01
124729,zacht101,zachato01
,zacht901,
124733,zackg101,zackege01
489448,zagum001,zagurmi01
657145,zagum002,zagunma01
124735,zahnf101,zahnefr01
124734,zahng001,zahnge01
124736,zahnp101,zahnipa01
124737,zak-f101,zakfr01
124738,zaluj101,zalusja01
407296,zambc001,zambrca01
124739,zambe001,zambred01
406913,zambv001,zambrvi01
124740,zamlc101,zamloca01
623354,zamod001,zamorda01
124741,zamoo101,zamoros01
124742,zannd101,zannido01
816420,zappj101,zappji01
124743,zapuj101,zapusjo01
473156,zaram001,zaratma01
124744,zardj101,zardojo01
124745,zaria101,zarilal01
124746,zaskj001,zaskeje01
642239,zastr001,zastrro01
124747,zaucn101,zauchno01
124748,zaung001,zaungr01
124749,zavac001,zavarcl01
501826,zavac002,zavadcl01
664874,zavas001,zavalse01
431092,zaveb701,
453368,zawal001,zawadla01
124750,zay-u101,zay01
124751,zdebj101,zdebjo01
655795,zdurj701,
124752,zeard101,zearfda01
124753,zebeg101,zeberge01
666171,zefer001,zeferry01
473646,zeidj001,zeidjo01
124754,zeidr101,zeidero01
,zeihh101,zeihehe01
124755,zeilt001,zeileto01
124756,zeism101,zeisema01
124757,zellb101,zelleba01
,zellr101,
124758,zeppb101,zeppbi01
345792,zerbc001,zerbech01
124759,zerng101,zernigu01
672582,zerpa001,zerpaan01
124760,zettg101,zettlge01
643615,zeuct001,zeuchtj01
700452,zibed701,
124761,zickb101,zickbo01
446899,ziegb001,zieglbr01
124762,ziegc101,zieglch01
124763,ziegg101,zieglge01
124764,ziems001,ziemst01
124765,zienb101,zientbe01
124766,ziesb101,ziesbi01
605548,zimmb001,zimmebr01
669145,zimmb002,zimmebr02
124773,zimmb101,zimmebi01
124767,zimmc101,zimmech01
124768,zimmd101,zimmedo01
124769,zimme101,zimmeed01
124771,zimmh101,zimmehe01
150293,zimmj001,zimmeje02
150131,zimmj002,zimmejo01
519455,zimmj003,zimmejo02
124770,zimmj101,zimmeje01
622092,zimmk001,zimmeky01
475582,zimmr001,zimmery01
124772,zimmr101,zimmero01
,zimmt801,
468402,zinkc001,zinkch01
124774,zinkw101,zinkwa01
124775,zinnf101,zinnfr01
124776,zinng101,zinngu01
124777,zinnj101,zinnji01
124778,zinsb101,zinsebi01
150043,zinta001,zinteal01
124779,zipfb101,zipfebu01
,zirbl901,
124780,ziskr101,ziskri01
217096,zitob001,zitoba01
124781,zitzb101,zitzmbi01
,zivid901,
124782,zmice101,zmiched01
450314,zobrb001,zobribe01
430261,zoccp001,zoccope01
124783,zolds101,zoldasa01
816415,zompc101,zomphch01
124784,zoske001,zoskyed01
124786,zubeb101,zuberbi01
124785,zubej001,zuberjo01
676604,zubet001,zuberty01
,zuccr901,
275936,zulej001,zuletju01
691172,zuluy001,zulueyo01
451491,zumaj001,zumayjo01
430830,zumwa801,
670871,zunig001,zuniggu01
572287,zunim001,zuninmi01
124787,zupcb001,zupcibo01
124788,zupof101,zupofr01
124790,zuveg101,zuverge01
124789,zuvep001,zuvelpa01
124791,zwild101,zwilldu01
543964,zycht001,zychto01
836268,zydoe101,
